{"type":"FeatureCollection","features":[{"type":"Feature","id":1,"geometry":{"type":"LineString","coordinates":[[4.3609510000000569,51.220710000000054],[4.3601130000000694,51.220698000000027],[4.3600650000000201,51.220608000000027],[4.3598740000000475,51.220475000000079],[4.3597380000000499,51.220506000000057],[4.35908900000004,51.220468000000039],[4.3579000000000292,51.220320000000072],[4.3572830000000522,51.220279000000062],[4.3542070000000308,51.220237000000054],[4.3526790000000233,51.220182000000079],[4.3512210000000664,51.220155000000034],[4.3507250000000681,51.220156000000031],[4.3504500000000235,51.220189000000062],[4.3502620000000434,51.220186000000069],[4.3501340000000255,51.220161000000076],[4.3498930000000655,51.220159000000081],[4.3495970000000739,51.220177000000035],[4.3488960000000247,51.220147000000054],[4.3471910000000662,51.220120000000065],[4.3466130000000476,51.220113000000026],[4.3463320000000749,51.220108000000039],[4.3463220000000433,51.220148000000052],[4.3461530000000721,51.220219000000043],[4.3457820000000424,51.22055000000006],[4.3456020000000422,51.22063600000007],[4.3450130000000513,51.221114000000057],[4.3449850000000652,51.221100000000035],[4.3448540000000548,51.221201000000065],[4.3445370000000594,51.221039000000076],[4.3444000000000642,51.221181000000058],[4.3442510000000425,51.221239000000025],[4.3441980000000626,51.221315000000061],[4.3442750000000387,51.22157500000003],[4.344376000000068,51.221705000000043],[4.3444740000000479,51.22208500000005],[4.3446100000000456,51.222252000000026],[4.344626000000062,51.222272000000032],[4.3446050000000582,51.222737000000052],[4.3447850000000585,51.22282800000005],[4.3449900000000525,51.222895000000051],[4.3450990000000616,51.222965000000045],[4.3463550000000737,51.223266000000081],[4.3465230000000474,51.223334000000079],[4.3479410000000485,51.223928000000058],[4.3481270000000336,51.224031000000082],[4.3482820000000402,51.224167000000079],[4.3484890000000291,51.224232000000029],[4.3488140000000612,51.224361000000044],[4.3487930000000574,51.224450000000047],[4.3486610000000496,51.224703000000034],[4.348521000000062,51.22485800000004],[4.3484200000000328,51.225069000000076],[4.3482750000000578,51.225603000000035],[4.3482570000000464,51.225850000000037],[4.3478670000000648,51.225906000000066],[4.347658000000024,51.225913000000048],[4.3475240000000213,51.225917000000038],[4.3471910000000662,51.22593500000005],[4.3467980000000352,51.225866000000053],[4.3456280000000334,51.225814000000071],[4.3452980000000707,51.225758000000042],[4.3445410000000493,51.225750000000062],[4.3442730000000438,51.225758000000042],[4.3438010000000418,51.225657000000069],[4.3434650000000374,51.225539000000026],[4.3433450000000562,51.225657000000069],[4.3428560000000402,51.226382000000058],[4.3427780000000666,51.226603000000068],[4.3425970000000689,51.226658000000043],[4.3426160000000209,51.22690700000004],[4.3424950000000422,51.227081000000055],[4.3423890000000256,51.227130000000045],[4.3412850000000276,51.227262000000053],[4.3409790000000612,51.227242000000047],[4.3409140000000548,51.227191000000062],[4.340748000000076,51.227158000000031],[4.3406760000000304,51.227193000000057],[4.3404990000000225,51.227189000000067],[4.3404860000000554,51.227082000000053],[4.3402870000000462,51.227037000000053],[4.3400230000000306,51.227573000000064],[4.3382010000000264,51.227604000000042],[4.337833000000046,51.22758900000008],[4.3376950000000534,51.227555000000052],[4.3372290000000362,51.227363000000082],[4.3369240000000673,51.227307000000053],[4.3349550000000363,51.227330000000052],[4.3346040000000698,51.227376000000049],[4.3342470000000617,51.227480000000071],[4.333878000000027,51.22755200000006],[4.3325250000000324,51.22774400000003],[4.3315560000000346,51.22786300000007],[4.3276100000000497,51.228268000000071],[4.3266310000000203,51.228349000000037],[4.3250500000000329,51.228352000000029],[4.3242780000000494,51.228415000000041],[4.3234710000000405,51.228551000000039],[4.3224920000000679,51.228822000000036],[4.3224440000000754,51.228774000000044],[4.3223590000000627,51.228748000000053],[4.3192180000000349,51.228593000000046],[4.3182160000000636,51.228574000000037],[4.3174370000000408,51.228617000000042],[4.3174010000000749,51.228612000000055],[4.3143990000000372,51.228813000000059],[4.3115280000000666,51.229149000000064],[4.3084040000000527,51.229547000000082],[4.3068420000000742,51.229711000000066],[4.3060880000000452,51.229894000000058],[4.3056360000000495,51.229909000000077],[4.3053540000000226,51.229046000000039],[4.3052970000000528,51.228364000000056],[4.303476000000046,51.228502000000049],[4.3028500000000349,51.228585000000066],[4.3017390000000546,51.228632000000061],[4.3014340000000288,51.228779000000031],[4.3012530000000311,51.228911000000039],[4.3004030000000739,51.230755000000045],[4.3003180000000611,51.230878000000075],[4.300168000000042,51.230963000000031],[4.2998290000000452,51.230997000000059],[4.2996990000000324,51.230981000000043],[4.2995310000000586,51.230959000000041],[4.2993570000000432,51.231683000000032],[4.299314000000038,51.231749000000036],[4.299205000000029,51.231826000000069],[4.2990310000000704,51.231888000000026],[4.2975610000000302,51.232166000000063],[4.2960430000000542,51.232507000000055],[4.2954070000000684,51.232680000000073],[4.2931110000000672,51.233315000000061],[4.2910270000000423,51.233951000000047],[4.2909290000000624,51.233959000000027],[4.2907760000000508,51.233967000000064],[4.2878020000000561,51.234826000000055],[4.2851990000000342,51.235727000000054],[4.2847290000000271,51.235867000000042],[4.2842350000000238,51.235962000000029],[4.2835980000000404,51.236066000000051],[4.2825830000000451,51.236278000000027],[4.2822010000000432,51.236443000000065],[4.2814270000000647,51.236926000000039],[4.2812340000000404,51.236953000000028],[4.2810430000000679,51.236924000000045],[4.280332000000044,51.236613000000034],[4.2801580000000286,51.236587000000043],[4.2800200000000359,51.236601000000064],[4.2794590000000312,51.236871000000065],[4.2792360000000258,51.236930000000029],[4.278961000000038,51.237038000000041],[4.2792080000000396,51.237313000000029],[4.2794030000000589,51.237483000000054],[4.2797220000000493,51.237744000000077],[4.2798150000000419,51.237879000000078],[4.2801200000000676,51.239020000000039],[4.2803410000000213,51.239645000000053],[4.2802650000000426,51.23969100000005],[4.2800510000000713,51.239733000000058],[4.276328000000035,51.240341000000058],[4.27563600000002,51.240425000000073],[4.2742980000000443,51.240536000000077],[4.2725590000000579,51.240601000000026],[4.2708050000000526,51.240638000000047],[4.2707310000000689,51.240617000000043],[4.2706310000000371,51.240536000000077],[4.2704240000000482,51.239969000000031],[4.270334000000048,51.239599000000055],[4.270227000000034,51.238761000000068],[4.2703950000000646,51.238177000000064],[4.2703060000000619,51.238141000000041],[4.2699590000000285,51.238112000000058],[4.270020000000045,51.238620000000026],[4.2699490000000537,51.238622000000078],[4.2700100000000702,51.239928000000077],[4.2700100000000702,51.239929000000075],[4.2700480000000312,51.24024200000008],[4.2701950000000579,51.240757000000031],[4.2702300000000264,51.240833000000066],[4.2703070000000594,51.241003000000035],[4.2703580000000443,51.24112000000008],[4.2706150000000207,51.241677000000038],[4.2707510000000752,51.241848000000061],[4.2708010000000627,51.241945000000044],[4.2708410000000754,51.242021000000079],[4.2710790000000429,51.24233600000008],[4.2717090000000439,51.243119000000036],[4.2728670000000761,51.244525000000067],[4.2727190000000519,51.244568000000072],[4.2726650000000745,51.244579000000044],[4.2724610000000212,51.244571000000064],[4.2723560000000589,51.244532000000049],[4.2720060000000331,51.244121000000064],[4.2718600000000606,51.24401400000005],[4.2716540000000691,51.243955000000028],[4.2716300000000729,51.243824000000075],[4.2714850000000411,51.243654000000049],[4.2713210000000572,51.243542000000048],[4.2710360000000378,51.24344300000007],[4.2703610000000367,51.243376000000069],[4.2691490000000272,51.243310000000065],[4.2679300000000353,51.243310000000065],[4.264295000000061,51.243478000000039],[4.263872000000049,51.243448000000058],[4.2634900000000471,51.24348800000007],[4.2619210000000294,51.243855000000053],[4.2616360000000668,51.244038000000046],[4.2615470000000641,51.24422700000008],[4.2603920000000244,51.244853000000035],[4.2602840000000697,51.245002000000056]]},"properties":{"OBJECTID":1,"Name":"Spaak 13","Descript":"","Type":"TRKPT","Shape_Length":0.13703975411497668,"Field":10.695164929252105}},{"type":"Feature","id":2,"geometry":{"type":"LineString","coordinates":[[4.3160769940000705,51.168084004000036],[4.3160469940000326,51.168091004000075],[4.3159379940000235,51.168118004000064],[4.3157929940000486,51.16815000400004],[4.315492994000067,51.168006004000063],[4.3153539940000201,51.167877004000047],[4.3149649940000359,51.167376004000062],[4.3147459940000203,51.167162004000033],[4.3145889940000757,51.16717000400007],[4.3144959940000263,51.16717400400006],[4.3136659940000754,51.16735800400005],[4.3130349940000201,51.167490004000058],[4.3127449940000702,51.167138004000037],[4.3123489940000468,51.167244004000054],[4.3118429940000738,51.167095004000032],[4.311631994000038,51.167425004000052],[4.3109819940000307,51.167606004000049],[4.3107279940000467,51.16768100400003],[4.3106419940000364,51.167545004000033],[4.3097319940000602,51.167810004000046],[4.308761994000065,51.16808900400008],[4.3088509940000677,51.16813800400007],[4.3089499940000451,51.168300004000059],[4.3092879940000444,51.168738004000033],[4.3083699940000315,51.169068004000053],[4.308289994000063,51.168972004000068],[4.3077949940000622,51.169132004000062],[4.3074199940000426,51.169431004000046],[4.3074189940000451,51.169432004000043],[4.3070909940000206,51.169576004000078],[4.3069249940000418,51.169585004000055],[4.3058039940000299,51.16939500400008],[4.3049339940000664,51.169300004000036],[4.3044409940000605,51.169404004000057],[4.3038779940000609,51.169529004000026],[4.3026719940000362,51.169908004000035],[4.3016679940000699,51.169398004000072],[4.3014989940000419,51.16936600400004],[4.3004039940000212,51.169273004000047],[4.2979069940000727,51.169161004000046],[4.2970629940000435,51.169139004000044],[4.2962789940000334,51.169166004000033],[4.2961449940000307,51.169188004000034],[4.2957719940000629,51.169408004000047],[4.2954319940000687,51.169696004000059],[4.2952329940000595,51.169923004000054],[4.2949139940000691,51.170020004000037],[4.294238994000068,51.170314004000033],[4.2934499940000705,51.170610004000082],[4.2933629940000628,51.170669004000047],[4.2933209940000552,51.170659004000072],[4.2926459940000541,51.170804004000047],[4.2924889940000526,51.17079100400008],[4.2923119940000447,51.170709004000059],[4.2915399940000611,51.170130004000043],[4.2914419940000244,51.169978004000029],[4.2913219940000431,51.169514004000064],[4.2912259940000581,51.169390004000036],[4.2910609940000199,51.169261004000077],[4.2891609940000421,51.168441004000044],[4.2886699940000312,51.168173004000039],[4.2882329940000545,51.168338004000077],[4.2875839940000446,51.168631004000076],[4.2874119940000242,51.168732004000049],[4.2872869940000555,51.169234004000032],[4.2867449940000597,51.170513004000043],[4.2866069940000671,51.170732004000058],[4.2864439940000238,51.170917004000046],[4.2843479940000293,51.172449004000043],[4.2849939940000468,51.172655004000035],[4.2878119940000374,51.173738004000029],[4.2877169940000499,51.173851004000028],[4.2868939940000246,51.174863004000031],[4.2867429940000648,51.174921004000055],[4.2862759940000501,51.174949004000041],[4.2860779940000384,51.175056004000055],[4.2858979940000381,51.175266004000036],[4.285476994000021,51.176014004000081],[4.2850829940000494,51.176606004000064],[4.2847909940000477,51.176837004000049],[4.2834949940000229,51.17755300400006],[4.283441994000043,51.177579004000052],[4.2827899940000407,51.177947004000032],[4.2827469940000356,51.178006004000054],[4.2824629940000705,51.177954004000071],[4.2820389940000609,51.177823004000061],[4.2818839940000544,51.177820004000068],[4.2818089940000732,51.177783004000048],[4.2807949940000753,51.176996004000046],[4.2806609940000726,51.176942004000068],[4.2805209940000282,51.176959004000082],[4.2800709940000274,51.177211004000071],[4.2799959940000463,51.177224004000038],[4.279909994000036,51.177194004000057],[4.2785629940000263,51.176276004000044],[4.2775599940000575,51.175677004000079],[4.2770559940000226,51.175425004000033],[4.2762669940000251,51.175082004000046],[4.2750139940000622,51.174493004000055],[4.2737489940000728,51.174140004000037],[4.2733489940000595,51.174031004000028],[4.2732469940000328,51.173981004000041],[4.2731879940000681,51.173920004000081],[4.2731589940000276,51.173786004000078],[4.2730059940000729,51.17365800400006],[4.2724609940000278,51.173634004000064],[4.2718709940000394,51.173730004000049],[4.2711789940000244,51.173775004000049],[4.2706239940000614,51.173779004000039],[4.2678099940000607,51.17302000400008],[4.2673009940000384,51.172925004000035],[4.2668959940000377,51.17287400400005],[4.2667669940000224,51.172835004000035],[4.266699994000021,51.17277600400007],[4.2666919940000412,51.172681004000026],[4.2665929940000638,51.172583004000046],[4.2653129940000554,51.172279004000075],[4.2647769940000444,51.172095004000028],[4.2631509940000569,51.171675004000065],[4.2631129940000392,51.171609004000061],[4.2635049940000727,51.17069400400004],[4.2638269940000555,51.169734004000077],[4.2641139940000699,51.169200004000061],[4.264201994000075,51.169138004000047],[4.2633099940000534,51.169059004000076],[4.262990994000063,51.169054004000031],[4.262360994000062,51.169105004000073],[4.2615769940000519,51.169265004000067],[4.260280994000027,51.169630004000055],[4.2597989940000502,51.169801004000078],[4.2594449940000345,51.16995100400004],[4.2571559940000725,51.170966004000036],[4.2560599940000543,51.171470004000071],[4.2549269940000727,51.171933004000039],[4.2536909940000669,51.172294004000037],[4.2536549940000441,51.172432004000029],[4.2536759940000479,51.172744004000037],[4.2538249940000696,51.173086004000027],[4.2540849940000385,51.173323004000054],[4.2545339940000417,51.173604004000026],[4.2548029940000447,51.173963004000029],[4.2550379940000198,51.174128004000067],[4.2558589940000502,51.174576004000073],[4.2561639940000759,51.174714004000066],[4.2563789940000447,51.174765004000051],[4.2583379940000441,51.175162004000072],[4.2587169940000535,51.175096004000068],[4.2595889940000689,51.175147004000053],[4.2597509940000577,51.175174004000041],[4.2591139940000744,51.176468004000071],[4.2587559940000688,51.177388004000079],[4.258546994000028,51.178073004000055],[4.2585889940000357,51.178134004000071],[4.2586749940000459,51.178172004000032],[4.2594989940000687,51.178156004000073],[4.2596709940000324,51.17816100400006],[4.2598169940000616,51.178204004000065],[4.2598769940000238,51.178290004000075],[4.2600999940000293,51.179033004000075],[4.2602719940000497,51.179403004000051],[4.260562994000054,51.179725004000034],[4.2611669940000638,51.18010900400003],[4.2613409940000224,51.181030004000036],[4.2613429940000742,51.181243004000066],[4.2612949940000249,51.181457004000038],[4.2610539940000649,51.181812004000051],[4.2607869940000569,51.182078004000061],[4.2607009940000466,51.182207004000077],[4.260562994000054,51.182541004000029],[4.26035799400006,51.182547004000071],[4.2600649940000608,51.182593004000069],[4.2578509940000231,51.183116004000055],[4.2576049940000757,51.183225004000064],[4.2568209940000656,51.183735004000027],[4.2564719940000373,51.18390600400005],[4.2560939940000253,51.184005004000028],[4.255456994000042,51.184123004000071],[4.2550699940000527,51.184166004000076],[4.2545469940000658,51.184189004000075],[4.2541689940000538,51.184193004000065],[4.2534999940000375,51.184155004000047],[4.2518379940000273,51.184023004000039],[4.2515189940000369,51.183948004000058],[4.2513329940000517,51.184399004000056],[4.2512469940000415,51.184705004000079],[4.2511939940000616,51.18571800400008],[4.2512549940000213,51.185851004000028],[4.2513259940000694,51.186007004000032],[4.2515589940000496,51.186309004000066],[4.2516649940000661,51.186679004000041],[4.2517389940000498,51.186793004000037],[4.2516909940000573,51.186957004000078],[4.2503869940000527,51.189118004000079],[4.2481329940000592,51.18836000400006],[4.2475009940000632,51.189473004000035],[4.2474139940000555,51.189730004000069],[4.2473559940000314,51.189923004000036],[4.2472819940000477,51.190059004000034],[4.247205994000069,51.190119004000053],[4.2455619940000702,51.190057004000039],[4.2454759940000599,51.190090004000069],[4.2454129940000485,51.190189004000047],[4.2452229940000734,51.191536004000056],[4.2449469940000313,51.191630004000046],[4.2448979940000413,51.191677004000042],[4.2448949940000489,51.192373004000046],[4.2447299940000676,51.195388004000051],[4.2445189940000319,51.196323004000078],[4.244527994000066,51.196401004000052],[4.2441409940000199,51.196361004000039],[4.2437579940000205,51.196310004000054],[4.243506994000029,51.196258004000072],[4.2433899940000401,51.196234004000075],[4.2433179940000514,51.196192004000068],[4.2430189940000673,51.196122004000074],[4.2421799940000255,51.19744800400008],[4.2415139940000586,51.198496004000049],[4.2412949940000431,51.198797004000028],[4.2411809940000467,51.198988004000057],[4.240132994000021,51.200689004000026],[4.2395559940000567,51.201628004000042],[4.2397239940000304,51.201736004000054],[4.2397769940000671,51.201837004000026],[4.2399379940000586,51.201978004000068],[4.2404379940000467,51.202117004000058],[4.2405929940000533,51.202159004000066],[4.2411769940000568,51.202407004000065],[4.2410999940000238,51.202497004000065],[4.2408749940000234,51.202559004000079],[4.2408929940000348,51.202615004000052],[4.2408009940000397,51.202615004000052],[4.2408009940000397,51.202671004000081],[4.2404169940000429,51.202600004000033],[4.2384259940000675,51.202002004000065],[4.2370499940000741,51.20158800400003],[4.2363459940000325,51.201366004000079],[4.2357269940000606,51.201169004000064],[4.23615499400006,51.200701004000052],[4.2365539940000758,51.200317004000055],[4.2367149940000672,51.200133004000065],[4.2367289940000319,51.200070004000054],[4.2361959940000702,51.199931004000064],[4.2358489940000368,51.199756004000051],[4.2356769940000731,51.199548004000064],[4.2356249940000339,51.19940400400003],[4.2356309940000756,51.199267004000035],[4.2354639940000425,51.199187004000066],[4.2349599940000644,51.198816004000037],[4.2345029940000245,51.198644004000073],[4.2341909940000733,51.198580004000064],[4.2338299940000752,51.198524004000035],[4.2328409940000711,51.198492004000059],[4.2324299940000287,51.198452004000046],[4.2293979940000668,51.197991004000073],[4.2273539940000546,51.197770004000063],[4.2257369940000444,51.197425004000081],[4.2250939940000762,51.197348004000048],[4.2247349940000731,51.197275004000062]]},"properties":{"OBJECTID":2,"Name":"Spaak 12","Descript":"","Type":"TRKPT","Shape_Length":0.15863300716436665,"Field":13.238044024937617}},{"type":"Feature","id":3,"geometry":{"type":"LineString","coordinates":[[4.3160769940000705,51.168084004000036],[4.3154399940000303,51.167281004000074],[4.3148929940000471,51.166641004000041],[4.3133179940000446,51.164798004000033],[4.3117959940000219,51.16296000400007],[4.3116919940000571,51.162694004000059],[4.3119189940000524,51.162641004000079],[4.3104539940000564,51.160947004000036],[4.3096959940000374,51.16000000400004],[4.3096129940000765,51.159896004000075],[4.3092479940000317,51.159341004000055],[4.3089399940000703,51.158749004000072],[4.3088309940000613,51.158426004000034],[4.3085029940000368,51.157447004000062],[4.3084079940000493,51.156838004000065],[4.3083629940000492,51.155932004000078],[4.3081239940000273,51.155129004000059],[4.3081159940000475,51.15493400400004],[4.3081529940000678,51.15488100400006],[4.3081629940000425,51.154823004000036],[4.3080809940000222,51.154769004000059],[4.3077479940000671,51.152931004000038],[4.3077219940000759,51.152385004000053],[4.3078959940000345,51.151934004000054],[4.3080519940000386,51.151683004000063],[4.3085259940000356,51.151068004000081],[4.3086709940000674,51.150760004000063],[4.3087349940000763,51.150477004000038],[4.3087569940000208,51.15020600400004],[4.3086609940000358,51.149561004000077],[4.3084049940000568,51.147836004000055],[4.3083019940000327,51.146673004000036],[4.3081979940000679,51.145914004000076],[4.3079959940000663,51.145067004000055],[4.3080859940000664,51.145079004000081],[4.3081539940000653,51.145184004000043],[4.3086129940000433,51.146404004000033],[4.308430994000048,51.145264004000069],[4.3083399940000504,51.145028004000039],[4.3078589940000711,51.144410004000065],[4.3084519940000519,51.144250004000071],[4.3112109940000209,51.143711004000068],[4.3174529940000639,51.142532004000032],[4.3178269940000291,51.142485004000036],[4.3182979940000337,51.142478004000054],[4.3184129940000275,51.142499004000058],[4.3189719940000373,51.142577004000032],[4.3192629940000415,51.142591004000053],[4.3197589940000398,51.142566004000059],[4.3197899940000752,51.142458004000048],[4.3197179940000296,51.142099004000045],[4.3197539940000524,51.141985004000048],[4.3198249940000437,51.141923004000034],[4.3206269940000652,51.141634004000082],[4.3207969940000339,51.141519004000031],[4.3211139940000294,51.141098004000071],[4.3215699940000718,51.140751004000037],[4.321960994000051,51.140259004000029],[4.3227379940000219,51.140033004000031],[4.3228889940000386,51.139952004000065],[4.3230039940000324,51.139836004000074],[4.3230669940000439,51.139636004000067],[4.3230849940000553,51.139200004000031],[4.3233669940000254,51.138671004000059],[4.3232439940000518,51.138403004000054],[4.3229749940000488,51.138098004000028],[4.3228749940000739,51.137906004000058],[4.3229179940000222,51.136792004000029],[4.3228909940000335,51.136682004000079],[4.3227399940000737,51.136457004000079],[4.3226779940000597,51.136272004000034],[4.3227409940000712,51.135464004000028],[4.3229639940000766,51.13490700400007],[4.3229449940000677,51.134669004000045],[4.3228059940000207,51.134454004000077],[4.3225389940000696,51.134253004000072],[4.3217189940000367,51.133915004000073],[4.3215279940000642,51.133860004000041],[4.3212449940000397,51.133780004000073],[4.320239994000076,51.13370700400003],[4.3188369940000371,51.133464004000075],[4.3184729940000466,51.133375004000072],[4.3177259940000567,51.133089004000055],[4.3175949940000464,51.13300500400004],[4.3174919940000223,51.132895004000034],[4.3166569940000272,51.131669004000059],[4.3165599940000448,51.13156800400003],[4.3161869940000201,51.131328004000068],[4.3155399940000621,51.130710004000036],[4.3150739940000449,51.129951004000077],[4.3148859940000648,51.129650004000041],[4.3146569940000745,51.129446004000044],[4.3143329940000399,51.129331004000051],[4.3137139940000679,51.12919600400005],[4.3133639940000421,51.129162004000079],[4.3131959940000684,51.129170004000059],[4.312421994000033,51.129326004000063],[4.3120409940000286,51.129348004000065],[4.3118659940000725,51.129327004000061],[4.3116999940000369,51.129278004000071],[4.3111699940000676,51.129034004000061],[4.3109509940000521,51.128965004000065],[4.3108199940000418,51.128948004000051],[4.3105849940000667,51.128962004000073],[4.3099709940000253,51.12906100400005],[4.3093479940000634,51.12906500400004],[4.3093099940000457,51.129070004000027],[4.309173994000048,51.129002004000029],[4.3083579940000618,51.128884004000042],[4.3075789940000391,51.128498004000051],[4.3072449940000297,51.12819100400003],[4.3067249940000352,51.127461004000054],[4.3065969940000741,51.127382004000026],[4.3064489940000499,51.127366004000066],[4.3062689940000496,51.12740300400003],[4.3054699940000205,51.127660004000063],[4.3052749940000581,51.127719004000028],[4.3049579940000626,51.12781500400007],[4.3045139940000468,51.127897004000033],[4.3042389940000589,51.127984004000041],[4.3031379940000534,51.128360004000058],[4.3030539940000381,51.128380004000064],[4.3028809940000201,51.128378004000069],[4.3027929940000718,51.128354004000073],[4.3026359940000702,51.128254004000041],[4.3017029940000384,51.127368004000061],[4.3014349940000329,51.127018004000035],[4.3011109940000551,51.126725004000036],[4.3008929940000371,51.126546004000033],[4.3005689940000593,51.126371004000077],[4.3001949940000372,51.126362004000043],[4.2993499940000675,51.126401004000058],[4.298558994000075,51.126511004000065],[4.2977989940000612,51.126618004000079],[4.2976499940000394,51.126679004000039],[4.2976639940000609,51.126760004000062],[4.2976049940000394,51.126792004000038],[4.2975209940000241,51.126792004000038],[4.2974869940000531,51.12677900400007],[4.297456994000072,51.126700004000043],[4.2972849940000515,51.126684004000026],[4.2963089940000714,51.126822004000076],[4.2943049940000719,51.127094004000071],[4.2942339940000238,51.127103004000048],[4.29411499400004,51.127115004000075],[4.2939979940000512,51.12698200400007],[4.2939789940000423,51.126965004000056],[4.293813994000061,51.126732004000075],[4.2938099940000711,51.126654004000045],[4.2941619940000351,51.126341004000039],[4.2942539940000302,51.126193004000072],[4.2943339940000556,51.125994004000063],[4.2943759940000632,51.125702004000061],[4.2943139940000492,51.125565004000066],[4.2941859940000313,51.12544700400008],[4.2939349940000398,51.125347004000048],[4.2936329940000633,51.125288004000026],[4.293422994000025,51.125254004000055],[4.2931459940000423,51.125287004000029],[4.2928259940000544,51.125289004000081],[4.2927069940000706,51.125315004000072],[4.2924749940000311,51.125429004000068],[4.2923689940000713,51.125410004000059],[4.2921469940000634,51.125307004000035],[4.2917759940000337,51.125105004000034],[4.2915699940000422,51.125008004000051],[4.2915259940000396,51.12498600400005],[4.2915189940000573,51.12498200400006],[4.2913839940000571,51.124894004000055],[4.2913289940000254,51.124858004000032],[4.2909879940000337,51.124885004000078],[4.2908319940000297,51.12489600400005],[4.2902209940000375,51.124942004000047],[4.2888149940000631,51.125046004000069],[4.2883219940000572,51.125153004000026],[4.288378994000027,51.12525600400005],[4.2878309940000463,51.125279004000049],[4.2869259940000575,51.125277004000054],[4.2864369940000415,51.125245004000078],[4.286390994000044,51.125267004000079],[4.2863299940000275,51.125362004000067],[4.2860849940000207,51.126201004000052],[4.2860629940000763,51.126546004000033],[4.2861099940000713,51.126686004000078],[4.28623099400005,51.126916004000066],[4.2862659940000754,51.127073004000067],[4.286134994000065,51.128928004000045],[4.2861799940000651,51.128994004000049],[4.2844879940000737,51.129286004000051],[4.2843309940000722,51.129356004000044],[4.2841789940000581,51.12958700400003],[4.284037994000073,51.12970600400007],[4.2832069940000679,51.130193004000034],[4.2826809940000317,51.130466004000027],[4.2823739940000678,51.130246004000071],[4.2814419940000334,51.13018300400006],[4.2802799940000682,51.130108004000078],[4.2802539940000202,51.130052004000049],[4.2801529940000478,51.129967004000036],[4.2802049940000302,51.129580004000047],[4.2802519940000252,51.129528004000065],[4.2801799940000365,51.129427004000036],[4.2800789940000641,51.129434004000075],[4.2787349940000468,51.129447004000042],[4.277970994000043,51.129379004000043],[4.2776719940000589,51.129317004000029],[4.277481994000027,51.129301004000069],[4.2770279940000364,51.129157004000035],[4.2769429940000236,51.12915500400004],[4.2768369940000639,51.129152004000048],[4.2766719940000257,51.129231004000076],[4.276550994000047,51.129289004000043],[4.2762559940000529,51.129362004000029],[4.2759439940000448,51.129505004000066],[4.275542994000034,51.129629004000037],[4.2745079940000323,51.129599004000056],[4.2737369940000463,51.129283004000058],[4.2732999940000695,51.129027004000079],[4.2732209940000416,51.128886004000037],[4.2731999940000378,51.128675004000058],[4.2730099940000628,51.128409004000048],[4.2726119940000444,51.12812600400008],[4.2719469940000749,51.127955004000057],[4.2717269940000619,51.127939004000041],[4.2708009940000693,51.128017004000071],[4.2707309940000755,51.128017004000071],[4.2701909940000746,51.128020004000064],[4.2699959940000554,51.128017004000071],[4.2697719940000525,51.127998004000062],[4.2697129940000309,51.128113004000056],[4.2695679940000559,51.128091004000055],[4.2695079940000369,51.128105004000076],[4.2679819940000243,51.128650004000065],[4.2678879940000343,51.128707004000034],[4.2677879940000594,51.128796004000037],[4.2677219940000555,51.128748004000045],[4.2677149940000731,51.128642004000028],[4.2676419940000301,51.127861004000067],[4.2673839940000562,51.127654004000078],[4.2672659940000699,51.127631004000079],[4.2669109940000567,51.12767300400003],[4.2668739940000364,51.127681004000067],[4.2665759940000498,51.127741004000029],[4.2659489940000412,51.127779004000047],[4.2657839940000599,51.127787004000027],[4.2656779940000433,51.127837004000071],[4.2656359940000357,51.127891004000048],[4.2655689940000343,51.127923004000081],[4.2654679940000619,51.127925004000076],[4.2653159940000478,51.127458004000061],[4.2650499940000373,51.127384004000078],[4.2647389940000267,51.12729700400007],[4.2643269940000437,51.12712500400005],[4.2642349940000486,51.127118004000067],[4.2641639940000573,51.127155004000031],[4.2640869940000243,51.127247004000026],[4.2641809940000712,51.127655004000076],[4.2641229940000471,51.127828004000037],[4.2641659940000523,51.12790900400006],[4.2640989940000509,51.128058004000081],[4.2641199940000547,51.128237004000027],[4.2640779940000471,51.128286004000074],[4.2641579940000724,51.128373004000082],[4.2641919940000435,51.128521004000049],[4.2640439940000761,51.128613004000044],[4.2642179940000347,51.129018004000045],[4.2643179940000664,51.129348004000065],[4.2643559940000273,51.129589004000081],[4.2643369940000753,51.129664004000063],[4.2642299940000612,51.129764004000037],[4.2641109940000206,51.129690004000054],[4.2641449940000484,51.129565004000028],[4.2641369940000686,51.129374004000056],[4.2641169940000623,51.129344004000075],[4.2640789940000445,51.129340004000028],[4.2640809940000395,51.129226004000031],[4.2640489940000634,51.129257004000067],[4.263923994000038,51.129271004000032],[4.2636179940000716,51.129268004000039],[4.2635549940000601,51.129267004000042],[4.2626549940000587,51.129050004000078],[4.2626979940000638,51.128928004000045],[4.2627959940000437,51.128940004000071],[4.262941994000073,51.128902004000054],[4.2629719940000541,51.128823004000026],[4.2626559940000561,51.128733004000026],[4.2625559940000244,51.128628004000063],[4.2625499940000395,51.12855400400008],[4.2624749940000584,51.128569004000042],[4.2623159940000619,51.12831800400005],[4.2622929940000631,51.128226004000055],[4.2623139940000669,51.128025004000051],[4.2622549940000454,51.127877004000027],[4.2621769940000718,51.127722004000077],[4.2619909940000298,51.127483004000055],[4.2621159940000553,51.127378004000036],[4.2621219940000401,51.127324004000059],[4.2622249940000643,51.127249004000078],[4.262407994000057,51.126977004000082],[4.2624509940000621,51.126584004000051],[4.2624309940000558,51.126477004000037],[4.2623079940000252,51.126219004000063],[4.2621429940000439,51.126012004000074],[4.26212599400003,51.12599100400007],[4.2621189940000477,51.125986004000026],[4.2618349940000257,51.125726004000057],[4.2616489940000406,51.125630004000072],[4.2614659940000479,51.125570004000053],[4.2612999940000691,51.125528004000046],[4.2610179940000421,51.125512004000029],[4.2606919940000694,51.125533004000033],[4.2606679940000731,51.125539004000075],[4.260246994000056,51.125649004000081],[4.2598469940000427,51.125876004000077],[4.2591459940000505,51.126172004000068],[4.2589119940000728,51.126231004000033],[4.2586799940000333,51.126231004000033],[4.2586129940000319,51.126271004000046],[4.2583429940000315,51.126269004000051],[4.2581699940000703,51.126312004000056],[4.2578629940000496,51.126123004000078],[4.2576889940000342,51.125943004000078],[4.2576449940000316,51.12582300400004],[4.2576149940000505,51.124890004000065],[4.2575759940000353,51.124767004000034],[4.2574399940000376,51.124714004000055],[4.2573499940000374,51.12470400400008],[4.2571579940000674,51.124725004000027],[4.2559839940000757,51.125147004000041],[4.2558229940000274,51.12517400400003],[4.2556489940000688,51.125172004000035],[4.2548589940000738,51.124953004000076],[4.2546969940000281,51.124946004000037],[4.2546139940000671,51.124969004000036],[4.2545539940000481,51.125025004000065],[4.2544839940000543,51.125251004000063],[4.2545049940000581,51.12530500400004],[4.254510994000043,51.126099004000082],[4.2545119940000404,51.126293004000047],[4.2544659940000429,51.126447004000056],[4.2543679940000629,51.12651300400006],[4.2542339940000602,51.126692004000063],[4.2535769940000705,51.126995004000037],[4.2535409940000477,51.127142004000063],[4.25359699400002,51.127183004000074],[4.2543159940000237,51.127492004000032],[4.2544049940000264,51.127712004000045],[4.2544879940000442,51.127771004000067],[4.2545349940000392,51.127941004000036],[4.2545599940000329,51.128692004000072],[4.2545759940000494,51.129193004000058],[4.2543909940000617,51.129222004000042],[4.2542249940000261,51.129278004000071],[4.2540879940000309,51.12939100400007],[4.2537939940000342,51.129470004000041],[4.2537249940000379,51.129372004000061],[4.2536049940000566,51.128945004000059],[4.253549994000025,51.128870004000078],[4.253419994000069,51.128802004000079],[4.2521589940000695,51.128323004000038],[4.2511109940000438,51.128092004000052],[4.2504539940000541,51.127877004000027],[4.2499919940000268,51.127699004000078],[4.2496159940000666,51.127548004000062],[4.2493349940000371,51.127374004000046]]},"properties":{"OBJECTID":3,"Name":"Spaak 11","Descript":"","Type":"TRKPT","Shape_Length":0.15434832428839326,"Field":13.435702493151892}},{"type":"Feature","id":4,"geometry":{"type":"LineString","coordinates":[[4.3686359940000443,51.20820300400004],[4.3678949940000393,51.207938004000027],[4.3671429940000621,51.207648004000077],[4.3670639940000342,51.207570004000047],[4.3657649940000738,51.207107004000079],[4.3656509940000205,51.207193004000032],[4.3656059940000205,51.207259004000036],[4.3627919940000766,51.206291004000036],[4.3615059940000265,51.207811004000064],[4.3614589940000315,51.207988004000072],[4.3614979940000467,51.208093004000034],[4.3616329940000469,51.20825500400008],[4.3618739940000637,51.208382004000043],[4.3638389940000479,51.209004004000064],[4.3639809940000305,51.209080004000043],[4.3641289940000547,51.20923500400005],[4.364152994000051,51.209402004000026],[4.3640779940000698,51.209592004000058],[4.3632319940000457,51.210625004000065],[4.3629339940000591,51.21086000400004],[4.3625699940000686,51.211066004000031],[4.362465994000047,51.211117004000073],[4.3624649940000495,51.211117004000073],[4.3623599940000304,51.211168004000058],[4.3620919940000249,51.21126100400005],[4.3620469940000248,51.211274004000074],[4.3619469940000499,51.211178004000033],[4.3616399940000292,51.211093004000077],[4.3609449940000218,51.210850004000065],[4.3606979940000201,51.210689004000074],[4.360447994000026,51.210585004000052],[4.3599999940000203,51.210451004000049],[4.3598859940000239,51.210422004000065],[4.3596519940000462,51.210390004000033],[4.3588959940000223,51.210372004000078],[4.3580879940000727,51.210200004000058],[4.3574769940000238,51.209964004000028],[4.3567469940000478,51.20955000400005],[4.3565629940000576,51.209476004000066],[4.3565629940000576,51.209477004000064],[4.3562559940000369,51.209871004000036],[4.3560249940000517,51.209814004000066],[4.3544349940000302,51.209491004000029],[4.3539439940000761,51.209434004000059],[4.3535579940000275,51.209432004000064],[4.3532359940000447,51.209518004000074],[4.3519409940000742,51.209965004000026],[4.3518279940000753,51.209955004000051],[4.3517689940000537,51.209927004000065],[4.3515799940000761,51.209760004000032],[4.3516639940000346,51.209707004000052],[4.3518209940000361,51.209228004000067],[4.3518389940000475,51.209207004000064],[4.3519209940000678,51.209000004000075],[4.3513849940000568,51.208787004000044],[4.3512589940000339,51.208632004000037],[4.3522249940000393,51.208454004000032],[4.3523189940000293,51.208384004000038],[4.3527549940000654,51.207811004000064],[4.3527809940000566,51.207721004000064],[4.352721994000035,51.207537004000073],[4.3526149940000209,51.20747100400007],[4.3522939940000356,51.207330004000028],[4.3526029940000512,51.207172004000029],[4.3527959940000756,51.207025004000059],[4.3527639940000427,51.206487004000053],[4.3530749940000533,51.206211004000068],[4.3529679940000392,51.205813004000049],[4.3525999940000588,51.205743004000055],[4.3521629940000253,51.205586004000054],[4.3520729940000251,51.205500004000044],[4.3509279940000738,51.205118004000042],[4.3498359940000455,51.204828004000035],[4.3496579940000402,51.204853004000029],[4.3497789940000757,51.205472004000057],[4.3494889940000689,51.20546700400007],[4.3487519940000539,51.205247004000057],[4.3482349940000518,51.205149004000077],[4.34813499400002,51.205130004000068],[4.3477299940000762,51.205078004000029],[4.3467589940000266,51.205036004000078],[4.3466849940000429,51.205081004000078],[4.346556994000025,51.205141004000041],[4.3458239940000567,51.205305004000081],[4.3451059940000505,51.20551200400007],[4.3445449940000458,51.205733004000081],[4.3441359940000552,51.205902004000052],[4.3440039940000474,51.20594400400006],[4.3427179940000542,51.20640200400004],[4.3422829940000724,51.206546004000074],[4.3418949940000289,51.20658900400008],[4.3413029940000456,51.206542004000028],[4.3413049940000406,51.206468004000044],[4.3412649940000279,51.206426004000036],[4.3409369940000602,51.20622600400003],[4.3394109940000476,51.205368004000036],[4.3367579940000383,51.203837004000036],[4.3362989940000602,51.204196004000039],[4.3356689940000592,51.204365004000067],[4.3347739940000451,51.204338004000078],[4.3342029940000657,51.20441300400006],[4.3339239940000311,51.204417004000049],[4.3337349940000536,51.204385004000073],[4.3335519940000609,51.204305004000048],[4.332697994000057,51.203931004000026],[4.332208994000041,51.203786004000051],[4.3328529940000635,51.202818004000051],[4.3329299940000396,51.202711004000037],[4.3330059940000751,51.202677004000066],[4.3329299940000396,51.202543004000063],[4.332934994000027,51.202414004000047],[4.332426994000059,51.202134004000072],[4.332003994000047,51.201864004000072],[4.3318959940000354,51.20171500400005],[4.3315359940000349,51.201677004000032],[4.3313979940000422,51.20162900400004],[4.3311409940000658,51.201296004000028],[4.3310549940000556,51.201263004000054],[4.3307369940000626,51.201236004000066],[4.3306429940000726,51.201209004000077],[4.3303679940000279,51.201032004000069],[4.3302049940000416,51.200973004000048],[4.3298099940000725,51.20091900400007],[4.3295959940000444,51.200860004000049],[4.32763499400005,51.200223004000065],[4.3270779940000352,51.199954004000062],[4.3268749940000362,51.199807004000036],[4.3264919940000368,51.199610004000078],[4.3255549940000719,51.200301004000039],[4.32546299400002,51.200360004000061],[4.3253919940000287,51.200374004000082],[4.3253359940000564,51.200359004000063],[4.3251289940000675,51.200243004000072],[4.3250609940000686,51.20014700400003],[4.3246619940000528,51.199897004000036],[4.3246779940000692,51.199810004000028],[4.3245089940000412,51.199742004000029],[4.3240279940000619,51.199785004000034],[4.3238989940000465,51.199768004000077],[4.3237879940000425,51.19972600400007],[4.3235209940000345,51.199544004000074],[4.3235029940000231,51.199478004000071],[4.3233519940000633,51.199464004000049],[4.3232559940000215,51.199416004000057],[4.3232119940000757,51.199136004000081],[4.3230339940000704,51.198985004000065],[4.3241409940000608,51.198382004000052],[4.3241909940000482,51.198259004000079],[4.3241479940000431,51.198232004000033],[4.3242509940000673,51.198119004000034],[4.3243369940000207,51.198119004000034],[4.3246709940000301,51.19773000400005],[4.324860994000062,51.197463004000042],[4.3249119940000469,51.197189004000052],[4.3249409940000305,51.197047004000069],[4.3242179940000369,51.197003004000067],[4.3237839940000526,51.19686000400003],[4.3230729940000288,51.19662300400006],[4.3228139940000574,51.196562004000043],[4.322622994000028,51.196543004000034],[4.3223489940000377,51.196549004000076],[4.3209949940000456,51.19681500400003],[4.3207059940000363,51.196912004000069],[4.3202709940000545,51.19690500400003],[4.3206489940000665,51.195575004000034],[4.3203649940000446,51.19549300400007],[4.3202789940000343,51.195385004000059],[4.3201929940000241,51.194530004000057],[4.3201239940000278,51.194347004000065],[4.3199349940000502,51.193815004000044],[4.3195319940000445,51.192976004000059],[4.3203449940000382,51.192566004000071],[4.3207819940000718,51.192558004000034],[4.320950994000043,51.192514004000031],[4.3211179940000761,51.192388004000065],[4.3214699940000401,51.191926004000038],[4.321580994000044,51.191822004000073],[4.3217369940000481,51.191782004000061],[4.3220159940000258,51.191786004000051],[4.3221379940000588,51.191756004000069],[4.3224089940000567,51.191770004000034],[4.3225109940000266,51.191680004000034],[4.3225809940000204,51.19170400400003],[4.3225119940000241,51.191779004000068],[4.3225809940000204,51.19170400400003],[4.3229869940000754,51.191269004000048],[4.3231429940000226,51.191146004000075],[4.3246069940000211,51.190602004000027],[4.3248359940000682,51.190493004000075],[4.3250579940000762,51.190339004000066],[4.3252549940000335,51.19003800400003],[4.3259069940000359,51.18771100400005],[4.3259169940000675,51.187590004000072],[4.3258649940000282,51.187363004000076],[4.3257929940000395,51.187226004000081],[4.3248749940000266,51.186411004000036],[4.3248029940000379,51.186349004000078],[4.3247019940000655,51.186260004000076],[4.3238309940000477,51.185498004000067],[4.3224989940000569,51.184340004000035],[4.3222369940000362,51.184163004000027],[4.3217139940000493,51.183939004000081],[4.3215669940000225,51.183881004000057],[4.3206769940000527,51.183530004000033],[4.3206749940000577,51.183530004000033],[4.3206759940000552,51.183529004000036],[4.3208119940000529,51.183420004000027],[4.3213099940000461,51.183070004000058],[4.3218089940000368,51.18272100400003],[4.3223199940000541,51.182393004000062],[4.3225429940000595,51.182315004000031],[4.3227689940000573,51.18224400400004],[4.3227769940000371,51.182254004000072],[4.3230519940000249,51.182171004000054],[4.3236749940000436,51.181907004000038],[4.3241449940000507,51.181761004000066],[4.325018994000061,51.181616004000034],[4.3250889940000548,51.18154600400004],[4.3250669940000535,51.181336004000059],[4.3248209940000493,51.180675004000079],[4.3248149940000644,51.180437004000055],[4.3248969940000279,51.180009004000055],[4.324894994000033,51.180000004000078],[4.3247679940000694,51.179306004000068],[4.3248139940000669,51.178085004000081],[4.3248039940000353,51.177413004000073],[4.3247589940000353,51.177300004000074],[4.324653994000073,51.177251004000027],[4.323728994000021,51.177222004000043],[4.323568994000027,51.177190004000067],[4.3234779940000294,51.177120004000074],[4.3234419940000635,51.176931004000039],[4.3234799940000244,51.176713004000078],[4.3235789940000586,51.176535004000073],[4.3237129940000614,51.176421004000076],[4.3238119940000388,51.176281004000032],[4.3238669940000705,51.176161004000051],[4.3239289940000276,51.175754004000055],[4.3236789940000335,51.17566600400005],[4.323536994000051,51.175618004000057],[4.3234709940000471,51.175592004000066],[4.323410994000028,51.175551004000056],[4.3234249940000495,51.175416004000056],[4.3233909940000217,51.175324004000061],[4.3233349940000494,51.175259004000054],[4.3231389940000327,51.175133004000031],[4.3230759940000212,51.175173004000044],[4.3229259940000588,51.175194004000048],[4.3198329940000235,51.175199004000035],[4.3189079940000283,51.17520100400003],[4.3183829940000464,51.173980004000043],[4.3180899940000472,51.173141004000058],[4.3179249940000659,51.172554004000062],[4.3178309940000759,51.171932004000041],[4.3176829940000516,51.171012004000033],[4.3173479940000448,51.16976700400005],[4.3173479940000448,51.169766004000053],[4.3171189940000545,51.169178004000059],[4.3166839940000727,51.16833000400004],[4.3164599940000699,51.167987004000054],[4.3162639940000531,51.168042004000029],[4.3161079940000491,51.168076004000056],[4.3160795930000404,51.168083334000073],[4.3160769940000705,51.168084004000036]]},"properties":{"OBJECTID":4,"Name":"Spaak 11","Descript":"","Type":"TRKPT","Shape_Length":0.12210602142463522,"Field":10.400336279433025}},{"type":"Feature","id":5,"geometry":{"type":"LineString","coordinates":[[4.3260470000000737,51.130771000000038],[4.3255880000000388,51.130846000000076],[4.3255210000000375,51.130857000000049],[4.3254750000000399,51.130831000000057],[4.3253180000000384,51.13059700000008],[4.3250430000000506,51.13012400000008],[4.3249960000000556,51.129945000000077],[4.3248170000000528,51.129418000000044],[4.3240240000000654,51.128776000000073],[4.324100000000044,51.128735000000063],[4.3243680000000495,51.128751000000079],[4.3243720000000394,51.128714000000059],[4.3245110000000295,51.12861300000003],[4.3262230000000272,51.127864000000045],[4.3263010000000577,51.127819000000045],[4.3263630000000717,51.127717000000075],[4.3262700000000223,51.127590000000055],[4.3260110000000509,51.12744900000007],[4.3255760000000691,51.127113000000065],[4.3253190000000359,51.126968000000033],[4.3250830000000633,51.126588000000027],[4.3250940000000355,51.126433000000077],[4.3253840000000423,51.125937000000079],[4.3254000000000588,51.125820000000033],[4.3253610000000435,51.125546000000043],[4.3253920000000221,51.124992000000077],[4.3252930000000447,51.124640000000056],[4.3253380000000448,51.124341000000072],[4.3252900000000523,51.124238000000048],[4.3251470000000722,51.124150000000043],[4.3247600000000261,51.124039000000039],[4.3246860000000424,51.12400400000007],[4.3249900000000707,51.123468000000059],[4.3254340000000298,51.122520000000065],[4.325505000000021,51.122465000000034],[4.3257730000000265,51.12182800000005],[4.3257710000000316,51.121729000000073]]},"properties":{"OBJECTID":5,"Name":"Spaak 10","Descript":"","Type":"TRKPT","Shape_Length":0.01321964053667239,"Field":1.2471835402439824}},{"type":"Feature","id":6,"geometry":{"type":"LineString","coordinates":[[4.353680000000054,51.164487000000065],[4.3537200000000666,51.164132000000052],[4.3536090000000627,51.16393000000005],[4.3548950000000559,51.163362000000063],[4.3543370000000436,51.162870000000055],[4.3542080000000283,51.162804000000051],[4.3549650000000497,51.162450000000035],[4.3548030000000608,51.16231700000003],[4.3547030000000291,51.162240000000054],[4.3547340000000645,51.162208000000078],[4.3553610000000731,51.161553000000026],[4.3562260000000492,51.160623000000044],[4.3581910000000335,51.158478000000059],[4.3593490000000656,51.157243000000051],[4.3558300000000258,51.15671100000003],[4.3544550000000299,51.156506000000036],[4.352450000000033,51.156186000000048],[4.3515270000000328,51.156039000000078],[4.3493870000000356,51.155587000000025],[4.3493410000000381,51.155572000000063],[4.3490100000000211,51.155409000000077],[4.3492750000000342,51.154645000000073],[4.3502220000000307,51.152851000000055],[4.3498070000000553,51.152795000000026],[4.3483880000000568,51.152604000000053],[4.348288000000025,51.15258700000004],[4.3483060000000364,51.152559000000053],[4.3488620000000537,51.151709000000039],[4.3476470000000518,51.151468000000079],[4.3475410000000352,51.15141600000004],[4.3476430000000619,51.151348000000041],[4.3475120000000516,51.15128500000003],[4.3470270000000255,51.151041000000077],[4.3467170000000692,51.150891000000058],[4.34661600000004,51.150847000000056],[4.3465180000000601,51.150804000000051],[4.3464250000000675,51.150764000000038],[4.3462330000000406,51.150780000000054],[4.346035000000029,51.150706000000071],[4.3454850000000533,51.150106000000051],[4.3451180000000704,51.149728000000039],[4.3450830000000451,51.149691000000075],[4.3450450000000274,51.14965200000006],[4.3434820000000514,51.148459000000059],[4.3433860000000664,51.148398000000043],[4.3433000000000561,51.148375000000044],[4.3430320000000506,51.14835000000005],[4.3432780000000548,51.146832000000074],[4.3432840000000397,51.14677400000005],[4.3433390000000713,51.146428000000071],[4.3433480000000486,51.145910000000072],[4.3433600000000752,51.145840000000078],[4.3432030000000736,51.145785000000046],[4.3425790000000575,51.145605000000046],[4.3418830000000526,51.145405000000039],[4.3412990000000491,51.145392000000072],[4.340466000000049,51.145354000000054],[4.3383010000000581,51.145190000000071],[4.3372740000000363,51.145070000000032],[4.3368460000000368,51.14496500000007],[4.3366320000000655,51.144908000000044],[4.335988000000043,51.144722000000058],[4.3357610000000477,51.14465400000006],[4.3349530000000414,51.144407000000058],[4.3351130000000353,51.144107000000076],[4.3351160000000277,51.143730000000062],[4.3348980000000665,51.143431000000078],[4.3348030000000222,51.142955000000029],[4.3347790000000259,51.142876000000058],[4.3344840000000318,51.142206000000044],[4.3341690000000312,51.141529000000048],[4.3342260000000579,51.141471000000081],[4.3342370000000301,51.141410000000064],[4.3342510000000516,51.141379000000029],[4.3342850000000226,51.141342000000066],[4.3349120000000312,51.141149000000041],[4.3349850000000743,51.141104000000041],[4.3351020000000631,51.140879000000041],[4.3351050000000555,51.140798000000075],[4.3349610000000212,51.140649000000053],[4.3343220000000429,51.140296000000035],[4.3342630000000213,51.140240000000063],[4.3341790000000628,51.14006500000005],[4.3343040000000315,51.139906000000053],[4.3343060000000264,51.139863000000048],[4.3342480000000592,51.139778000000035],[4.3340740000000437,51.139602000000082],[4.3340260000000512,51.139496000000065],[4.3340130000000272,51.139455000000055],[4.3339570000000549,51.139381000000071],[4.333876000000032,51.139122000000043],[4.3337240000000747,51.139012000000037],[4.3336340000000746,51.13898800000004],[4.333419000000049,51.138981000000058],[4.3331540000000359,51.139003000000059],[4.3324900000000639,51.139074000000051],[4.3318070000000262,51.139093000000059],[4.3312170000000378,51.139062000000081],[4.3310820000000376,51.139093000000059],[4.3306020000000558,51.13922400000007],[4.3302210000000514,51.139288000000079],[4.3297680000000582,51.139293000000066],[4.3295690000000491,51.13907800000004],[4.3294040000000678,51.138826000000051],[4.3285010000000739,51.136330000000044],[4.3280810000000542,51.134695000000079],[4.3275590000000648,51.133616000000075],[4.3276020000000699,51.133346000000074],[4.3278510000000665,51.13310400000006],[4.328734000000054,51.132786000000067],[4.3284060000000295,51.132683000000043],[4.3283750000000509,51.132673000000068],[4.3280980000000682,51.132587000000058],[4.3278630000000362,51.132438000000036],[4.3274910000000659,51.131693000000041],[4.3272750000000428,51.131284000000051],[4.3270210000000588,51.130824000000075],[4.3269010000000208,51.130756000000076],[4.3267410000000268,51.130700000000047],[4.3265980000000468,51.130696000000057],[4.3264910000000327,51.130690000000072],[4.3260470000000737,51.130771000000038]]},"properties":{"OBJECTID":6,"Name":"Spaak 10","Descript":"","Type":"TRKPT","Shape_Length":0.067883676095148296,"Field":5.8621369932431309}},{"type":"Feature","id":7,"geometry":{"type":"LineString","coordinates":[[4.3726920000000291,51.202616000000035],[4.3725250000000528,51.202534000000071],[4.3724200000000337,51.202459000000033],[4.3723220000000538,51.202433000000042],[4.3719010000000367,51.202265000000068],[4.3716620000000717,51.202179000000058],[4.3714230000000498,51.202052000000037],[4.3714230000000498,51.202052000000037],[4.3713050000000635,51.201926000000071],[4.3712050000000318,51.201784000000032],[4.3710890000000404,51.201293000000078],[4.3710260000000289,51.201158000000078],[4.3709170000000199,51.201023000000077],[4.3706290000000649,51.200817000000029],[4.3704400000000305,51.200736000000063],[4.3677540000000477,51.199944000000073],[4.3679060000000618,51.199739000000079],[4.3678500000000327,51.199633000000063],[4.3675740000000474,51.19945000000007],[4.3672300000000632,51.19922100000008],[4.3667020000000321,51.198807000000045],[4.3665040000000204,51.198639000000071],[4.3660990000000766,51.198217000000056],[4.3655710000000454,51.197536000000071],[4.3651510000000258,51.196961000000044],[4.3648220000000606,51.196691000000044],[4.36465400000003,51.196596000000056],[4.3642490000000294,51.196412000000066],[4.3640210000000366,51.196344000000067],[4.3626890000000458,51.196080000000052],[4.3626890000000458,51.196079000000054],[4.3626280000000293,51.196067000000028],[4.362459000000058,51.196034000000054],[4.3624700000000303,51.196010000000058],[4.3625750000000494,51.196031000000062],[4.3625690000000645,51.196030000000064],[4.3625750000000494,51.196031000000062],[4.3627600000000371,51.195632000000046],[4.3627680000000737,51.195571000000029],[4.3627650000000244,51.195524000000034],[4.3627250000000686,51.19541300000003],[4.3624690000000328,51.195930000000033],[4.3624690000000328,51.19593100000003],[4.3622130000000539,51.19644900000003],[4.3620010000000207,51.196845000000053],[4.3618950000000609,51.196819000000062],[4.3617630000000531,51.196789000000081],[4.3604860000000372,51.196499000000074],[4.3603330000000255,51.19649400000003],[4.3602140000000418,51.196528000000058],[4.3600260000000617,51.196467000000041],[4.3560800000000199,51.195677000000046],[4.3550870000000259,51.195441000000073],[4.3548670000000698,51.195431000000042],[4.3547660000000405,51.195471000000055],[4.3546100000000365,51.19559600000008],[4.3539160000000265,51.196279000000061],[4.3532180000000267,51.196900000000028],[4.3530410000000757,51.196903000000077],[4.3523730000000569,51.196990000000028],[4.3515320000000202,51.197026000000051],[4.3470360000000596,51.196265000000039],[4.3468920000000253,51.196236000000056],[4.3461180000000468,51.197012000000029],[4.3453040000000556,51.196694000000036],[4.3445480000000316,51.196375000000046],[4.344408000000044,51.196327000000053],[4.3441600000000449,51.196277000000066],[4.3433100000000309,51.195910000000026],[4.3405870000000277,51.194246000000078],[4.3402680000000373,51.194049000000064],[4.3401290000000472,51.193886000000077],[4.3384960000000206,51.192687000000035],[4.3376640000000748,51.192013000000031],[4.3368160000000557,51.191040000000044],[4.3364860000000363,51.190628000000061],[4.3352560000000722,51.189130000000034],[4.3345130000000722,51.18782600000003],[4.3349180000000729,51.187725000000057],[4.3353420000000256,51.187678000000062],[4.3355330000000549,51.187678000000062],[4.3358190000000718,51.187678000000062],[4.336430000000064,51.187528000000043],[4.3367330000000379,51.18712400000004],[4.3368650000000457,51.187024000000065],[4.3371200000000272,51.186926000000028],[4.3378910000000701,51.18669200000005],[4.3377600000000598,51.186572000000069],[4.337579000000062,51.18650000000008],[4.3365030000000502,51.186184000000026],[4.3363640000000601,51.186125000000061],[4.3363010000000486,51.186072000000081],[4.3359810000000607,51.185549000000037],[4.3358850000000757,51.185463000000027],[4.3350370000000567,51.184919000000036],[4.3347010000000523,51.184362000000078],[4.3349290000000451,51.184343000000069],[4.3350870000000441,51.184347000000059],[4.3351780000000417,51.184329000000048],[4.3375940000000242,51.184306000000049],[4.3400000000000318,51.183203000000049],[4.3440910000000486,51.181329000000062],[4.344359000000054,51.181262000000061],[4.3447130000000698,51.181114000000036],[4.344895000000065,51.181182000000035],[4.345149000000049,51.181408000000033],[4.3452370000000542,51.181366000000025],[4.3452790000000618,51.181342000000029],[4.3446670000000722,51.180447000000072],[4.3446000000000708,51.180352000000028],[4.3444030000000566,51.179747000000077],[4.3442610000000741,51.178732000000082],[4.3441630000000373,51.177962000000036],[4.344094000000041,51.177898000000027],[4.3436510000000226,51.177777000000049],[4.343682000000058,51.176534000000061],[4.3437230000000682,51.176259000000073],[4.3438230000000431,51.175676000000067],[4.3438640000000532,51.175449000000071],[4.3438590000000659,51.17525100000006],[4.3437700000000632,51.174573000000066],[4.3436480000000302,51.174276000000077],[4.3436460000000352,51.174127000000055],[4.3440830000000688,51.174215000000061],[4.3440730000000372,51.173500000000047],[4.3441250000000764,51.173325000000034],[4.3440970000000334,51.173279000000036],[4.3441610000000423,51.17293200000006],[4.3441840000000411,51.172852000000034],[4.3445720000000279,51.171650000000056],[4.3445520000000215,51.171624000000065],[4.3444450000000643,51.171621000000073],[4.3443350000000578,51.171396000000072],[4.3443470000000275,51.171252000000038],[4.3440250000000447,51.171099000000027],[4.3439190000000281,51.171001000000047],[4.3438460000000418,51.170948000000067],[4.3435640000000717,51.169340000000034],[4.3434170000000449,51.168363000000056],[4.343605000000025,51.167958000000056],[4.3437190000000214,51.167421000000047],[4.3438840000000596,51.166333000000066],[4.343889000000047,51.166295000000048],[4.3434420000000387,51.16620000000006],[4.343319000000065,51.166136000000051],[4.3431050000000369,51.165826000000038],[4.343086000000028,51.165729000000056],[4.3431890000000521,51.165098000000057],[4.3431920000000446,51.165098000000057],[4.3436280000000238,51.164943000000051],[4.3437460000000669,51.164689000000067],[4.3437940000000594,51.164472000000046],[4.3437940000000594,51.164471000000049],[4.3437380000000303,51.16416300000003],[4.3437540000000467,51.16378300000008],[4.3437720000000581,51.16361500000005],[4.3437240000000656,51.163494000000071],[4.3439270000000647,51.163329000000033],[4.3444660000000681,51.163039000000026],[4.3448710000000688,51.16301100000004],[4.3457980000000589,51.163019000000077],[4.3468620000000442,51.163027000000056],[4.3480210000000739,51.162720000000036],[4.3482790000000477,51.162731000000065],[4.3487470000000599,51.162707000000069],[4.3510630000000674,51.163767000000064],[4.3518060000000673,51.164116000000035],[4.3525060000000622,51.16449300000005],[4.3524020000000405,51.164927000000034],[4.3526750000000334,51.164836000000037],[4.3531160000000568,51.164846000000068],[4.3536280000000716,51.16496200000006],[4.353680000000054,51.164487000000065]]},"properties":{"OBJECTID":7,"Name":"Spaak 10","Descript":"","Type":"TRKPT","Shape_Length":0.098892250028325732,"Field":8.5342214571001094}},{"type":"Feature","id":8,"geometry":{"type":"LineString","coordinates":[[4.3824910000000727,51.124312000000032],[4.382534000000021,51.124059000000045],[4.3825810000000729,51.123784000000057],[4.38259800000003,51.123356000000058],[4.3826180000000363,51.122848000000033],[4.3826590000000465,51.122281000000044],[4.3827620000000707,51.120849000000078],[4.3830130000000622,51.11970800000006],[4.3830250000000319,51.119658000000072],[4.3833890000000224,51.118712000000073],[4.3833910000000742,51.118672000000061],[4.3830280000000243,51.11807900000008],[4.3821910000000344,51.117857000000072],[4.3818110000000274,51.117776000000049],[4.3815510000000586,51.117746000000068],[4.381238000000053,51.117668000000037],[4.3808870000000297,51.117549000000054],[4.38087500000006,51.117517000000078],[4.3811250000000541,51.116901000000041],[4.381364000000076,51.116307000000063],[4.3813700000000608,51.11626700000005],[4.3813410000000204,51.116254000000026],[4.3809900000000539,51.116196000000059],[4.381035000000054,51.114956000000063],[4.3810580000000527,51.114209000000074],[4.3810600000000477,51.11414300000007],[4.3810290000000691,51.114099000000067],[4.3815840000000321,51.113856000000055],[4.3820090000000391,51.113740000000064],[4.3822860000000219,51.113606000000061],[4.3824340000000461,51.113534000000072],[4.3825610000000665,51.113448000000062],[4.3829240000000596,51.113098000000036],[4.383036000000061,51.113039000000072],[4.3833450000000198,51.112846000000047],[4.3835900000000265,51.112553000000048],[4.3836980000000381,51.112487000000044],[4.3842220000000225,51.112958000000049],[4.3844700000000216,51.113130000000069],[4.384930000000054,51.113416000000029],[4.3855990000000702,51.11368600000003],[4.3879910000000564,51.114360000000033],[4.3880400000000463,51.114291000000037],[4.3881380000000263,51.113834000000054],[4.388255000000072,51.113631000000055],[4.3882800000000657,51.113442000000077],[4.3884100000000217,51.113252000000045],[4.3886230000000523,51.113015000000075],[4.3886390000000688,51.112942000000032],[4.3886330000000271,51.112871000000041],[4.3884900000000471,51.112582000000032],[4.3884750000000281,51.112386000000072],[4.3885250000000724,51.112231000000065],[4.3886860000000638,51.111944000000051],[4.3891910000000394,51.111106000000063],[4.3893350000000737,51.110966000000076],[4.3894920000000752,51.110925000000066],[4.3899980000000483,51.110861000000057],[4.3901250000000687,51.110798000000045],[4.3905460000000289,51.11034200000006],[4.3906170000000202,51.110276000000056],[4.3918890000000488,51.110765000000072],[4.3938530000000355,51.11154300000004],[4.3940360000000283,51.111650000000054],[4.3944700000000694,51.111780000000067],[4.394548000000043,51.111759000000063],[4.3950740000000224,51.111243000000059],[4.3953400000000329,51.110782000000029],[4.3953910000000747,51.110578000000032],[4.3953160000000366,51.109804000000054],[4.3952510000000302,51.109145000000069],[4.3952440000000479,51.108781000000079],[4.3952630000000568,51.10844000000003],[4.3962300000000596,51.108539000000064],[4.3964310000000637,51.108510000000081],[4.3965150000000222,51.108466000000078],[4.3966100000000665,51.108362000000056],[4.3974740000000452,51.10732500000006],[4.3983730000000492,51.106152000000066],[4.398428000000024,51.106093000000044],[4.3984570000000645,51.10606000000007],[4.3985020000000645,51.10601100000008],[4.3985940000000596,51.106000000000051],[4.3986620000000585,51.106087000000059],[4.3990050000000451,51.106359000000054],[4.3991720000000214,51.106483000000026],[4.3994450000000711,51.10685200000006],[4.3996680000000765,51.106953000000033],[4.401486000000034,51.107896000000039],[4.4018790000000649,51.10754200000008],[4.4019690000000651,51.107479000000069],[4.4022290000000339,51.10737400000005],[4.4024610000000735,51.107203000000027],[4.4030860000000303,51.106540000000052],[4.4038620000000606,51.105716000000029],[4.4039230000000202,51.105689000000041],[4.4047400000000607,51.104883000000029],[4.4050900000000297,51.104475000000036],[4.4052650000000426,51.10413200000005],[4.4053340000000389,51.104070000000036],[4.4054600000000619,51.103949000000057],[4.4055240000000708,51.103863000000047],[4.4070710000000304,51.10264600000005],[4.4071450000000709,51.102585000000033],[4.4075020000000222,51.102291000000037],[4.4075880000000325,51.102162000000078],[4.4075780000000577,51.10200100000003],[4.4074770000000285,51.101620000000025],[4.4074640000000613,51.101568000000043],[4.4074640000000613,51.101506000000029],[4.4074680000000512,51.100775000000056],[4.4075630000000388,51.100342000000069],[4.4076710000000503,51.100058000000047],[4.4076970000000415,51.099987000000056],[4.4077870000000416,51.099926000000039],[4.407997000000023,51.099943000000053],[4.4083060000000387,51.100032000000056],[4.4082900000000222,51.099646000000064],[4.4082180000000335,51.099581000000057],[4.4082330000000525,51.099256000000082],[4.4082370000000424,51.099173000000064],[4.40827900000005,51.09896800000007],[4.4082980000000589,51.098922000000073],[4.407649000000049,51.09767800000003],[4.4066290000000663,51.096610000000055],[4.4072600000000648,51.096405000000061],[4.407273000000032,51.096348000000035],[4.4069440000000668,51.096033000000034],[4.4069790000000353,51.096020000000067],[4.4065830000000688,51.09568500000006],[4.4062510000000543,51.09549700000008],[4.4061430000000428,51.095611000000076],[4.4058950000000436,51.095458000000065],[4.4059580000000551,51.095276000000069],[4.4056090000000268,51.095128000000045],[4.4048990000000572,51.094952000000035],[4.4030680000000757,51.094585000000052],[4.4027010000000359,51.094487000000072],[4.4022150000000693,51.094309000000067],[4.4017620000000761,51.094217000000071],[4.4016430000000355,51.094223000000056],[4.400664000000063,51.094422000000066],[4.4005240000000754,51.094382000000053],[4.4001940000000559,51.094074000000035],[4.4009670000000369,51.093359000000078],[4.401123000000041,51.093283000000042],[4.4016850000000431,51.093128000000036],[4.4018780000000675,51.093027000000063],[4.4017650000000685,51.092863000000079],[4.4014440000000263,51.09263100000004],[4.3997860000000628,51.091755000000035],[4.3995500000000334,51.091573000000039],[4.3994560000000433,51.091392000000042],[4.3994880000000762,51.091303000000039],[4.3995650000000524,51.091229000000055],[4.4000030000000265,51.090976000000069],[4.4000990000000684,51.090800000000058],[4.4003110000000447,51.090650000000039],[4.4004510000000323,51.090360000000032],[4.4004920000000425,51.090148000000056],[4.4006440000000566,51.089639000000034],[4.4007940000000758,51.089323000000036],[4.4007530000000656,51.089206000000047],[4.4007710000000202,51.08900200000005],[4.4007220000000302,51.088791000000072],[4.4008040000000506,51.088534000000038],[4.4007800000000543,51.088452000000075],[4.4006460000000516,51.088377000000037],[4.4003210000000763,51.088334000000032],[4.3999940000000493,51.088290000000029],[4.3999240000000555,51.088008000000059],[4.3996250000000714,51.087865000000079],[4.3995280000000321,51.087912000000074],[4.399325000000033,51.087926000000039],[4.3992560000000367,51.087888000000078],[4.398915000000045,51.087827000000061],[4.3989950000000704,51.08747900000003],[4.3992820000000279,51.086664000000042],[4.3993830000000571,51.086231000000055],[4.3992980000000443,51.086151000000029],[4.3992340000000354,51.086022000000071],[4.3994330000000446,51.085859000000028],[4.3995660000000498,51.085667000000058],[4.3996210000000247,51.08544100000006],[4.3995900000000461,51.085166000000072],[4.3996080000000575,51.084858000000054],[4.3996020000000726,51.084575000000029],[4.3996420000000285,51.084406000000058],[4.3997340000000236,51.084386000000052],[4.3998110000000565,51.084370000000035],[4.3999000000000592,51.084351000000026],[4.3999000000000592,51.084621000000027],[4.3999890000000619,51.084731000000033],[4.4001330000000394,51.084768000000054],[4.4001570000000356,51.084324000000038],[4.4001740000000495,51.084125000000029],[4.4003250000000662,51.083705000000066],[4.4001010000000633,51.083378000000039],[4.3997220000000539,51.083193000000051],[4.3996890000000235,51.082860000000039],[4.3995420000000536,51.082579000000067],[4.3993800000000647,51.082388000000037],[4.3994620000000282,51.082035000000076],[4.3997370000000728,51.08176300000008],[4.3994580000000383,51.081748000000061],[4.3991010000000301,51.081735000000037],[4.3983680000000618,51.081817000000058],[4.3983610000000226,51.081420000000037],[4.3975880000000416,51.08136200000007],[4.3975220000000377,51.081257000000051],[4.3969630000000279,51.08116300000006],[4.3963830000000712,51.081018000000029],[4.3961170000000607,51.080980000000068],[4.3959560000000693,51.080981000000065],[4.3956020000000535,51.081138000000067],[4.3951610000000301,51.081311000000028],[4.3948220000000333,51.081555000000037],[4.3944090000000529,51.081799000000046],[4.3948120000000586,51.082196000000067],[4.3950010000000361,51.082426000000055],[4.395430000000033,51.082593000000031],[4.3978220000000761,51.083105000000046],[4.3978080000000546,51.083158000000026],[4.3977970000000255,51.083199000000036],[4.3977600000000621,51.08333900000008],[4.3977160000000595,51.083390000000065],[4.3978680000000736,51.083537000000035],[4.3979770000000258,51.083699000000081],[4.3979860000000599,51.08387700000003],[4.3975730000000226,51.08400800000004],[4.397371000000021,51.084020000000066],[4.3968790000000695,51.084146000000032],[4.3968350000000669,51.084164000000044],[4.3967090000000439,51.084219000000076],[4.3961230000000455,51.08464500000008],[4.3953110000000493,51.085045000000036],[4.3951270000000591,51.085161000000028],[4.3945350000000758,51.08530600000006],[4.3941930000000298,51.085273000000029],[4.3940670000000637,51.085336000000041],[4.3939710000000218,51.085454000000027],[4.3938490000000456,51.085520000000031],[4.3937000000000239,51.085528000000068],[4.3935030000000665,51.085630000000037],[4.3933670000000689,51.085641000000066],[4.3931040000000507,51.08548600000006],[4.3930460000000267,51.08544500000005],[4.3925630000000524,51.08535100000006],[4.3922640000000683,51.085254000000077],[4.3921340000000555,51.085190000000068],[4.3916880000000447,51.084866000000034],[4.3907010000000355,51.083885000000066],[4.3903570000000514,51.083502000000067],[4.3902200000000562,51.083453000000077],[4.3892930000000661,51.083464000000049],[4.3890700000000606,51.083432000000073],[4.3888980000000402,51.083378000000039],[4.3887550000000601,51.083286000000044],[4.3886670000000549,51.083181000000081],[4.3886530000000334,51.083067000000028],[4.388554000000056,51.082996000000037],[4.3884410000000571,51.082915000000071],[4.3883120000000417,51.082822000000078],[4.3881620000000225,51.082768000000044],[4.3878320000000599,51.08237100000008],[4.3875130000000695,51.082209000000034],[4.387294000000054,51.082128000000068],[4.3870510000000422,51.082133000000056],[4.3863050000000499,51.082376000000068],[4.3860340000000519,51.082454000000041],[4.3852020000000493,51.082576000000074],[4.3845840000000749,51.082630000000051],[4.3838250000000585,51.082686000000081],[4.3833830000000376,51.082712000000072],[4.3832630000000563,51.082721000000049],[4.3830310000000736,51.082715000000064],[4.3823480000000359,51.082695000000058],[4.3822420000000761,51.082671000000062],[4.3819010000000276,51.082573000000082],[4.381776000000059,51.082553000000075],[4.3816740000000323,51.082541000000049],[4.3815000000000737,51.082524000000035],[4.380670000000066,51.082546000000036],[4.3798810000000685,51.082568000000038],[4.3794940000000224,51.082583000000056],[4.3793040000000474,51.082641000000081],[4.3792590000000473,51.082507000000078],[4.3783730000000673,51.082542000000046],[4.3781000000000745,51.082533000000069],[4.3776730000000725,51.082564000000048],[4.3765340000000492,51.082652000000053],[4.375075000000038,51.082781000000068],[4.3749740000000656,51.082797000000028],[4.3749230000000239,51.082856000000049],[4.3749230000000239,51.082940000000065],[4.3749610000000416,51.083197000000041],[4.3749180000000365,51.083248000000026],[4.3748580000000743,51.08329800000007],[4.3743210000000659,51.083543000000077],[4.3741360000000213,51.083621000000051],[4.3740450000000237,51.083698000000027],[4.3739350000000741,51.083649000000037],[4.3730860000000575,51.083446000000038],[4.3729390000000308,51.08344900000003],[4.3727680000000646,51.083453000000077],[4.3717820000000529,51.083493000000033],[4.3716320000000337,51.08317900000003],[4.3706080000000611,51.083266000000037],[4.3696080000000279,51.083399000000043],[4.3691280000000461,51.083491000000038],[4.368261000000075,51.083742000000029],[4.3681490000000736,51.083791000000076],[4.3677840000000288,51.083880000000079],[4.3677430000000754,51.084029000000044],[4.3676020000000335,51.083850000000041],[4.3674760000000674,51.083837000000074],[4.3664470000000506,51.08408600000007],[4.3664090000000328,51.084106000000077],[4.3663780000000543,51.084138000000053],[4.3663170000000378,51.084182000000055],[4.3662150000000679,51.084216000000026],[4.366134000000045,51.08423300000004],[4.3660640000000512,51.084239000000082],[4.3658520000000749,51.084213000000034],[4.3655840000000694,51.084273000000053],[4.3648370000000227,51.084482000000037],[4.3645420000000286,51.084538000000066],[4.3643200000000206,51.084570000000042],[4.3634330000000432,51.084791000000052],[4.3626820000000635,51.08501300000006],[4.362555000000043,51.085078000000067],[4.3632120000000327,51.08590300000003],[4.3631760000000668,51.085982000000058],[4.3629590000000462,51.085990000000038],[4.3625590000000329,51.086084000000028],[4.3621290000000386,51.086253000000056],[4.3617390000000569,51.086449000000073],[4.3614330000000336,51.086627000000078],[4.3611700000000724,51.086794000000054]]},"properties":{"OBJECTID":8,"Name":"Spaak 09","Descript":"","Type":"TRKPT","Shape_Length":0.13726325251404914,"Field":11.873438820970886}},{"type":"Feature","id":9,"geometry":{"type":"LineString","coordinates":[[4.4114710000000628,51.165355000000034],[4.4117710000000443,51.164802000000066],[4.4118520000000672,51.164754000000073],[4.4118950000000723,51.164757000000066],[4.412065000000041,51.164783000000057],[4.4121530000000462,51.164772000000028],[4.4122610000000577,51.164609000000041],[4.4125770000000557,51.163962000000026],[4.4125410000000329,51.163898000000074],[4.4122070000000235,51.163786000000073],[4.4122000000000412,51.163715000000082],[4.4123040000000628,51.163489000000027],[4.4121930000000589,51.163371000000041],[4.4124110000000201,51.163189000000045],[4.4142520000000331,51.162044000000037],[4.4142700000000445,51.162007000000074],[4.414177000000052,51.161907000000042],[4.4142850000000635,51.161850000000072],[4.4155580000000327,51.15999800000003],[4.4174090000000206,51.15730300000007],[4.4178900000000567,51.156477000000052],[4.4180130000000304,51.156116000000054],[4.4169690000000514,51.156110000000069],[4.4169740000000388,51.156047000000058],[4.4169780000000287,51.155980000000056],[4.4169810000000211,51.155918000000042],[4.4173510000000533,51.155937000000051],[4.4177470000000199,51.155947000000026],[4.4181970000000206,51.155959000000053],[4.4182650000000763,51.155963000000042],[4.4184100000000512,51.15596400000004],[4.419661000000076,51.15587800000003],[4.4199930000000336,51.155859000000078],[4.4203960000000393,51.155820000000062],[4.4215100000000689,51.155759000000046],[4.4219000000000506,51.155771000000072],[4.4222630000000436,51.155816000000073],[4.421760000000063,51.15471400000007],[4.4217510000000289,51.154638000000034],[4.4217860000000542,51.154495000000054],[4.4222690000000284,51.15350600000005],[4.4225910000000681,51.152867000000072],[4.422864000000061,51.152289000000053],[4.4229240000000232,51.152226000000041],[4.4229690000000232,51.15207300000003],[4.4229620000000409,51.151487000000031],[4.4229950000000713,51.151339000000064],[4.4236510000000635,51.150501000000077],[4.4237200000000598,51.150442000000055],[4.4237250000000472,51.15038700000008],[4.4236640000000307,51.150351000000057],[4.4246290000000386,51.149006000000043],[4.425072000000057,51.148837000000071],[4.4251750000000243,51.148821000000055],[4.4254340000000525,51.14868800000005],[4.4258070000000203,51.148777000000052],[4.426099000000022,51.148796000000061],[4.4265140000000542,51.148797000000059],[4.4267380000000571,51.14864300000005],[4.4267670000000408,51.148524000000066],[4.4266750000000457,51.148408000000074],[4.426443000000063,51.148319000000072],[4.4259320000000457,51.148231000000067],[4.4258500000000254,51.14812500000005],[4.4258780000000684,51.147966000000054],[4.4260360000000674,51.147811000000047],[4.4262200000000576,51.147719000000052],[4.4269550000000208,51.147507000000076],[4.4270680000000766,51.147456000000034],[4.4277930000000651,51.146762000000081],[4.4278150000000664,51.146641000000045],[4.4277670000000739,51.146555000000035],[4.4278160000000639,51.146440000000041],[4.4280150000000731,51.146219000000031],[4.4287480000000414,51.145623000000057],[4.4290280000000735,51.145066000000043],[4.4289540000000329,51.144808000000069],[4.4289710000000468,51.144683000000043],[4.4292280000000233,51.144431000000054],[4.4293050000000562,51.144281000000035],[4.4292850000000499,51.144228000000055],[4.4289050000000429,51.144076000000041],[4.4287550000000238,51.14395200000007],[4.4287390000000642,51.143847000000051],[4.4286840000000325,51.143652000000031],[4.4288870000000315,51.143196000000046],[4.4289140000000202,51.143131000000039],[4.428854000000058,51.142994000000044],[4.428952000000038,51.14274000000006]]},"properties":{"OBJECTID":9,"Name":"Spaak 09","Descript":"","Type":"TRKPT","Shape_Length":0.037777600066279435,"Field":3.4464311444841584}},{"type":"Feature","id":10,"geometry":{"type":"LineString","coordinates":[[4.4101160000000732,51.184278000000063],[4.4091440000000262,51.183983000000069],[4.408172000000036,51.18369000000007],[4.4072000000000457,51.183398000000068],[4.4072000000000457,51.18339700000007],[4.4071250000000646,51.183374000000072],[4.4070310000000745,51.183346000000029],[4.4070240000000354,51.183343000000036],[4.4069520000000466,51.183322000000032],[4.4068830000000503,51.183301000000029],[4.4068280000000755,51.183284000000072],[4.4066970000000651,51.183245000000056],[4.4064700000000698,51.183177000000057],[4.406421000000023,51.183093000000042],[4.4065040000000408,51.182979000000046],[4.4066810000000487,51.182750000000055],[4.4066250000000764,51.182579000000032],[4.4065800000000763,51.182367000000056],[4.4064910000000737,51.182150000000036],[4.4063150000000633,51.182005000000061],[4.4057220000000257,51.181830000000048],[4.4056340000000205,51.181750000000079],[4.4056580000000736,51.181635000000028],[4.4055220000000759,51.181415000000072],[4.4055480000000671,51.181293000000039],[4.4055380000000355,51.180930000000046],[4.4053840000000264,51.180700000000058],[4.4053700000000617,51.180484000000035],[4.4059310000000664,51.179718000000037],[4.4060290000000464,51.179475000000082],[4.4059710000000223,51.179417000000058],[4.405648000000042,51.179307000000051],[4.4051580000000286,51.179201000000035],[4.404117000000042,51.179188000000067],[4.4037150000000338,51.179268000000036],[4.4036910000000375,51.179153000000042],[4.4035280000000512,51.178573000000029],[4.4034430000000384,51.178553000000079],[4.403425000000027,51.178526000000033],[4.4034900000000334,51.178466000000071],[4.4032900000000268,51.17792600000007],[4.4030340000000479,51.177548000000058],[4.402761000000055,51.177090000000078],[4.4026820000000271,51.176885000000027],[4.4026070000000459,51.176459000000079],[4.4024830000000748,51.175033000000042],[4.4024240000000532,51.174999000000071],[4.4026910000000612,51.174816000000078],[4.4031960000000367,51.174470000000042],[4.4033410000000686,51.174409000000026],[4.4034980000000701,51.174292000000037],[4.403536000000031,51.174284000000057],[4.4035080000000448,51.174236000000064],[4.4034290000000738,51.174114000000031],[4.4043120000000613,51.173891000000026],[4.4045920000000365,51.173820000000035],[4.4050670000000309,51.17377700000003],[4.4050960000000714,51.173731000000032],[4.4052150000000552,51.173729000000037],[4.4052820000000565,51.173729000000037],[4.4053560000000402,51.173727000000042],[4.4053080000000477,51.173682000000042],[4.4053000000000679,51.173393000000033],[4.4053360000000339,51.173364000000049],[4.4053930000000605,51.173309000000074],[4.4053660000000718,51.173177000000067],[4.4053290000000516,51.173046000000056],[4.4052590000000578,51.172923000000026],[4.4052600000000552,51.172868000000051],[4.40536400000002,51.172736000000043],[4.4055590000000393,51.172754000000054],[4.4063680000000431,51.172733000000051],[4.4067900000000577,51.172719000000029],[4.4073640000000296,51.17265400000008],[4.4076730000000452,51.172542000000078],[4.4079450000000406,51.172522000000072],[4.4082000000000221,51.172502000000065],[4.4087940000000572,51.172542000000078],[4.4096760000000472,51.172300000000064],[4.4099340000000211,51.172188000000062],[4.4100720000000706,51.172028000000068],[4.4105190000000221,51.171365000000037],[4.4107790000000477,51.171027000000038],[4.4109750000000645,51.170993000000067],[4.4111410000000433,51.171023000000048],[4.4112320000000409,51.170989000000077],[4.4118380000000457,51.170092000000068],[4.4121070000000486,51.169891000000064],[4.4123340000000439,51.169383000000039],[4.4124670000000492,51.168989000000067],[4.4126070000000368,51.168209000000047],[4.4127380000000471,51.167478000000074],[4.4129100000000676,51.16598700000003],[4.412902000000031,51.16584800000004],[4.4128500000000486,51.165740000000028],[4.4125070000000619,51.165525000000059],[4.4122580000000653,51.165467000000035]]},"properties":{"OBJECTID":10,"Name":"Spaak 09","Descript":"","Type":"TRKPT","Shape_Length":0.033060333898678095,"Field":2.9725654481952017}},{"type":"Feature","id":11,"geometry":{"type":"LineString","coordinates":[[4.4803550000000314,51.151317000000063],[4.4805600000000254,51.151238000000035],[4.4806770000000711,51.151194000000032],[4.4816180000000259,51.150835000000029],[4.4818120000000476,51.150810000000035],[4.4821700000000533,51.150675000000035],[4.4821860000000697,51.150630000000035],[4.4823790000000372,51.150585000000035],[4.4824740000000247,51.150496000000032],[4.4825660000000198,51.150502000000074],[4.4827270000000681,51.150417000000061],[4.4829790000000571,51.150224000000037],[4.4830160000000205,51.150068000000033],[4.4837780000000294,51.14878600000003],[4.4837940000000458,51.148757000000046],[4.484245000000044,51.147929000000033],[4.4844340000000216,51.147582000000057],[4.4847180000000435,51.147093000000041],[4.4849330000000691,51.146765000000073],[4.4851350000000707,51.146547000000055],[4.4854840000000422,51.146157000000073],[4.4857420000000729,51.145862000000079],[4.4862640000000624,51.145264000000054],[4.4863630000000398,51.145140000000026],[4.4863990000000626,51.145099000000073],[4.4866570000000365,51.144804000000079],[4.4878060000000346,51.143486000000053],[4.4897040000000743,51.141377000000034],[4.4900290000000496,51.141081000000042],[4.4902560000000449,51.140884000000028],[4.4910060000000271,51.140308000000061],[4.4902560000000449,51.140884000000028],[4.4921600000000694,51.141512000000034],[4.4924320000000648,51.142078000000026],[4.4921000000000504,51.142618000000027],[4.4932110000000307,51.142961000000071],[4.492315000000076,51.144232000000045],[4.4926940000000286,51.144331000000079],[4.4929860000000303,51.144557000000077],[4.4933720000000221,51.144637000000046],[4.4938110000000506,51.14455600000008],[4.494303000000059,51.144626000000073],[4.4945060000000581,51.144626000000073],[4.495817000000045,51.144538000000068],[4.4958930000000237,51.144505000000038],[4.4961190000000215,51.14440600000006],[4.496195000000057,51.144179000000065],[4.4960940000000278,51.143973000000074],[4.4961230000000683,51.143971000000079],[4.4962770000000205,51.143962000000045],[4.496338000000037,51.143959000000052],[4.4970510000000559,51.144108000000074],[4.497882000000061,51.143367000000069],[4.4979740000000561,51.143280000000061],[4.5007090000000289,51.140975000000026],[4.5011370000000284,51.138871000000051],[4.5011600000000271,51.13872200000003],[4.501117000000022,51.138641000000064],[4.5011680000000638,51.138591000000076],[4.5012080000000765,51.138368000000071],[4.5012770000000728,51.138314000000037],[4.5014680000000453,51.138219000000049],[4.5030030000000352,51.137230000000045],[4.5037910000000352,51.136737000000039],[4.504724000000067,51.136949000000072],[4.5048910000000433,51.13686400000006],[4.506227000000024,51.135592000000031],[4.5070390000000202,51.134936000000039],[4.5070890000000645,51.134742000000074],[4.5073750000000246,51.134476000000063],[4.5073720000000321,51.134431000000063],[4.5068920000000503,51.13412900000003],[4.5069310000000655,51.134103000000039],[4.5069900000000302,51.134058000000039],[4.5064800000000673,51.133756000000062],[4.5074900000000753,51.13223000000005],[4.5074830000000361,51.132089000000065],[4.5071450000000368,51.131955000000062],[4.5066830000000664,51.131718000000035],[4.5065440000000763,51.131556000000046],[4.506539000000032,51.131422000000043],[4.506445000000042,51.131270000000029],[4.5067280000000665,51.131039000000044],[4.5069200000000365,51.130831000000057],[4.5074740000000588,51.130888000000027],[4.5075860000000603,51.130898000000059],[4.5076380000000427,51.130956000000026],[4.5081910000000676,51.131252000000075],[4.5076380000000427,51.130956000000026],[4.5075860000000603,51.130898000000059],[4.5074740000000588,51.130888000000027],[4.5073890000000461,51.130773000000033],[4.5073230000000422,51.130641000000026],[4.5073470000000384,51.130559000000062],[4.5069280000000731,51.129462000000046],[4.5068340000000262,51.129316000000074],[4.5067400000000362,51.129236000000049],[4.5063590000000318,51.128978000000075],[4.5063590000000318,51.128897000000052],[4.5068350000000237,51.128249000000039],[4.5081660000000738,51.128522000000032],[4.50819400000006,51.128528000000074],[4.5088290000000484,51.127807000000075],[4.5090680000000702,51.127536000000077],[4.5096540000000687,51.127195000000029],[4.5097600000000284,51.127121000000045],[4.5095850000000723,51.126514000000043],[4.5094140000000493,51.126385000000028],[4.5091750000000275,51.125616000000036],[4.5091600000000653,51.125571000000036],[4.5096360000000573,51.125542000000053],[4.510195000000067,51.125538000000063],[4.5108420000000251,51.125571000000036],[4.513396000000057,51.125702000000047],[4.5136020000000485,51.125712000000078],[4.5139960000000201,51.125773000000038],[4.5140760000000455,51.125585000000058],[4.5136880000000588,51.125504000000035],[4.5136430000000587,51.125118000000043],[4.5134440000000495,51.124948000000074],[4.5134170000000609,51.124880000000076],[4.513349000000062,51.124261000000047],[4.5133660000000759,51.124121000000059],[4.5135970000000611,51.123678000000041],[4.5133540000000494,51.123562000000049],[4.5132100000000719,51.123298000000034],[4.5132510000000252,51.122977000000049],[4.5132020000000352,51.122940000000028],[4.5132150000000593,51.122917000000029],[4.5132670000000417,51.122904000000062],[4.5131470000000604,51.122373000000039],[4.5131470000000604,51.122261000000037],[4.5132070000000226,51.122110000000077],[4.513272000000029,51.122095000000058],[4.5133030000000645,51.122013000000038],[4.5138350000000287,51.122101000000043],[4.5143460000000459,51.122240000000033],[4.5155410000000415,51.122695000000078],[4.5159600000000637,51.122607000000073],[4.5161430000000564,51.122610000000066],[4.5163890000000606,51.122549000000049],[4.516518000000076,51.122364000000061],[4.5166520000000219,51.122287000000028],[4.5172320000000354,51.122213000000045],[4.5178450000000225,51.122181000000069],[4.5183540000000448,51.122237000000041],[4.5191160000000536,51.122547000000054],[4.5194380000000365,51.122655000000066],[4.5195990000000279,51.122773000000052],[4.5199510000000487,51.122853000000077],[4.5201340000000414,51.122947000000067],[4.5207990000000677,51.12312200000008],[4.5212710000000698,51.123452000000043],[4.5214000000000283,51.123512000000062],[4.5218290000000252,51.123465000000067],[4.5220590000000698,51.123653000000047],[4.5216030000000274,51.12405700000005],[4.5212680000000205,51.124307000000044],[4.5218850000000543,51.125237000000027],[4.5223290000000702,51.125709000000029],[4.5232560000000603,51.125997000000041],[4.5240650000000642,51.125512000000072],[4.5246100000000524,51.125129000000072],[4.5253110000000447,51.124765000000082],[4.527650000000051,51.123306000000071],[4.5288390000000618,51.122565000000066],[4.5290730000000394,51.122730000000047],[4.53100900000004,51.121462000000065],[4.5314880000000244,51.121097000000077],[4.5323390000000359,51.120367000000044],[4.5311890000000403,51.119733000000053],[4.5299530000000345,51.119140000000073],[4.5296560000000454,51.118998000000033],[4.5286500000000274,51.118393000000026],[4.5284070000000725,51.118286000000069],[4.5273390000000404,51.117938000000038],[4.5275500000000761,51.117750000000058],[4.5321630000000255,51.117365000000063],[4.5321570000000406,51.117343000000062],[4.5325200000000336,51.117329000000041],[4.5329710000000318,51.117409000000066],[4.5345340000000647,51.117951000000062],[4.5345340000000647,51.117952000000059],[4.5346850000000245,51.117975000000058],[4.5348280000000614,51.117942000000028],[4.5349290000000337,51.117911000000049],[4.5348560000000475,51.117823000000044],[4.5347320000000764,51.117527000000052],[4.5346810000000346,51.117333000000031],[4.5346410000000219,51.117122000000052],[4.5345750000000749,51.11665000000005],[4.5346420000000762,51.116684000000078],[4.5345620000000508,51.116245000000049],[4.5344410000000721,51.115953000000047],[4.5345620000000508,51.116245000000049],[4.5348180000000298,51.116273000000035],[4.5353380000000243,51.116479000000027],[4.5355180000000246,51.11651100000006],[4.5365720000000351,51.116442000000063],[4.5368990000000622,51.11645800000008],[4.5384820000000445,51.116851000000054],[4.5390270000000328,51.117013000000043],[4.5390110000000732,51.117037000000039],[4.5389470000000642,51.117129000000034],[4.5389280000000554,51.117147000000045],[4.5393310000000611,51.11724600000008],[4.539634000000035,51.117271000000073],[4.5399000000000456,51.117397000000039],[4.5400310000000559,51.117423000000031],[4.54013800000007,51.117418000000043],[4.5403590000000236,51.117347000000052],[4.5405020000000604,51.117226000000073],[4.540535000000034,51.117057000000045],[4.5406330000000708,51.116996000000029],[4.5406340000000682,51.116996000000029],[4.5411020000000235,51.116922000000045],[4.5414950000000545,51.117070000000069],[4.5416490000000636,51.117163000000062],[4.5417370000000687,51.117317000000071],[4.5417740000000322,51.117435000000057],[4.542500000000075,51.117609000000073],[4.5446550000000343,51.118318000000045],[4.5465670000000387,51.119318000000078],[4.5468320000000517,51.11920200000003],[4.5472490000000221,51.118933000000027],[4.5475840000000289,51.11841400000003],[4.5481720000000223,51.117718000000082],[4.548334000000068,51.117473000000075],[4.5489490000000501,51.117477000000065],[4.5498230000000603,51.117408000000069],[4.5501480000000356,51.117432000000065],[4.5502950000000624,51.11748300000005],[4.5504630000000361,51.117658000000063],[4.5505360000000223,51.117856000000074],[4.5504860000000349,51.118006000000037],[4.5502250000000686,51.118321000000037],[4.5501390000000583,51.118482000000029],[4.5501880000000483,51.118862000000036],[4.5503030000000422,51.119048000000078],[4.5505500000000438,51.119268000000034],[4.5512770000000273,51.119601000000046],[4.5514910000000555,51.119684000000063],[4.5517250000000331,51.119743000000028],[4.5539070000000379,51.120330000000081],[4.5548280000000432,51.120696000000066],[4.5550900000000638,51.120817000000045],[4.5562310000000252,51.121588000000031],[4.5570290000000568,51.122033000000044],[4.5572400000000357,51.12212500000004],[4.5589730000000372,51.122426000000075],[4.5594040000000291,51.122570000000053],[4.5596350000000712,51.122673000000077],[4.5604710000000637,51.123258000000078],[4.5609610000000202,51.123587000000043],[4.5640810000000442,51.12321600000007],[4.5646180000000527,51.123152000000061],[4.5647520000000554,51.123213000000078],[4.5650710000000458,51.123239000000069],[4.564845000000048,51.123263000000065],[4.5643770000000359,51.123379000000057],[4.5633640000000355,51.123681000000033],[4.5644430000000398,51.12447700000007],[4.5643750000000409,51.124586000000079],[4.5643420000000674,51.124761000000035],[4.5643750000000409,51.124956000000054],[4.5642110000000571,51.125229000000047],[4.5641990000000305,51.125373000000081],[4.5642380000000458,51.12550600000003],[4.5642160000000445,51.125653000000057],[4.564181000000076,51.125688000000082],[4.5643040000000497,51.12577900000008],[4.5648790000000758,51.125500000000045],[4.565018000000066,51.125462000000027],[4.5653850000000489,51.125463000000082],[4.5654700000000616,51.125463000000082],[4.5659090000000333,51.125488000000075],[4.5659420000000637,51.12549000000007],[4.5661080000000425,51.125504000000035],[4.5668410000000677,51.125667000000078],[4.5673830000000635,51.125921000000062],[4.5676400000000399,51.126013000000057],[4.5682840000000624,51.126185000000078],[4.5689280000000281,51.126309000000049],[4.5691770000000247,51.126401000000044],[4.5696470000000318,51.126667000000054]]},"properties":{"OBJECTID":11,"Name":"Spaak 08","Descript":"","Type":"TRKPT","Shape_Length":0.15426475400698614,"Field":12.999853338446862}},{"type":"Feature","id":12,"geometry":{"type":"LineString","coordinates":[[4.4642209940000726,51.175464004000048],[4.4653829940000378,51.175811004000082],[4.4654079940000315,51.175864004000061],[4.4654979940000317,51.17585000400004],[4.4655719940000722,51.175863004000064],[4.4666399940000474,51.176154004000068],[4.4667499940000539,51.176228004000052],[4.4669089940000504,51.17649100400007],[4.4674379940000222,51.176791004000052],[4.467847994000067,51.177018004000047],[4.4681649940000625,51.177162004000081],[4.468135994000022,51.177216004000059],[4.4683169940000198,51.177251004000027],[4.4682879940000362,51.177303004000066],[4.4687129940000432,51.177379004000045],[4.4688869940000586,51.177518004000035],[4.4692139940000288,51.177664004000064],[4.4693389940000543,51.177721004000034],[4.4694009940000683,51.177749004000077],[4.4694639940000229,51.177777004000063],[4.4695419940000534,51.177762004000044],[4.4697409940000625,51.177643004000061],[4.4701729940000519,51.177263004000054],[4.4705729940000651,51.176837004000049],[4.4708619940000744,51.176388004000046],[4.4711159940000584,51.175824004000049],[4.4712279940000599,51.175335004000033],[4.4712439940000763,51.17473500400007],[4.471148994000032,51.174336004000054],[4.4710279940000532,51.173828004000029],[4.470689994000054,51.173034004000044],[4.470531994000055,51.17278800400004],[4.4702329940000709,51.172173004000058],[4.4700759940000694,51.17198400400008],[4.46988499400004,51.171652004000066],[4.4697359940000752,51.171509004000029],[4.4694549940000456,51.171123004000037],[4.4691799940000578,51.170621004000054],[4.4688269940000396,51.169818004000035],[4.4686889940000469,51.169655004000049],[4.4686659940000482,51.169625004000068],[4.4685329940000429,51.169446004000065],[4.4683339940000337,51.169039004000069],[4.4686169940000582,51.169016004000071],[4.4690749940000387,51.168970004000073],[4.469220994000068,51.168952004000062],[4.4692719940000529,51.168946004000077],[4.4694269940000595,51.169267004000062],[4.4697629940000638,51.16940700400005],[4.4702329940000709,51.170067004000032],[4.4707039940000755,51.171001004000061],[4.472361994000039,51.170895004000045],[4.4724179940000681,51.171720004000065],[4.4724619940000707,51.171738004000076],[4.4724969940000392,51.172137004000035],[4.472566994000033,51.172201004000044],[4.4729099940000765,51.172240004000059],[4.4732219940000277,51.172250004000034],[4.47358799400007,51.172224004000043],[4.473561994000022,51.17203300400007],[4.4741469940000229,51.171993004000058],[4.4749079940000343,51.171942004000073],[4.4750989940000636,51.17204500400004],[4.4759449940000309,51.171485004000033],[4.476461994000033,51.171800004000033],[4.4773069940000596,51.171293004000063],[4.4774069940000345,51.171356004000074],[4.4779899940000405,51.17097500400007],[4.4782999940000536,51.170717004000039],[4.4783499940000411,51.170636004000073],[4.4783639940000626,51.170562004000033],[4.4781589940000686,51.169705004000036],[4.4780729940000583,51.169353004000072],[4.4780639940000242,51.169312004000062],[4.4778489940000554,51.168358004000027],[4.4777789940000616,51.168122004000054],[4.4779859940000506,51.16810500400004],[4.4779789940000683,51.168074004000061],[4.4779729940000266,51.168041004000031],[4.4779529940000202,51.167956004000075],[4.4779479940000328,51.16792900400003],[4.4779359940000631,51.167883004000032],[4.4776229940000576,51.167911004000075],[4.477467994000051,51.167315004000045],[4.477435994000075,51.167190004000076],[4.4779489940000303,51.166630004000069],[4.4780629940000267,51.16657400400004],[4.4782349940000472,51.166581004000079],[4.4785029940000527,51.166675004000069],[4.4793419940000376,51.16703500400007],[4.4810289940000416,51.167048004000037],[4.481093994000048,51.166712004000033],[4.4810739940000417,51.16624300400008],[4.4806849940000575,51.165492004000043],[4.4805169940000269,51.164781004000076],[4.4804529940000748,51.164624004000075],[4.4794809940000277,51.164544004000049],[4.4788359940000646,51.164472004000061],[4.4790469940000435,51.164227004000054],[4.4790319940000245,51.164119004000042],[4.4788139940000633,51.16398100400005],[4.4788449940000419,51.163392004000059],[4.4789489940000635,51.162780004000069],[4.4789539940000509,51.162751004000029],[4.4789609940000332,51.162700004000044],[4.4789509940000585,51.162681004000035],[4.4789259940000647,51.162562004000051],[4.4785289940000439,51.161643004000041],[4.4785439940000629,51.161446004000027],[4.4785499940000477,51.161423004000028],[4.478573994000044,51.161351004000039],[4.4785819940000238,51.161320004000061],[4.4785929940000528,51.161280004000048],[4.4786009940000326,51.161123004000046],[4.4784709940000198,51.160975004000079],[4.4783659940000575,51.160775004000072],[4.478244994000022,51.160380004000046],[4.4781079940000268,51.159835004000058],[4.4780119940000418,51.159610004000058],[4.4771609940000303,51.158389004000071],[4.4771199940000201,51.158325004000062],[4.4773319940000533,51.158346004000066],[4.4773279940000634,51.158285004000049],[4.4772059940000304,51.158106004000047],[4.4772039940000354,51.157976004000034],[4.4771569940000404,51.157908004000035],[4.4773009940000748,51.157671004000065],[4.4772529940000254,51.157368004000034],[4.4773209940000243,51.157250004000048],[4.4774419940000598,51.157038004000071],[4.477358994000042,51.15696700400008],[4.4772789940000735,51.156958004000046],[4.4771489940000606,51.15698700400003],[4.4770599940000579,51.156970004000073],[4.4770199940000452,51.156884004000062],[4.4770509940000238,51.156700004000072],[4.4770169940000528,51.156673004000027],[4.4768569940000589,51.15665200400008],[4.4769149940000261,51.156471004000082],[4.476933994000035,51.156410004000065],[4.476995994000049,51.156230004000065],[4.477044994000039,51.156092004000072],[4.4772269940000342,51.155531004000068],[4.4772439940000481,51.155490004000058],[4.4771739940000543,51.155466004000061],[4.4771979940000506,51.15540700400004],[4.477262994000057,51.155093004000037],[4.4774109940000244,51.154888004000043],[4.4775869940000348,51.154180004000068],[4.4776339940000298,51.154004004000058],[4.4775479940000764,51.153987004000044],[4.4774299940000333,51.153866004000065],[4.4774869940000599,51.153683004000072],[4.4776549940000336,51.153147004000061],[4.4778289940000491,51.152564004000055],[4.4775899940000272,51.15237400400008],[4.4789169940000306,51.151874004000035],[4.4791819600000622,51.151769018000039],[4.4791819940000437,51.151769004000073]]},"properties":{"OBJECTID":12,"Name":"Spaak 08","Descript":"","Type":"TRKPT","Shape_Length":0.057547375733289323,"Field":5.3535659213928888}},{"type":"Feature","id":13,"geometry":{"type":"LineString","coordinates":[[4.4791819940000437,51.151769004000073],[4.4795499940000241,51.151616004000061],[4.4796979940000483,51.15156100400003],[4.4801439940000591,51.151395004000051],[4.480354994000038,51.151317004000077]]},"properties":{"OBJECTID":13,"Name":"Spaak 08","Descript":"","Type":"TRKPT","Shape_Length":0.0012572740768957184,"Field":0.096284157610192503}},{"type":"Feature","id":14,"geometry":{"type":"LineString","coordinates":[[4.4343070000000466,51.195438000000081],[4.4343970000000468,51.195414000000028],[4.4353450000000407,51.194571000000053],[4.4355000000000473,51.194407000000069],[4.4355670000000487,51.194344000000058],[4.4357430000000591,51.194209000000058],[4.4373870000000579,51.193024000000037],[4.4374280000000681,51.192993000000058],[4.4375030000000493,51.192905000000053],[4.4375500000000443,51.192845000000034],[4.437575000000038,51.192806000000076],[4.4376110000000608,51.192815000000053],[4.4378340000000662,51.193081000000063],[4.4379740000000538,51.193027000000029],[4.4388980000000515,51.191994000000079],[4.4405380000000605,51.190140000000042],[4.4406440000000202,51.190106000000071],[4.4406280000000606,51.190029000000038],[4.4407110000000216,51.189999000000057],[4.4407730000000356,51.190012000000081],[4.4409060000000409,51.189944000000025],[4.4412280000000237,51.189590000000067],[4.4414540000000216,51.189352000000042],[4.4416110000000231,51.189183000000071],[4.441910000000064,51.18887200000006],[4.4419780000000628,51.188856000000044],[4.4420360000000301,51.18887600000005],[4.4421240000000353,51.188842000000079],[4.442273000000057,51.18868400000008],[4.4428470000000289,51.187815000000057],[4.4428160000000503,51.187607000000071],[4.4433260000000701,51.187047000000064],[4.4436850000000732,51.18706300000008],[4.4441660000000525,51.186542000000031],[4.4442500000000678,51.186503000000073],[4.4443060000000401,51.18650400000007],[4.4445060000000467,51.186593000000073],[4.4446090000000709,51.186644000000058],[4.4449970000000576,51.186382000000037],[4.4471190000000433,51.187596000000042],[4.4482340000000704,51.18823400000008],[4.4484570000000758,51.188173000000063],[4.4492570000000455,51.187655000000063],[4.4493430000000558,51.187687000000039],[4.4494570000000522,51.187708000000043],[4.449574000000041,51.18776900000006],[4.4497350000000324,51.187792000000059],[4.449888000000044,51.187772000000052],[4.4507210000000441,51.187277000000051],[4.4512380000000462,51.187021000000072],[4.4531000000000631,51.186124000000063],[4.456196000000034,51.184559000000036],[4.4562680000000228,51.18442600000003],[4.4564230000000293,51.184338000000082],[4.4563910000000533,51.184286000000043],[4.456147000000044,51.184296000000074],[4.4566920000000323,51.183892000000071],[4.457001000000048,51.183569000000034],[4.4570980000000304,51.183362000000045],[4.4570350000000758,51.183202000000051],[4.4568680000000427,51.182998000000055],[4.4567890000000716,51.182913000000042],[4.4564970000000699,51.18261300000006],[4.456465000000037,51.182583000000079],[4.4562880000000291,51.182419000000039],[4.4562060000000656,51.182375000000036],[4.4563490000000456,51.18216300000006],[4.4564210000000344,51.182005000000061],[4.4564350000000559,51.181572000000074],[4.4565540000000397,51.181349000000068],[4.4568630000000553,51.181290000000047],[4.4587760000000571,51.180928000000051],[4.4604610000000662,51.180619000000036],[4.4605340000000524,51.180654000000061],[4.4611450000000445,51.181314000000043],[4.4617840000000228,51.18202000000008],[4.4622320000000286,51.181848000000059],[4.4625830000000519,51.181695000000047],[4.4626610000000255,51.181566000000032],[4.4631140000000755,51.181411000000026],[4.4638150000000678,51.181167000000073],[4.4643980000000738,51.180909000000042],[4.465355000000045,51.18038800000005],[4.4654550000000199,51.180269000000067],[4.4655140000000415,51.180180000000064],[4.4655450000000201,51.180111000000068],[4.4655780000000505,51.180042000000071],[4.4655780000000505,51.180042000000071],[4.4656481830000416,51.180008994000048]]},"properties":{"OBJECTID":14,"Name":"Spaak 08","Descript":"","Type":"TRKPT","Shape_Length":0.042508948323609783,"Field":3.6538301097483421}},{"type":"Feature","id":15,"geometry":{"type":"LineString","coordinates":[[4.5339380000000347,51.179235000000062],[4.536008000000038,51.178153000000066],[4.537003000000027,51.177783000000034],[4.5374070000000302,51.177637000000061],[4.5376790000000256,51.177539000000081],[4.5380930000000603,51.17743100000007],[4.5388100000000691,51.177321000000063],[4.5397200000000453,51.177098000000058],[4.5404660000000376,51.176879000000042],[4.5413070000000744,51.176509000000067],[4.5415680000000407,51.176457000000028],[4.5417850000000612,51.176442000000065],[4.5418250000000739,51.176440000000071],[4.5427890000000275,51.176435000000026],[4.5433620000000587,51.176459000000079],[4.5438270000000216,51.176515000000052],[4.544742000000042,51.176667000000066],[4.544806000000051,51.176339000000041],[4.5451140000000692,51.175455000000056],[4.5454110000000583,51.17469600000004],[4.5454330000000596,51.174559000000045],[4.5454840000000445,51.172917000000041],[4.545831000000021,51.172886000000062],[4.5476990000000228,51.17255700000004],[4.5476340000000732,51.171807000000058],[4.5475690000000668,51.171058000000073],[4.5475030000000629,51.170309000000032],[4.5475240000000667,51.170274000000063],[4.5484220000000732,51.169861000000026],[4.5493200000000229,51.169448000000045],[4.5493800000000419,51.169414000000074],[4.5494150000000673,51.169379000000049],[4.5494260000000395,51.169331000000057],[4.549536000000046,51.168620000000033],[4.5496000000000549,51.168142000000046],[4.5496640000000639,51.167664000000059],[4.5500360000000342,51.167521000000079],[4.5500450000000683,51.166944000000058],[4.550055000000043,51.166367000000037],[4.5501930000000357,51.165814000000069],[4.5503320000000258,51.165261000000044],[4.5505950000000439,51.164426000000049],[4.5495640000000321,51.164341000000036],[4.5485320000000229,51.16425600000008],[4.5477560000000494,51.164201000000048],[4.5469790000000216,51.164146000000073],[4.5469070000000329,51.164090000000044],[4.5470750000000635,51.163041000000078],[4.5483400000000529,51.163113000000067],[4.5491120000000365,51.163166000000047],[4.5497780000000603,51.163169000000039],[4.5523490000000493,51.162919000000045],[4.5528090000000248,51.162817000000075],[4.5534970000000499,51.162591000000077],[4.5544580000000678,51.162384000000031],[4.5546450000000505,51.162322000000074],[4.5548750000000382,51.16221900000005],[4.5553470000000402,51.161859000000049],[4.5557190000000674,51.161958000000027],[4.5570380000000341,51.162102000000061],[4.5571860000000584,51.162145000000066],[4.5574270000000752,51.162214000000063],[4.5576490000000263,51.16235000000006],[4.5577760000000467,51.162472000000037],[4.5582240000000525,51.163094000000058],[4.5584550000000377,51.163384000000065],[4.5585690000000341,51.163482000000045],[4.5588410000000295,51.163620000000037],[4.5590980000000627,51.163699000000065],[4.5593780000000379,51.163726000000054],[4.5608670000000302,51.163687000000039],[4.5613810000000399,51.163722000000064],[4.5624930000000745,51.163944000000072],[4.5635660000000371,51.164129000000059],[4.5639100000000212,51.164160000000038],[4.5650100000000293,51.164182000000039],[4.5651320000000624,51.16421900000006],[4.5654550000000427,51.16411800000003],[4.5654740000000515,51.163925000000063],[4.5658760000000598,51.163124000000039],[4.5661770000000388,51.16264300000006],[4.566724000000022,51.16190000000006],[4.5672870000000216,51.160517000000027],[4.567512000000022,51.159790000000044],[4.5680540000000747,51.159316000000047],[4.5687180000000467,51.157919000000049],[4.5689510000000269,51.157342000000028],[4.5675920000000474,51.156966000000068],[4.5649620000000368,51.156179000000066],[4.5648650000000544,51.156143000000043],[4.5646450000000414,51.155999000000065],[4.5643150000000219,51.155632000000026],[4.5631510000000617,51.153677000000073],[4.5631190000000288,51.15350200000006],[4.563961000000063,51.152944000000048],[4.5642350000000533,51.152728000000081],[4.5644120000000612,51.152533000000062],[4.5644120000000612,51.15243600000008],[4.5643420000000674,51.152277000000026],[4.5642240000000243,51.152119000000027],[4.5642240000000243,51.152055000000075],[4.5642780000000585,51.151995000000056],[4.5648350000000733,51.151759000000027],[4.5648780000000215,51.151685000000043],[4.5648680000000468,51.151049000000057],[4.564830000000029,51.150938000000053],[4.5647250000000668,51.150797000000068],[4.5643080000000396,51.150365000000079],[4.5638700000000654,51.149912000000029],[4.5638380000000325,51.14978700000006],[4.5635420000000408,51.149467000000072],[4.5647240000000693,51.149208000000044],[4.564689000000044,51.149161000000049],[4.5649380000000406,51.149105000000077],[4.5649650000000292,51.149156000000062],[4.5657150000000684,51.148990000000026],[4.5662360000000604,51.148875000000032],[4.5662700000000314,51.148719000000028],[4.5663770000000454,51.148727000000065],[4.5664470000000392,51.14867600000008],[4.5666040000000407,51.148576000000048],[4.5666700000000446,51.148531000000048],[4.5669460000000299,51.148582000000033],[4.5688190000000759,51.147930000000031],[4.569479000000058,51.147689000000071],[4.5695190000000707,51.147723000000042],[4.5695870000000696,51.147747000000038],[4.5699960000000601,51.147882000000038],[4.5701950000000693,51.148003000000074],[4.5706460000000675,51.148381000000029],[4.5711130000000253,51.148617000000058],[4.5718170000000669,51.14896200000004],[4.5721770000000674,51.14905200000004],[4.5723970000000236,51.149058000000082],[4.5724800000000414,51.149045000000058],[4.5731640000000766,51.148761000000036],[4.5737090000000649,51.148531000000048],[4.5740780000000427,51.148385000000076],[4.5743480000000432,51.148273000000074],[4.574670000000026,51.14812900000004],[4.5754460000000563,51.147837000000038],[4.5762870000000362,51.147592000000031],[4.5763480000000527,51.147577000000069],[4.576227000000074,51.147368000000029],[4.5760170000000358,51.146790000000067],[4.5760790000000497,51.146783000000028],[4.5761560000000259,51.146730000000048],[4.5771410000000401,51.146626000000026],[4.5777460000000474,51.146650000000079],[4.5780170000000453,51.146617000000049],[4.5778440000000273,51.146058000000039],[4.5778120000000513,51.14585100000005],[4.5777780000000234,51.145563000000038],[4.5778120000000513,51.145179000000041],[4.5778310000000602,51.144972000000053],[4.577948000000049,51.144122000000038],[4.5781000000000631,51.143552000000057],[4.5782650000000444,51.143149000000051],[4.5784150000000636,51.142880000000048],[4.5787840000000415,51.142450000000053],[4.578881000000024,51.142338000000052],[4.5792170000000283,51.142159000000049],[4.5793100000000209,51.14214700000008],[4.5793580000000702,51.142138000000045],[4.5794030000000703,51.142078000000026],[4.5793880000000513,51.141982000000041],[4.5792950000000587,51.14191900000003],[4.5788260000000491,51.14172300000007]]},"properties":{"OBJECTID":15,"Name":"Spaak 07","Descript":"","Type":"TRKPT","Shape_Length":0.094886192266349242,"Field":8.1083061628787103}},{"type":"Feature","id":16,"geometry":{"type":"LineString","coordinates":[[4.4947500000000673,51.190094000000045],[4.4948720000000435,51.190037000000075],[4.4957290000000398,51.189896000000033],[4.4962160000000608,51.189618000000053],[4.4972100000000523,51.189225000000079],[4.49730100000005,51.189166000000057],[4.4976810000000569,51.189039000000037],[4.4977690000000621,51.188972000000035],[4.4977820000000293,51.188865000000078],[4.4977100000000405,51.188660000000027],[4.4978260000000319,51.188540000000046],[4.4980600000000663,51.188379000000054],[4.4981420000000298,51.187841000000049],[4.498245000000054,51.187729000000047],[4.4982120000000236,51.187598000000037],[4.4982510000000389,51.186903000000029],[4.49911400000002,51.186918000000048],[4.5004750000000513,51.18694000000005],[4.5007020000000466,51.186943000000042],[4.5023030000000404,51.186964000000046],[4.5034580000000233,51.186898000000042],[4.5042290000000662,51.18692800000008],[4.5044170000000463,51.18689500000005],[4.5046650000000454,51.186766000000034],[4.506697000000031,51.185382000000061],[4.507122000000038,51.184934000000055],[4.5073790000000713,51.184714000000042],[4.507453000000055,51.184664000000055],[4.5087610000000495,51.184848000000045],[4.5095680000000584,51.186538000000041],[4.5099440000000754,51.187656000000061],[4.5100340000000756,51.187737000000027],[4.5104940000000511,51.188008000000082],[4.5105610000000524,51.188108000000057],[4.510560000000055,51.188191000000074],[4.5105280000000221,51.188859000000036],[4.5106350000000361,51.189222000000029],[4.5107130000000666,51.189444000000037],[4.5107340000000704,51.189558000000034],[4.5107330000000729,51.189657000000068],[4.5107420000000502,51.189718000000028],[4.5112450000000308,51.190474000000052],[4.5120560000000296,51.190238000000079],[4.5121090000000663,51.190245000000061],[4.5123980000000756,51.190734000000077],[4.5123980000000756,51.190735000000075],[4.5127860000000624,51.191271000000029],[4.5132100000000719,51.191943000000038],[4.5133160000000316,51.192338000000063],[4.5134640000000559,51.193139000000031],[4.5135420000000295,51.193320000000028],[4.5136150000000725,51.19337900000005],[4.5136680000000524,51.193385000000035],[4.5143670000000498,51.193003000000033],[4.5151850000000309,51.192478000000051],[4.5158650000000762,51.192154000000073],[4.5169590000000426,51.191956000000062],[4.5176970000000551,51.191512000000046],[4.5177700000000414,51.191394000000059],[4.5177590000000691,51.191296000000079],[4.5174130000000332,51.190208000000041],[4.5172000000000594,51.189685000000054],[4.5168930000000387,51.189179000000081],[4.516661000000056,51.188718000000051],[4.5176470000000677,51.188762000000054],[4.5195380000000682,51.18883500000004],[4.5207920000000286,51.18879000000004],[4.521658000000059,51.188788000000045],[4.5225330000000667,51.18861400000003],[4.5227860000000533,51.188583000000051],[4.5229930000000422,51.18865100000005],[4.5239730000000691,51.189070000000072],[4.5241900000000328,51.189236000000051],[4.5243360000000621,51.189653000000078],[4.5244330000000446,51.189808000000028],[4.5246850000000336,51.189952000000062],[4.5253400000000283,51.190153000000066],[4.5264970000000631,51.190429000000051],[4.5269980000000487,51.190490000000068],[4.5273030000000745,51.190498000000048],[4.5279890000000478,51.190458000000035],[4.528816000000063,51.190485000000081],[4.5300820000000499,51.190036000000077],[4.5307730000000674,51.189647000000036],[4.5316290000000663,51.189235000000053],[4.53179700000004,51.189129000000037],[4.5321050000000582,51.188836000000038],[4.532367000000022,51.188473000000045],[4.5325580000000514,51.188071000000036],[4.5327460000000315,51.187076000000047],[4.5330360000000383,51.186292000000037],[4.5331730000000334,51.185779000000082],[4.5335120000000302,51.184927000000073],[4.5342310000000339,51.183524000000034],[4.5343300000000681,51.183483000000081],[4.5347370000000637,51.183543000000043],[4.5371380000000272,51.18378800000005]]},"properties":{"OBJECTID":16,"Name":"Spaak 07","Descript":"","Type":"TRKPT","Shape_Length":0.060473354459698446,"Field":5.1872027193205259}},{"type":"Feature","id":17,"geometry":{"type":"LineString","coordinates":[[4.5266350000000557,51.217532000000062],[4.5293310000000702,51.217698000000041],[4.5306870000000572,51.217796000000078],[4.5310320000000388,51.217387000000031],[4.5311340000000655,51.217219000000057],[4.5312940000000594,51.216411000000051],[4.5313530000000242,51.216303000000039],[4.5329880000000458,51.215655000000027],[4.5330260000000635,51.215584000000035],[4.5334770000000617,51.215669000000048],[4.5337610000000268,51.215750000000071],[4.5340390000000639,51.215848000000051],[4.5344760000000406,51.21608400000008],[4.5361600000000522,51.217230000000029],[4.5362700000000586,51.217120000000079],[4.5362970000000473,51.217030000000079],[4.5362450000000649,51.215646000000049],[4.5362980000000448,51.215430000000026],[4.5365330000000199,51.21489500000007],[4.5366860000000315,51.214857000000052],[4.5371350000000348,51.214910000000032],[4.5376220000000558,51.214931000000036],[4.5377740000000699,51.21494000000007],[4.538752000000045,51.215000000000032],[4.5387790000000336,51.21503400000006],[4.5387790000000336,51.215205000000026],[4.5387980000000425,51.215245000000039],[4.5388580000000616,51.215265000000045],[4.5405300000000466,51.215452000000028],[4.5406660000000443,51.215404000000035],[4.5406380000000581,51.215328000000056],[4.5406660000000443,51.215404000000035],[4.5410410000000638,51.215454000000079],[4.5413260000000264,51.21549200000004],[4.5420240000000263,51.215694000000042],[4.5424390000000585,51.215788000000032],[4.5428760000000352,51.215853000000038],[4.5427920000000199,51.215690000000052],[4.5427380000000426,51.215184000000079],[4.5427170000000388,51.214785000000063],[4.5427340000000527,51.214678000000049],[4.5427590000000464,51.214531000000079],[4.5428210000000604,51.21450800000008],[4.5439980000000446,51.214521000000047],[4.5440490000000295,51.21438100000006],[4.5438520000000722,51.21405500000003],[4.5440450000000396,51.213692000000037],[4.5439960000000497,51.213342000000068],[4.5437760000000367,51.212537000000054],[4.5437500000000455,51.212476000000038],[4.543747000000053,51.212470000000053],[4.5429020000000264,51.211475000000064],[4.5428290000000402,51.211055000000044],[4.5427600000000439,51.21103800000003],[4.5411560000000577,51.211151000000029],[4.5410330000000272,51.211105000000032],[4.5411640000000375,51.211054000000047],[4.5437240000000543,51.210737000000051]]},"properties":{"OBJECTID":17,"Name":"Spaak 06","Descript":"","Type":"TRKPT","Shape_Length":0.031458461072349397,"Field":2.6219562105440066}},{"type":"Feature","id":18,"geometry":{"type":"LineString","coordinates":[[4.5437240000000543,51.210737000000051],[4.5457640000000765,51.211201000000074],[4.5460320000000252,51.211251000000061],[4.5462450000000558,51.211252000000059],[4.5464590000000271,51.211214000000041],[4.5488370000000486,51.21058400000004],[4.5500800000000368,51.210256000000072],[4.5506500000000756,51.210104000000058],[4.5508420000000456,51.210055000000068],[4.5517000000000394,51.209830000000068],[4.551840000000027,51.209772000000044],[4.5519810000000689,51.209627000000069],[4.5520060000000626,51.210204000000033],[4.5530970000000366,51.210088000000042],[4.5533470000000307,51.21006200000005],[4.5540200000000368,51.209993000000054],[4.5559940000000552,51.209957000000031],[4.5561230000000705,51.209946000000059],[4.5562080000000265,51.209909000000039],[4.5564230000000521,51.209947000000057],[4.557640000000049,51.20979200000005],[4.5580260000000408,51.209766000000059],[4.5583640000000401,51.209744000000057],[4.5590810000000488,51.209722000000056],[4.560572000000036,51.209773000000041],[4.5608670000000302,51.209853000000066],[4.5620570000000384,51.210516000000041],[4.5623670000000516,51.210548000000074],[4.5626570000000584,51.210489000000052],[4.5631810000000428,51.21030600000006],[4.5642970000000673,51.209803000000079],[4.5648680000000468,51.209642000000031],[4.5651680000000283,51.209525000000042],[4.565255000000036,51.209492000000068],[4.5660080000000676,51.209434000000044],[4.5666000000000508,51.209347000000037],[4.5673250000000394,51.209240000000079],[4.5676130000000512,51.209226000000058],[4.5685810000000515,51.209296000000052],[4.569746000000066,51.209290000000067],[4.5713430000000699,51.209035000000029],[4.5712060000000747,51.208878000000027],[4.571215000000052,51.208784000000037],[4.5713460000000623,51.208569000000068],[4.5714560000000688,51.208450000000028],[4.571544000000074,51.208377000000041],[4.5725910000000454,51.207854000000054],[4.5728310000000647,51.20769800000005],[4.5730390000000511,51.207517000000053],[4.5733080000000541,51.207133000000056],[4.5734430000000543,51.207087000000058],[4.5741900000000442,51.207109000000059],[4.5743240000000469,51.207078000000081],[4.5745540000000346,51.206949000000066],[4.5750520000000279,51.206532000000038],[4.5758070000000544,51.205817000000081],[4.5762240000000247,51.205421000000058],[4.57788400000004,51.204579000000081],[4.5779700000000503,51.204492000000073],[4.5781450000000632,51.204515000000072],[4.5806620000000748,51.204834000000062],[4.5809980000000223,51.20488000000006],[4.5868920000000344,51.206057000000044],[4.5878370000000359,51.206254000000058],[4.5879860000000576,51.206302000000051],[4.5881560000000263,51.206359000000077],[4.5882710000000202,51.206409000000065],[4.5885380000000282,51.206522000000064],[4.589110000000062,51.206758000000036],[4.5896810000000414,51.206996000000061],[4.5908000000000584,51.207463000000075],[4.5919840000000249,51.207963000000063],[4.5920900000000415,51.208001000000081],[4.5932480000000737,51.208502000000067],[4.5933750000000373,51.208537000000035],[4.5935180000000742,51.208522000000073],[4.5959270000000743,51.207733000000076],[4.5972050000000309,51.207302000000027],[4.597370000000069,51.207287000000065],[4.5973740000000589,51.207239000000072],[4.5991590000000429,51.206579000000033],[4.5991750000000593,51.206500000000062],[4.598982000000035,51.206241000000034],[4.5990270000000351,51.206181000000072],[4.5991130000000453,51.206153000000029],[4.5991830000000391,51.206129000000033],[4.5995050000000219,51.206521000000066],[4.6001900000000546,51.207367000000033],[4.6005020000000627,51.207766000000049],[4.6005840000000262,51.207738000000063],[4.6005820000000313,51.207708000000082],[4.6003730000000473,51.207437000000027],[4.6003600000000233,51.207382000000052],[4.6004120000000626,51.207318000000043],[4.6021200000000704,51.206733000000042],[4.6022370000000592,51.206616000000054],[4.6023290000000543,51.20658300000008],[4.6044770000000312,51.205895000000055],[4.60500200000007,51.205790000000036],[4.6065480000000321,51.205288000000053],[4.6067690000000425,51.205216000000064],[4.6072380000000521,51.204998000000046],[4.6098310000000424,51.204166000000043],[4.6102640000000292,51.204068000000063],[4.6107820000000288,51.204001000000062],[4.6114700000000539,51.203983000000051],[4.6119570000000749,51.204027000000053],[4.6126780000000736,51.204173000000026],[4.6133560000000671,51.204427000000067],[4.6138450000000262,51.204711000000032],[4.6141590000000292,51.20496200000008],[4.6143490000000611,51.205164000000082],[4.6146190000000615,51.205593000000079],[4.6147390000000428,51.206100000000049],[4.6146910000000503,51.206826000000035],[4.6147590000000491,51.206891000000041],[4.6147590000000491,51.206891000000041],[4.6148780000000329,51.206920000000082],[4.6163240000000201,51.206999000000053],[4.616452000000038,51.206983000000037],[4.6165200000000368,51.206942000000026],[4.616559000000052,51.206976000000054],[4.6165750000000685,51.20700400000004],[4.6165780000000609,51.207075000000032],[4.6165710000000217,51.207168000000081],[4.6164840000000709,51.207614000000035],[4.616548000000023,51.20812600000005],[4.6164770000000317,51.20820800000007],[4.6163500000000681,51.208276000000069]]},"properties":{"OBJECTID":18,"Name":"Spaak 06","Descript":"","Type":"TRKPT","Shape_Length":0.082924608957978291,"Field":6.4219595323557224}},{"type":"Feature","id":19,"geometry":{"type":"LineString","coordinates":[[4.4957810050000262,51.217312717000027],[4.4960570000000644,51.217361000000039],[4.4960570000000644,51.217361000000039],[4.4962040000000343,51.217756000000065],[4.4968380000000252,51.218853000000081],[4.4978730000000269,51.219005000000038],[4.4985260000000267,51.219170000000076],[4.4991010000000529,51.219329000000073],[4.4996050000000309,51.219399000000067],[4.5000990000000343,51.219499000000042],[4.5001440000000343,51.219539000000054],[4.5001250000000255,51.219678000000044],[4.5002040000000534,51.219662000000028],[4.5005160000000615,51.219685000000027],[4.5005820000000654,51.219727000000034],[4.500818000000038,51.219776000000081],[4.5009630000000698,51.219776000000081],[4.5013590000000363,51.219867000000079],[4.5023280000000341,51.219963000000064],[4.502405000000067,51.220004000000074],[4.502563000000066,51.21999900000003],[4.5028620000000501,51.220031000000063],[4.5029690000000642,51.220072000000073],[4.5036880000000679,51.220144000000062],[4.5037510000000225,51.220108000000039],[4.5038940000000593,51.220123000000058],[4.5039180000000556,51.220146000000057],[4.5046650000000454,51.220218000000045],[4.5063270000000557,51.220392000000061],[4.5082980000000248,51.220642000000055],[4.5086570000000279,51.22069700000003],[4.508715000000052,51.220556000000045],[4.5088740000000485,51.22017100000005],[4.5092390000000364,51.219343000000038],[4.509138000000064,51.219061000000067],[4.5092140000000427,51.218991000000074],[4.5093410000000631,51.218939000000034],[4.5103200000000356,51.218103000000042],[4.5106370000000311,51.21779900000007],[4.5105740000000765,51.217688000000066],[4.5102190000000633,51.217449000000045],[4.5098200000000475,51.217133000000047],[4.5098070000000234,51.21706000000006],[4.5098950000000286,51.21683900000005],[4.5103110000000584,51.216545000000053],[4.5112620000000447,51.216155000000072],[4.5114200000000437,51.216090000000065],[4.5121180000000436,51.215626000000043],[4.5121690000000285,51.215569000000073],[4.5126790000000483,51.215566000000081],[4.512753000000032,51.215573000000063],[4.5128430000000321,51.215621000000056],[4.512864000000036,51.216118000000051],[4.5138290000000438,51.216118000000051],[4.5143450000000485,51.216210000000046],[4.5144850000000361,51.216201000000069],[4.5146010000000274,51.216165000000046],[4.5150450000000433,51.215979000000061],[4.5152120000000764,51.215941000000043],[4.5163950000000455,51.215997000000073],[4.5164740000000734,51.215982000000054],[4.517022000000054,51.216005000000052],[4.5174100000000408,51.216022000000066],[4.518587000000025,51.216074000000049],[4.5185120000000438,51.216371000000038],[4.5191930000000298,51.216619000000037],[4.5194200000000251,51.216681000000051],[4.5204200000000583,51.216844000000037],[4.5211550000000216,51.216927000000055],[4.5212750000000597,51.216960000000029],[4.5219190000000253,51.217094000000031],[4.5225200000000427,51.217260000000067],[4.5225200000000427,51.217260000000067],[4.5226740000000518,51.217275000000029],[4.5266300000000683,51.217532000000062]]},"properties":{"OBJECTID":19,"Name":"Spaak 06","Descript":"","Type":"TRKPT","Shape_Length":0.037391389224187291,"Field":2.917456954120571}},{"type":"Feature","id":20,"geometry":{"type":"LineString","coordinates":[[4.4950800000000299,51.218028000000061],[4.4951650000000427,51.218058000000042],[4.4951650000000427,51.218058000000042],[4.4956190000000333,51.217504000000076],[4.4957810000000222,51.217313000000047]]},"properties":{"OBJECTID":20,"Name":"Spaak 06","Descript":"","Type":"TRKPT","Shape_Length":0.0010568508993078736,"Field":0.1013178513088378}},{"type":"Feature","id":21,"geometry":{"type":"LineString","coordinates":[[4.4474980000000528,51.21761900000007],[4.4477340000000254,51.217736000000059],[4.4490100000000439,51.218013000000042],[4.449164000000053,51.218036000000041],[4.4499730000000568,51.218156000000079],[4.4503050000000712,51.218201000000079],[4.4509950000000345,51.218314000000078],[4.4514470000000301,51.21841900000004],[4.4518820000000687,51.218548000000055],[4.4525110000000723,51.218773000000056],[4.4527960000000348,51.21851300000003],[4.4527600000000689,51.218253000000061],[4.452850000000069,51.218247000000076],[4.4528200000000311,51.218036000000041],[4.4527970000000323,51.217782000000057],[4.4525010000000407,51.21754500000003],[4.4524910000000659,51.217466000000059],[4.4525550000000749,51.217338000000041],[4.4526770000000511,51.217219000000057],[4.4529520000000389,51.21711700000003],[4.4534620000000587,51.216993000000059],[4.4541390000000547,51.216902000000061],[4.4547490000000494,51.216868000000034],[4.4561750000000302,51.217017000000055],[4.4562570000000505,51.216783000000078],[4.456367000000057,51.216683000000046],[4.4574650000000702,51.216312000000073],[4.4580520000000661,51.21604300000007],[4.4585850000000278,51.215685000000065],[4.4589200000000346,51.215401000000043],[4.4598980000000665,51.214349000000027],[4.4599880000000667,51.21425000000005],[4.4606260000000475,51.213569000000064],[4.4615200000000641,51.21276800000004],[4.4618310000000747,51.21253100000007],[4.4618520000000217,51.212515000000053],[4.4628250000000662,51.211973000000057],[4.4638570000000755,51.211576000000036],[4.4637200000000234,51.211711000000037],[4.4638950000000364,51.211714000000029],[4.4639730000000668,51.211672000000078],[4.4640760000000341,51.211679000000061],[4.4640870000000632,51.211637000000053],[4.4641220000000317,51.211443000000031],[4.4641960000000722,51.21146600000003],[4.4644670000000701,51.211547000000053],[4.4648610000000417,51.211467000000027],[4.4649260000000481,51.211520000000064],[4.4653410000000235,51.211879000000067],[4.4654080000000249,51.212079000000074],[4.4656040000000417,51.212127000000066],[4.4656580000000758,51.212150000000065],[4.4657340000000545,51.212145000000078],[4.4660780000000386,51.212159000000042],[4.4668510000000765,51.212267000000054],[4.4670180000000528,51.212322000000029],[4.4671470000000681,51.212403000000052],[4.4672850000000608,51.212505000000078],[4.4674770000000308,51.212705000000028],[4.4675770000000625,51.212739000000056],[4.4678750000000491,51.212772000000029],[4.4682370000000446,51.212785000000054],[4.4684920000000261,51.21285000000006],[4.4686310000000731,51.212925000000041],[4.4688190000000532,51.213100000000054],[4.4690340000000219,51.213186000000064],[4.46910900000006,51.213193000000047],[4.4693490000000224,51.21321400000005],[4.469786000000056,51.213213000000053],[4.4699280000000385,51.213239000000044],[4.4709620000000427,51.213486000000046],[4.4712170000000242,51.213482000000056],[4.4715520000000311,51.213359000000025],[4.4717020000000502,51.213321000000064],[4.471930000000043,51.213330000000042],[4.4724290000000337,51.213478000000066],[4.4725860000000353,51.213505000000055],[4.4734400000000392,51.213594000000057],[4.4736910000000307,51.213579000000038],[4.4740040000000363,51.213625000000036],[4.4741390000000365,51.213669000000039],[4.4742880000000582,51.213751000000059],[4.4745220000000359,51.213878000000079],[4.4747120000000677,51.213919000000033],[4.4750570000000494,51.213890000000049],[4.4752650000000358,51.213787000000082],[4.4756170000000566,51.21372800000006],[4.4757350000000429,51.213746000000071],[4.4761780000000613,51.213964000000033],[4.4764000000000692,51.214042000000063],[4.4766450000000759,51.214081000000078],[4.4775220000000218,51.214098000000035],[4.4777630000000386,51.214139000000046],[4.4781920000000355,51.213923000000079],[4.478240000000028,51.213882000000069],[4.4782740000000558,51.213790000000074],[4.478253000000052,51.213494000000026],[4.4783510000000319,51.213455000000067],[4.4787240000000565,51.213400000000036],[4.4791530000000535,51.213299000000063],[4.4797560000000658,51.213111000000026],[4.4801530000000298,51.212942000000055],[4.480207000000064,51.212924000000044],[4.4804270000000201,51.212859000000037],[4.480476000000067,51.212843000000078],[4.4803960000000416,51.212742000000048],[4.4806030000000305,51.212699000000043],[4.4811660000000302,51.212632000000042],[4.4815560000000687,51.212529000000075],[4.4817500000000337,51.212374000000068],[4.4818770000000541,51.212303000000077],[4.4820000000000277,51.212268000000051],[4.4822660000000383,51.212221000000056],[4.4828530000000342,51.212223000000051],[4.4832320000000436,51.212108000000057],[4.4835580000000732,51.21205400000008],[4.4837150000000747,51.21205400000008],[4.4837750000000369,51.212102000000073],[4.4838400000000433,51.212261000000069],[4.4839320000000384,51.212489000000062],[4.4839840000000208,51.212544000000037],[4.4840580000000614,51.212623000000065],[4.4842750000000251,51.212996000000032],[4.4840220000000386,51.213166000000058],[4.4841130000000362,51.21325900000005],[4.483976000000041,51.21331500000008],[4.4839370000000258,51.213403000000028],[4.4837990000000332,51.213423000000034],[4.4836690000000203,51.213375000000042],[4.483664000000033,51.213414000000057],[4.4836260000000721,51.21360100000004],[4.4835740000000328,51.213899000000026],[4.4851180000000568,51.214456000000041],[4.4860160000000633,51.214556000000073],[4.4866180000000213,51.214574000000027],[4.4881160000000477,51.214787000000058],[4.4884330000000432,51.21483900000004],[4.4887030000000436,51.214883000000043],[4.4889510000000428,51.214971000000048],[4.4893340000000421,51.215194000000054],[4.4894750000000272,51.21531600000003],[4.4900430000000711,51.21581800000007],[4.4903270000000362,51.216031000000044],[4.4904480000000717,51.216103000000032],[4.4906480000000215,51.216115000000059],[4.4907290000000444,51.216175000000078],[4.4909770000000435,51.216362000000061],[4.4911410000000274,51.216381000000069],[4.4917360000000599,51.216706000000045],[4.4918420000000765,51.216733000000033],[4.4921240000000466,51.216728000000046],[4.4921450000000505,51.216727000000049],[4.4923300000000381,51.216668000000027],[4.4925760000000423,51.21651600000007],[4.4927460000000679,51.216508000000033],[4.4928430000000503,51.216630000000066],[4.4928570000000718,51.216768000000059],[4.4927930000000629,51.217026000000033],[4.4929910000000746,51.217283000000066],[4.4931360000000495,51.217356000000052],[4.4934520000000475,51.217382000000043],[4.493767000000048,51.217551000000071],[4.4938920000000735,51.217663000000073],[4.4941190000000688,51.217677000000037],[4.4950800000000299,51.218028000000061]]},"properties":{"OBJECTID":21,"Name":"Spaak 06","Descript":"","Type":"TRKPT","Shape_Length":0.058117619640612524,"Field":4.6123863942724244}},{"type":"Feature","id":22,"geometry":{"type":"LineString","coordinates":[[4.5375730000000658,51.22735700000004],[4.5379710000000273,51.227205000000026],[4.5383150000000683,51.227006000000074],[4.539822000000072,51.226560000000063],[4.5403010000000563,51.226468000000068],[4.5428050000000439,51.225667000000044],[4.5428780000000302,51.22578100000004],[4.5428750000000377,51.225865000000056],[4.5423330000000419,51.226827000000071],[4.5430970000000457,51.226994000000047],[4.5444810000000757,51.227296000000081],[4.5447960000000762,51.226653000000056],[4.5449940000000311,51.226351000000079],[4.5451920000000428,51.226126000000079],[4.5454640000000381,51.225881000000072],[4.5457300000000487,51.225722000000076],[4.5459940000000643,51.225603000000035],[4.5475490000000605,51.225068000000078],[4.5480640000000676,51.224973000000034],[4.5488220000000297,51.224938000000066],[4.5491760000000454,51.224926000000039],[4.5537820000000693,51.224776000000077],[4.5600000000000591,51.224573000000078],[4.5604750000000536,51.224557000000061],[4.5610190000000443,51.223962000000029],[4.5611350000000357,51.223770000000059],[4.561580000000049,51.22342400000008],[4.561960000000056,51.223189000000048],[4.5621390000000588,51.223011000000042],[4.5623260000000414,51.222888000000069],[4.5625030000000493,51.222839000000079],[4.5627340000000345,51.222849000000053],[4.5629360000000361,51.222705000000076],[4.5629900000000703,51.222593000000074],[4.5631190000000288,51.222512000000052],[4.5635920000000283,51.222353000000055],[4.5637500000000273,51.222249000000033],[4.5640330000000517,51.222280000000069],[4.5642380000000458,51.222353000000055],[4.5643510000000447,51.222485000000063],[4.5647050000000604,51.222743000000037],[4.5651020000000244,51.222790000000032],[4.5653120000000627,51.222747000000027],[4.5655680000000416,51.222646000000054],[4.5658940000000712,51.222616000000073],[4.5659720000000448,51.222547000000077],[4.5659880000000612,51.222356000000048],[4.5661870000000704,51.22213400000004],[4.5662790000000655,51.221889000000033],[4.5659040000000459,51.221898000000067],[4.5653130000000601,51.221818000000042],[4.5642040000000748,51.221769000000052],[4.5640660000000253,51.221814000000052],[4.5633810000000494,51.221802000000082],[4.5632400000000644,51.221818000000042],[4.5631630000000314,51.221806000000072],[4.5631360000000427,51.221731000000034],[4.5632970000000341,51.221590000000049],[4.563412000000028,51.221550000000036],[4.5638020000000665,51.221494000000064],[4.5640250000000719,51.22151400000007],[4.5647770000000492,51.221519000000058],[4.5649800000000482,51.221445000000074],[4.565176000000065,51.221335000000067],[4.5654730000000541,51.221236000000033],[4.5660570000000575,51.221229000000051],[4.566376000000048,51.221226000000058],[4.5671290000000226,51.221257000000037],[4.5680050000000278,51.221236000000033],[4.5684520000000362,51.221141000000046],[4.5691700000000424,51.220796000000064],[4.5697390000000269,51.220567000000074],[4.5699610000000348,51.220523000000071],[4.5703120000000581,51.220486000000051],[4.5711130000000253,51.220463000000052],[4.5719190000000367,51.220463000000052],[4.5731300000000488,51.220589000000075],[4.573470000000043,51.220643000000052],[4.573592000000076,51.220690000000047],[4.5736320000000319,51.220808000000034],[4.5735560000000532,51.220998000000066],[4.5734520000000316,51.221112000000062],[4.5734820000000695,51.221241000000077],[4.5734140000000707,51.221380000000067],[4.573421000000053,51.221711000000028],[4.5736810000000219,51.221888000000035],[4.5740290000000527,51.222075000000075],[4.5743660000000546,51.221663000000035],[4.5746500000000765,51.221450000000061],[4.5755980000000704,51.221295000000055],[4.5757320000000732,51.221344000000045],[4.5760730000000649,51.221374000000026],[4.5761690000000499,51.221349000000032],[4.5762880000000337,51.221367000000043],[4.5769920000000752,51.221670000000074],[4.5780280000000744,51.222282000000064],[4.5781010000000606,51.222368000000074],[4.5781700000000569,51.222382000000039],[4.5785230000000752,51.22245300000003],[4.578576000000055,51.222342000000026],[4.5797710000000507,51.221322000000043],[4.5799260000000572,51.221069000000057],[4.5822780000000307,51.219496000000049],[4.5825130000000627,51.219270000000051],[4.5828290000000607,51.219399000000067],[4.5834860000000504,51.220700000000079],[4.5836150000000657,51.220796000000064],[4.5838360000000762,51.220822000000055],[4.5844420000000241,51.220763000000034],[4.5867340000000354,51.220527000000061],[4.5882520000000682,51.220346000000063],[4.5891040000000203,51.220208000000071],[4.5898430000000303,51.220050000000072],[4.5909110000000624,51.219751000000031],[4.5910460000000626,51.219694000000061],[4.5911340000000678,51.219614000000036],[4.5912500000000591,51.218168000000048],[4.5912630000000263,51.217891000000066],[4.5914040000000682,51.217893000000061],[4.5932780000000548,51.217568000000028],[4.5934420000000387,51.217543000000035],[4.5937830000000304,51.217494000000045],[4.595514000000037,51.217432000000031],[4.5965280000000348,51.217332000000056],[4.5966360000000464,51.217337000000043],[4.5967730000000415,51.217376000000058],[4.5974460000000477,51.217808000000048],[4.5975590000000466,51.217838000000029],[4.5977250000000254,51.217846000000065],[4.5980630000000247,51.217794000000026],[4.5995640000000435,51.217564000000039],[4.6000490000000696,51.218694000000028],[4.6002150000000483,51.219258000000082],[4.6005190000000766,51.219276000000036],[4.6021730000000503,51.219357000000059],[4.6031190000000493,51.219397000000072],[4.6029450000000338,51.220758000000046],[4.6027610000000436,51.222067000000038],[4.6027540000000613,51.222119000000077],[4.6028370000000223,51.222227000000032],[4.6028790000000299,51.222282000000064],[4.6028990000000363,51.22240000000005],[4.6028320000000349,51.223442000000034],[4.6028840000000741,51.223648000000026],[4.6030200000000718,51.223736000000031],[4.6032900000000723,51.223814000000061],[4.6041580000000408,51.223904000000061],[4.6041980000000535,51.223987000000079],[4.6039870000000747,51.224685000000079],[4.6041230000000724,51.224739000000056],[4.6046870000000695,51.224799000000075],[4.6050420000000258,51.22485400000005],[4.6068690000000743,51.224720000000048],[4.6073420000000738,51.224688000000071],[4.6078800000000228,51.224700000000041],[4.6087830000000736,51.224828000000059],[4.608784000000071,51.224828000000059],[4.6105900000000588,51.22518000000008],[4.6108350000000655,51.225189000000057],[4.6109100000000467,51.225154000000032],[4.6109520000000543,51.224301000000025],[4.6110990000000243,51.221552000000031],[4.6112320000000295,51.221427000000062],[4.6111590000000433,51.221361000000059],[4.6107200000000716,51.221316000000058],[4.6112700000000473,51.220919000000038],[4.6121690000000513,51.220227000000079],[4.6123100000000363,51.220285000000047],[4.6128690000000461,51.220217000000048],[4.6133210000000417,51.220000000000027],[4.6135000000000446,51.219914000000074],[4.6137820000000715,51.219708000000026],[4.6144430000000511,51.220708000000059],[4.6144590000000676,51.22077100000007],[4.6143600000000333,51.221121000000039],[4.6144650000000524,51.221142000000043],[4.6146290000000363,51.221165000000042],[4.6147070000000667,51.221187000000043]]},"properties":{"OBJECTID":22,"Name":"Spaak 05","Descript":"","Type":"TRKPT","Shape_Length":0.10718656024598591,"Field":8.6682903725046057}},{"type":"Feature","id":23,"geometry":{"type":"LineString","coordinates":[[4.5256260000000452,51.237781000000041],[4.5281170000000657,51.238140000000044],[4.5284610000000498,51.238203000000055],[4.5292970000000423,51.238377000000071],[4.5332380000000398,51.239185000000077],[4.5375620000000367,51.240129000000081],[4.5381870000000504,51.240266000000076],[4.5384000000000242,51.240267000000074],[4.5386220000000321,51.240883000000053],[4.5389220000000705,51.241690000000062],[4.5390690000000404,51.24210000000005],[4.5392070000000331,51.242458000000056],[4.5393530000000624,51.242864000000054],[4.5394810000000234,51.24318500000004],[4.5397240000000352,51.243251000000043],[4.5421440000000644,51.244115000000079],[4.5476350000000707,51.246065000000044],[4.5477430000000254,51.246103000000062],[4.5546260000000416,51.248561000000052],[4.5533840000000509,51.249773000000062],[4.5544340000000716,51.249738000000036],[4.5558330000000637,51.249690000000044],[4.5559650000000715,51.249685000000056],[4.5562610000000632,51.249656000000073],[4.5581090000000586,51.249590000000069],[4.5583160000000476,51.249480000000062],[4.5583620000000451,51.249417000000051],[4.5583730000000742,51.24924500000003],[4.5612050000000295,51.247239000000036],[4.5632660000000556,51.248740000000055],[4.5650110000000268,51.250027000000046],[4.5667450000000258,51.251283000000058],[4.5675150000000713,51.251045000000033],[4.5675670000000537,51.251093000000026],[4.5675990000000297,51.251134000000036],[4.5676070000000664,51.251212000000066],[4.5676590000000488,51.251782000000048],[4.5676550000000589,51.251917000000049],[4.5676520000000664,51.252007000000049],[4.5676810000000501,51.252285000000029],[4.567696000000069,51.252430000000061],[4.5677660000000628,51.254034000000047],[4.5678650000000403,51.254068000000075],[4.5690450000000737,51.254049000000066],[4.5691120000000751,51.254065000000026],[4.5701750000000629,51.253993000000037],[4.5701900000000251,51.254099000000053],[4.5703910000000292,51.254882000000066],[4.5704930000000559,51.255656000000045],[4.5706960000000549,51.259011000000044],[4.5708200000000261,51.261947000000077],[4.5705060000000231,51.261960000000045],[4.5706400000000258,51.263993000000028],[4.5690240000000699,51.263956000000064],[4.569214000000045,51.266832000000079],[4.5692920000000754,51.267965000000061],[4.5693200000000616,51.268353000000047],[4.5694500000000744,51.268302000000062],[4.5695740000000455,51.268260000000055],[4.5714040000000296,51.268237000000056],[4.5725260000000389,51.268328000000054],[4.5727150000000734,51.268392000000063],[4.5727570000000242,51.268474000000026],[4.573105000000055,51.270140000000026],[4.5733670000000757,51.270784000000049],[4.5735650000000305,51.271952000000056],[4.5738120000000322,51.273038000000042]]},"properties":{"OBJECTID":23,"Name":"Spaak 04","Descript":"","Type":"TRKPT","Shape_Length":0.080323572542268837,"Field":6.9794934513096258}},{"type":"Feature","id":24,"geometry":{"type":"LineString","coordinates":[[4.485789000000068,51.244097000000068],[4.4863840000000437,51.243803000000071],[4.4885620000000586,51.243246000000056],[4.4885980000000245,51.243268000000057],[4.4886470000000713,51.243298000000038],[4.4886990000000537,51.243354000000068],[4.4890590000000543,51.243532000000073],[4.4892050000000268,51.243604000000062],[4.4892600000000584,51.243445000000065],[4.489402000000041,51.243290000000059],[4.4900900000000661,51.242925000000071],[4.490504000000044,51.242775000000051],[4.4909240000000636,51.242719000000079],[4.4914720000000443,51.242647000000034],[4.4918310000000474,51.242494000000079],[4.4921390000000656,51.242453000000069],[4.4924370000000522,51.242373000000043],[4.4925150000000258,51.24238100000008],[4.4930850000000646,51.242440000000045],[4.493468000000064,51.24243400000006],[4.4940630000000397,51.242465000000038],[4.4945170000000303,51.242545000000064],[4.4951220000000376,51.242572000000052],[4.4957410000000664,51.242666000000042],[4.4960150000000567,51.242861000000062],[4.4962000000000444,51.243086000000062],[4.4961590000000342,51.243385000000046],[4.4961700000000633,51.24344300000007],[4.4962780000000748,51.243763000000058],[4.4963340000000471,51.243841000000032],[4.4963710000000674,51.243925000000047],[4.4963640000000282,51.24401800000004],[4.4963550000000509,51.244146000000057],[4.4968820000000278,51.244451000000026],[4.4972300000000587,51.244774000000064],[4.4973690000000488,51.245049000000051],[4.4974360000000502,51.245093000000054],[4.4975150000000212,51.244960000000049],[4.4984910000000582,51.244027000000074],[4.4988760000000525,51.243649000000062],[4.4989210000000526,51.243668000000071],[4.4995230000000674,51.243939000000069],[4.4999540000000593,51.244087000000036],[4.5001750000000698,51.244164000000069],[4.5009750000000395,51.244219000000044],[4.5010120000000597,51.244148000000052],[4.5013490000000616,51.243646000000069],[4.5015290000000618,51.243334000000061],[4.501715000000047,51.243014000000073],[4.5017900000000282,51.243029000000035],[4.501920000000041,51.243027000000041],[4.5022740000000567,51.242939000000035],[4.5022540000000504,51.242899000000079],[4.5023140000000694,51.242879000000073],[4.5018120000000295,51.241984000000059],[4.5016440000000557,51.241519000000039],[4.5014250000000402,51.241059000000064],[4.5013550000000464,51.241004000000032],[4.501555000000053,51.240973000000054],[4.5016840000000684,51.240949000000057],[4.5018150000000219,51.240923000000066],[4.5020560000000387,51.241448000000048],[4.5024010000000203,51.241708000000074],[4.5024750000000608,51.24182200000007],[4.5028710000000274,51.242662000000053],[4.5031020000000694,51.243066000000056],[4.5031270000000632,51.243189000000029],[4.5031040000000644,51.243364000000042],[4.5032040000000393,51.243364000000042],[4.503242000000057,51.243293000000051],[4.5034520000000384,51.243284000000074],[4.5038460000000669,51.243137000000047],[4.5049840000000358,51.242666000000042],[4.5055650000000469,51.242416000000048],[4.5061080000000402,51.242131000000029],[4.5089250000000334,51.24043400000005],[4.5090410000000247,51.24034400000005],[4.5136300000000347,51.240082000000029],[4.513810000000035,51.240109000000075],[4.5143940000000384,51.240324000000044],[4.5164450000000329,51.241178000000048],[4.5191600000000562,51.242254000000059],[4.5201920000000655,51.242656000000068],[4.522350000000074,51.240328000000034],[4.5225560000000655,51.239998000000071],[4.5225960000000214,51.239933000000065],[4.5227590000000646,51.239479000000074],[4.5228170000000318,51.239065000000039],[4.5229930000000422,51.237013000000047],[4.5230790000000525,51.23691000000008],[4.5235400000000254,51.237261000000046],[4.5241010000000301,51.237444000000039],[4.5249990000000366,51.237722000000076],[4.5252900000000409,51.237771000000066],[4.5256260000000452,51.237781000000041]]},"properties":{"OBJECTID":24,"Name":"Spaak 04","Descript":"","Type":"TRKPT","Shape_Length":0.053382774251373208,"Field":4.4912079291176159}},{"type":"Feature","id":25,"geometry":{"type":"LineString","coordinates":[[4.4601340000000391,51.265610000000038],[4.4601970000000506,51.265812000000039],[4.4601960000000531,51.265812000000039],[4.4601080000000479,51.265916000000061],[4.4600200000000427,51.266019000000028],[4.4601240000000644,51.266050000000064],[4.4601800000000367,51.26606600000008],[4.4602080000000228,51.266069000000073],[4.4605800000000499,51.265851000000055],[4.4608650000000694,51.265720000000044],[4.4614610000000425,51.265541000000042],[4.4621180000000322,51.265448000000049],[4.4624310000000378,51.265439000000072],[4.4628510000000574,51.265486000000067],[4.4627700000000345,51.265541000000042],[4.4627590000000623,51.265594000000078],[4.4627360000000635,51.265683000000081],[4.4628020000000674,51.265836000000036],[4.4625900000000343,51.266990000000078],[4.4625270000000228,51.267158000000052],[4.4626010000000633,51.267186000000038],[4.4626730000000521,51.267212000000029],[4.4627000000000407,51.267255000000034],[4.4627430000000459,51.267342000000042],[4.4627690000000371,51.267406000000051],[4.4628450000000726,51.267383000000052],[4.4630800000000477,51.267317000000048],[4.4631710000000453,51.267297000000042],[4.4632690000000252,51.26750700000008],[4.4636540000000764,51.267837000000043],[4.4639260000000718,51.268073000000072],[4.4641170000000443,51.268137000000081],[4.4646330000000489,51.268614000000071],[4.4648950000000696,51.268912000000057],[4.4650860000000421,51.269061000000079],[4.4652710000000297,51.268983000000048],[4.4653770000000463,51.268944000000033],[4.4655470000000719,51.268879000000027],[4.466109000000074,51.268854000000033],[4.4661150000000589,51.268928000000074],[4.4663720000000353,51.26896000000005],[4.4672050000000354,51.26913200000007],[4.468037000000038,51.269503000000043],[4.4694610000000239,51.269966000000068],[4.4698290000000611,51.270139000000029],[4.4703660000000696,51.270314000000042],[4.4715890000000513,51.270777000000066],[4.4718590000000518,51.270942000000048],[4.4721360000000345,51.271240000000034],[4.4724150000000691,51.27132800000004],[4.4741580000000454,51.271272000000067],[4.475159000000076,51.271187000000054],[4.4770150000000513,51.271195000000034],[4.4785430000000588,51.271138000000064],[4.4820710000000759,51.27088800000007],[4.484732000000065,51.270680000000027],[4.4850710000000618,51.270627000000047],[4.4850600000000327,51.270800000000065],[4.4851670000000468,51.27070800000007],[4.4864850000000729,51.270418000000063],[4.4880300000000375,51.270078000000069],[4.4881200000000376,51.270972000000029],[4.4897790000000555,51.271065000000078],[4.490047000000061,51.272635000000037],[4.490551000000039,51.274970000000053],[4.4910080000000221,51.277724000000035],[4.4902400000000284,51.27789000000007],[4.4901950000000284,51.277930000000026],[4.4901050000000282,51.278010000000052],[4.4900650000000724,51.278047000000072],[4.4895630000000324,51.278501000000063],[4.4890200000000391,51.279018000000065],[4.4914880000000608,51.280130000000042],[4.493152000000066,51.280880000000082],[4.4931440000000293,51.280974000000072],[4.4933340000000612,51.281037000000026],[4.4936950000000593,51.281260000000032],[4.4944550000000731,51.281487000000027],[4.4953060000000278,51.281863000000044],[4.4954630000000293,51.281778000000031],[4.496592000000021,51.282283000000064],[4.496859000000029,51.28230700000006],[4.4971960000000308,51.282283000000064],[4.4974060000000691,51.282340000000033],[4.4976540000000682,51.282475000000034],[4.4976960000000759,51.282513000000051],[4.4977200000000721,51.282604000000049],[4.4975870000000668,51.282885000000078],[4.4976450000000341,51.282939000000056],[4.4977040000000557,51.282950000000028],[4.4980640000000562,51.283056000000045],[4.4981280000000652,51.283200000000079],[4.4981090000000563,51.283342000000061],[4.4980690000000436,51.283426000000077],[4.4982430000000591,51.283497000000068],[4.4985270000000241,51.283472000000074],[4.4989580000000728,51.283494000000076],[4.4991980000000353,51.283446000000026],[4.4993630000000735,51.283343000000059],[4.4995120000000384,51.283321000000058],[4.4997600000000375,51.283399000000031],[4.4998390000000654,51.283409000000063],[4.5001260000000229,51.28336900000005],[4.5002240000000597,51.283385000000067],[4.5004180000000247,51.283552000000043],[4.500863000000038,51.283644000000038],[4.5014050000000339,51.283988000000079],[4.5015230000000201,51.284011000000078],[4.5016120000000228,51.283988000000079],[4.5017310000000634,51.283993000000066],[4.5017880000000332,51.284035000000074],[4.5018000000000598,51.284080000000074],[4.5017840000000433,51.284235000000081],[4.5019520000000739,51.284419000000071],[4.5019500000000221,51.284452000000044],[4.5022110000000453,51.284465000000068],[4.5025250000000483,51.28448000000003],[4.5025690000000509,51.284492000000057],[4.5027940000000513,51.284569000000033],[4.5030270000000314,51.284661000000028],[4.5032680000000482,51.28475700000007],[4.5035070000000701,51.284849000000065],[4.5037530000000743,51.284927000000039],[4.5040200000000254,51.284970000000044],[4.5042530000000625,51.285023000000081],[4.5043690000000538,51.285059000000047],[4.5042950000000701,51.285111000000029],[4.5042740000000663,51.285168000000056],[4.5040670000000205,51.285355000000038],[4.503874000000053,51.285575000000051],[4.503780000000063,51.285682000000065],[4.5038210000000731,51.28569600000003],[4.5039060000000291,51.28558600000008],[4.5040960000000609,51.285645000000045],[4.5045540000000415,51.285657000000072],[4.5047270000000594,51.285682000000065],[4.504916000000037,51.285759000000041],[4.505121000000031,51.285886000000062],[4.5054820000000291,51.285753000000057],[4.5058490000000688,51.285621000000049],[4.5080250000000319,51.28485100000006],[4.5104600000000232,51.28396900000007],[4.5105050000000233,51.284015000000068],[4.5106810000000337,51.284047000000044],[4.511363000000074,51.284529000000077],[4.5114450000000375,51.284666000000072],[4.5114140000000589,51.285152000000039],[4.5119120000000521,51.285620000000051],[4.5120010000000548,51.285711000000049],[4.5130790000000616,51.286753000000033],[4.5142560000000458,51.287800000000061],[4.5157250000000317,51.288966000000073],[4.515809000000047,51.289095000000032],[4.5163800000000265,51.289273000000037],[4.5165720000000533,51.289349000000072],[4.5165680000000634,51.289374000000066],[4.516518000000076,51.289451000000042],[4.5165110000000368,51.28948100000008],[4.5164530000000696,51.289560000000051],[4.516454000000067,51.289603000000056],[4.5160610000000361,51.290252000000066],[4.5159510000000296,51.290352000000041],[4.5156130000000303,51.29092600000007],[4.5154220000000578,51.291314000000057],[4.5152840000000651,51.291580000000067],[4.5152720000000386,51.291700000000048],[4.515305000000069,51.291715000000067],[4.5153320000000576,51.29175500000008],[4.5154290000000401,51.291791000000046],[4.5153930000000742,51.291852000000063],[4.5154360000000224,51.29193500000008],[4.5154190000000654,51.292163000000073],[4.5154500000000439,51.292364000000077],[4.5154080000000363,51.292482000000064],[4.5151880000000233,51.292665000000056],[4.515023000000042,51.292931000000067],[4.5148590000000581,51.292987000000039],[4.5147500000000491,51.293012000000033],[4.5145030000000475,51.292992000000027],[4.5141780000000722,51.293578000000082],[4.5141630000000532,51.293602000000078],[4.5135730000000649,51.294601000000057],[4.5134210000000508,51.294814000000031],[4.5130850000000464,51.295398000000034],[4.5136820000000739,51.29560500000008],[4.5136330000000271,51.295664000000045],[4.5129920000000538,51.296477000000039],[4.5129010000000562,51.296485000000075],[4.5128270000000725,51.296566000000041],[4.5127520000000345,51.296649000000059],[4.5128170000000409,51.296722000000045],[4.5126070000000595,51.297064000000034],[4.5126070000000595,51.297065000000032],[4.5124470000000656,51.29765100000003],[4.5128930000000764,51.297874000000036],[4.5134930000000395,51.298174000000074],[4.5139160000000516,51.29838600000005],[4.5145110000000273,51.29868300000004],[4.5152530000000297,51.299054000000069],[4.5152340000000208,51.299109000000044],[4.5153190000000336,51.299149000000057],[4.5160370000000398,51.299501000000078],[4.5163760000000366,51.299686000000065],[4.5166790000000674,51.299842000000069],[4.5170590000000743,51.300038000000029],[4.5185170000000312,51.300813000000062],[4.5185460000000717,51.30094900000006],[4.518068000000028,51.301471000000049],[4.5173820000000546,51.303034000000082],[4.5171600000000467,51.303388000000041],[4.5167770000000473,51.304210000000069],[4.5165810000000306,51.304630000000031],[4.5160900000000765,51.305652000000066],[4.5156140000000278,51.30664100000007],[4.5186660000000529,51.308435000000031],[4.5210430000000201,51.309925000000078],[4.5227910000000406,51.310980000000029],[4.5240980000000377,51.311754000000064]]},"properties":{"OBJECTID":25,"Name":"Spaak 03","Descript":"","Type":"TRKPT","Shape_Length":0.11266845150361569,"Field":9.5729657110044304}},{"type":"Feature","id":26,"geometry":{"type":"LineString","coordinates":[[4.428463000000022,51.264438000000041],[4.4290520000000697,51.266340000000071],[4.4290730000000735,51.266337000000078],[4.429123000000061,51.266535000000033],[4.4291310000000408,51.266594000000055],[4.4291530000000421,51.266644000000042],[4.4291870000000699,51.26667400000008],[4.4292370000000574,51.26669400000003],[4.4292910000000347,51.266701000000069],[4.4297960000000671,51.266639000000055],[4.4298710000000483,51.266642000000047],[4.4299350000000572,51.266653000000076],[4.4299860000000422,51.266680000000065],[4.4300100000000384,51.266715000000033],[4.4302130000000375,51.267378000000065],[4.4302400000000262,51.267398000000071],[4.4303000000000452,51.267418000000077],[4.431269000000043,51.267291000000057],[4.4314140000000748,51.267305000000079],[4.431995000000029,51.267460000000028],[4.4321760000000268,51.267500000000041],[4.4324810000000525,51.267555000000073],[4.4330350000000749,51.267634000000044],[4.433522000000039,51.267733000000078],[4.4337320000000204,51.267791000000045],[4.4341330000000312,51.267931000000033],[4.4344960000000242,51.26807400000007],[4.4347180000000321,51.268169000000057],[4.435369000000037,51.26847900000007],[4.4360200000000418,51.268789000000027],[4.4367930000000229,51.269176000000073],[4.4374880000000303,51.269586000000061],[4.4379410000000235,51.269934000000035],[4.4383410000000367,51.270305000000064],[4.4386270000000536,51.270666000000062],[4.438897000000054,51.271133000000077],[4.4390690000000745,51.271509000000037],[4.4390990000000556,51.271620000000041],[4.4390940000000683,51.271817000000055],[4.4390690000000745,51.272085000000061],[4.4391330000000266,51.272346000000027],[4.4391430000000582,51.272762000000057],[4.4391280000000393,51.27322300000003],[4.4390640000000303,51.273531000000048],[4.438754000000074,51.274102000000028],[4.4384430000000634,51.274673000000064],[4.4381330000000503,51.275244000000043],[4.4378360000000612,51.275840000000073],[4.4375380000000746,51.276436000000047],[4.4372410000000286,51.277032000000077],[4.4369160000000534,51.277514000000053],[4.4368050000000494,51.278261000000043],[4.4368050000000494,51.278262000000041],[4.4368050000000494,51.278533000000039],[4.4367150000000493,51.279144000000031],[4.436629000000039,51.279430000000048],[4.4364910000000464,51.280526000000066],[4.4366060000000402,51.281030000000044],[4.4366500000000428,51.281479000000047],[4.4367370000000506,51.281494000000066],[4.4367940000000203,51.281537000000071],[4.436802000000057,51.281594000000041],[4.4370730000000549,51.28160500000007],[4.4378850000000511,51.281530000000032],[4.4388690000000679,51.281452000000058],[4.4401300000000674,51.281359000000066],[4.4403420000000438,51.281542000000059],[4.4402330000000347,51.281612000000052],[4.4401970000000688,51.28169500000007],[4.4401880000000347,51.281860000000052],[4.4402690000000575,51.281997000000047],[4.4403200000000425,51.282066000000043],[4.4404490000000578,51.282149000000061],[4.4409290000000397,51.282322000000079],[4.4410510000000727,51.282378000000051],[4.4412000000000376,51.282545000000027],[4.4410990000000652,51.282713000000058],[4.441009000000065,51.283028000000058],[4.4410270000000764,51.283119000000056],[4.4413470000000643,51.283464000000038],[4.4416980000000308,51.283737000000031],[4.4422270000000594,51.284038000000066],[4.442651000000069,51.284173000000067],[4.4430320000000734,51.284231000000034],[4.4429550000000404,51.284334000000058],[4.4431000000000722,51.284519000000046],[4.4430680000000393,51.284706000000028],[4.4430380000000582,51.284730000000081],[4.4430860000000507,51.284775000000081],[4.4433510000000638,51.284903000000043],[4.4434020000000487,51.284962000000064],[4.4435370000000489,51.284920000000056],[4.4436370000000238,51.284989000000053],[4.443676000000039,51.285060000000044],[4.4436550000000352,51.285094000000072],[4.4439420000000496,51.285237000000052],[4.4436730000000466,51.285363000000075],[4.4436650000000668,51.285368000000062],[4.4436550000000352,51.285375000000045],[4.443725000000029,51.285469000000035],[4.4440000000000737,51.285668000000044],[4.4440620000000308,51.285919000000035],[4.4444640000000391,51.286070000000052],[4.4447410000000218,51.286074000000042],[4.4449160000000347,51.286181000000056],[4.4451010000000224,51.286025000000052],[4.4479810000000271,51.286830000000066],[4.4476760000000581,51.287257000000068],[4.4514980000000719,51.287345000000073],[4.4534570000000713,51.28926000000007],[4.4536530000000312,51.289234000000079],[4.4538050000000453,51.289295000000038],[4.4538530000000378,51.289404000000047],[4.4572670000000585,51.289533000000063],[4.4572980000000371,51.289487000000065],[4.4573860000000423,51.289465000000064],[4.4574590000000285,51.289483000000075],[4.4574970000000462,51.289532000000065],[4.4605610000000411,51.289654000000041],[4.4609700000000316,51.289543000000037],[4.4610740000000533,51.289521000000036],[4.4613400000000638,51.289502000000027],[4.4641730000000734,51.289604000000054],[4.4643080000000737,51.289572000000078],[4.4643430000000421,51.289545000000032],[4.4646230000000742,51.289381000000049],[4.464821000000029,51.289288000000056],[4.4651780000000372,51.289273000000037],[4.4655220000000213,51.289314000000047],[4.4657340000000545,51.28944000000007],[4.4658450000000585,51.289506000000074],[4.466036000000031,51.289645000000064],[4.4660600000000272,51.289757000000066],[4.4660410000000752,51.290006000000062],[4.4660060000000499,51.290078000000051],[4.4659450000000334,51.290127000000041],[4.4656930000000443,51.290264000000036],[4.4654900000000453,51.29036300000007],[4.4654080000000249,51.290444000000036],[4.4653390000000286,51.291486000000077],[4.4653360000000362,51.291531000000077],[4.4652620000000525,51.291621000000077],[4.4650780000000623,51.291707000000031],[4.4650350000000572,51.291754000000026],[4.4649680000000558,51.292881000000079],[4.4649000000000569,51.293203000000062],[4.4648370000000455,51.294623000000058],[4.4649230000000557,51.29469000000006],[4.4648790000000531,51.295477000000062],[4.4649670000000583,51.295735000000036],[4.4649260000000481,51.295814000000064],[4.4648270000000707,51.295954000000052],[4.4646370000000388,51.295975000000055],[4.4645650000000501,51.295926000000065],[4.461509000000035,51.29616500000003],[4.4617210000000682,51.296228000000042],[4.4621730000000639,51.296422000000064],[4.4628220000000738,51.296750000000031],[4.4639330000000541,51.297298000000069],[4.4644670000000701,51.297552000000053],[4.4643280000000232,51.297795000000065],[4.4640890000000581,51.298115000000053],[4.4644060000000536,51.29833700000006],[4.464693000000068,51.298432000000048],[4.4645140000000652,51.298558000000071],[4.4638450000000489,51.298776000000032],[4.4637380000000348,51.298842000000036],[4.4644690000000651,51.299153000000047],[4.4645410000000538,51.299192000000062],[4.4657600000000457,51.299703000000079],[4.465163000000075,51.300147000000038],[4.4648300000000631,51.300396000000035],[4.4648570000000518,51.300492000000077],[4.4652280000000246,51.30080300000003],[4.465321000000074,51.300939000000028],[4.4652970000000209,51.30099800000005],[4.465372000000059,51.301061000000061],[4.4653890000000729,51.301090000000045],[4.4660410000000752,51.301359000000048],[4.4659230000000321,51.301396000000068],[4.464522000000045,51.302318000000071],[4.46387500000003,51.302743000000078],[4.4613340000000221,51.304440000000056],[4.4612320000000523,51.304516000000035],[4.4611880000000497,51.304545000000076],[4.4609940000000279,51.304548000000068],[4.4606210000000601,51.30442400000004],[4.4600000000000364,51.304894000000047],[4.4580310000000622,51.306386000000032],[4.4590260000000512,51.30664500000006],[4.4598310000000652,51.306869000000063],[4.4603690000000711,51.307227000000069],[4.4621020000000726,51.308155000000056],[4.463004000000069,51.308778000000075],[4.4635690000000636,51.309337000000028],[4.4640060000000403,51.309701000000075],[4.4648580000000493,51.310110000000066],[4.4585700000000656,51.314781000000039],[4.4584910000000377,51.314802000000043],[4.4583350000000337,51.314903000000072],[4.4575520000000211,51.315590000000043],[4.4573320000000649,51.315707000000032],[4.4571900000000255,51.315728000000036],[4.4564550000000622,51.315710000000081],[4.4562020000000757,51.315736000000072],[4.4559560000000715,51.315793000000042],[4.4555390000000443,51.315976000000035],[4.4549790000000371,51.316367000000071],[4.4547210000000632,51.316669000000047],[4.4534500000000321,51.319304000000045],[4.4530810000000542,51.320148000000074],[4.4530270000000201,51.320390000000032],[4.4530640000000403,51.320566000000042],[4.4532380000000558,51.321016000000043],[4.4533670000000711,51.321170000000052],[4.4536440000000539,51.321415000000059],[4.4539610000000494,51.321647000000041],[4.4541860000000497,51.321765000000028],[4.4546570000000543,51.32189500000004],[4.4554240000000505,51.322080000000028],[4.4555030000000215,51.322036000000026],[4.4555930000000217,51.32204900000005],[4.4556270000000495,51.322129000000075],[4.4555580000000532,51.322167000000036],[4.455628000000047,51.322260000000028],[4.455833000000041,51.32241700000003],[4.4558570000000373,51.322502000000043],[4.4557790000000637,51.322689000000082],[4.4543140000000676,51.324414000000047],[4.4536770000000274,51.324920000000077],[4.4522280000000478,51.32597700000008],[4.4520160000000715,51.326130000000035],[4.4520120000000247,51.32612800000004],[4.4520700000000488,51.326171000000045],[4.4522300000000428,51.326358000000027],[4.4523900000000367,51.326478000000066],[4.4526700000000687,51.326640000000054],[4.4528780000000552,51.326745000000074],[4.4531900000000633,51.326876000000027],[4.4534300000000258,51.327017000000069],[4.4536780000000249,51.327138000000048],[4.4539740000000734,51.327213000000029],[4.4542140000000359,51.327324000000033],[4.4543980000000261,51.327405000000056],[4.4545900000000529,51.327465000000075],[4.4547810000000254,51.327515000000062],[4.4550210000000448,51.327571000000034],[4.4551490000000626,51.327666000000079],[4.4554930000000468,51.327848000000074],[4.4556690000000572,51.327948000000049],[4.4559490000000324,51.328084000000047],[4.4563490000000456,51.328235000000063],[4.4566050000000246,51.328356000000042],[4.4568610000000604,51.32849200000004],[4.4570770000000266,51.328628000000037],[4.4572690000000534,51.328759000000048],[4.4573970000000713,51.328824000000054],[4.4575250000000324,51.328879000000029],[4.4576850000000263,51.328935000000058],[4.4579090000000292,51.328889000000061],[4.4581170000000725,51.329000000000065],[4.4586200000000531,51.329201000000069],[4.4588520000000358,51.329302000000041],[4.4589880000000335,51.329352000000029],[4.4591800000000603,51.32944800000007],[4.4593320000000745,51.329534000000081],[4.4596200000000294,51.32964400000003],[4.4598760000000652,51.32973000000004],[4.4600040000000263,51.329785000000072],[4.4602440000000456,51.329866000000038],[4.4603880000000231,51.32992100000007],[4.4606520000000387,51.32998200000003],[4.4612710000000675,51.330083000000059],[4.4617220000000657,51.330237000000068],[4.462739000000056,51.33048000000008],[4.4630480000000716,51.330602000000056],[4.463512000000037,51.330715000000055],[4.4637560000000462,51.330772000000081],[4.4641170000000443,51.330837000000031],[4.4643740000000207,51.33088500000008],[4.4649800000000255,51.331023000000073],[4.4652370000000587,51.331080000000043],[4.4655720000000656,51.331104000000039],[4.4656810000000746,51.331153000000029],[4.4657060000000683,51.331185000000062],[4.465718000000038,51.331213000000048],[4.4656300000000329,51.331222000000082],[4.4655450000000201,51.331425000000081],[4.4653380000000311,51.331638000000055],[4.4652980000000753,51.331680000000063]]},"properties":{"OBJECTID":26,"Name":"Spaak 02","Descript":"","Type":"TRKPT","Shape_Length":0.1398829297986752,"Field":11.928620978295655}},{"type":"Feature","id":27,"geometry":{"type":"LineString","coordinates":[[4.4206860000000461,51.235208000000057],[4.4206720000000246,51.235360000000071],[4.4206550000000675,51.235406000000069],[4.4205950000000485,51.236467000000061],[4.4205700000000547,51.237834000000078],[4.4205600000000231,51.238381000000061],[4.4205720000000497,51.239194000000055],[4.4205560000000332,51.239387000000079],[4.4205600000000231,51.240986000000078],[4.4205510000000459,51.241135000000043],[4.420496000000071,51.243348000000026],[4.420485000000042,51.244254000000069],[4.420496000000071,51.24438200000003],[4.420496000000071,51.24438200000003],[4.4205800000000295,51.244450000000029],[4.4206760000000713,51.244531000000052],[4.4207350000000361,51.244552000000056],[4.4208060000000273,51.244552000000056],[4.4212320000000318,51.244556000000046],[4.4230110000000309,51.244553000000053],[4.4238190000000372,51.244547000000068],[4.4238210000000322,51.244630000000029],[4.4238210000000322,51.244685000000061],[4.4238210000000322,51.244721000000027],[4.4238210000000322,51.244765000000029],[4.4238220000000297,51.244828000000041],[4.4238220000000297,51.244930000000068],[4.4237780000000271,51.245002000000056],[4.423780000000022,51.245055000000036],[4.4237890000000561,51.246392000000071],[4.4238120000000549,51.24643100000003],[4.4238740000000689,51.246449000000041],[4.4243360000000393,51.246455000000026],[4.4243900000000735,51.246493000000044],[4.4243360000000393,51.246835000000033],[4.4243120000000431,51.247653000000071],[4.4242920000000368,51.248323000000028],[4.4242280000000278,51.248573000000079],[4.4242390000000569,51.24914700000005],[4.4242660000000456,51.249745000000075],[4.4243200000000229,51.250317000000052],[4.4243920000000685,51.250931000000037],[4.4245690000000764,51.252436000000046],[4.425057000000038,51.254593000000057],[4.4250440000000708,51.254694000000029],[4.4251010000000406,51.254751000000056],[4.4257140000000277,51.256629000000032],[4.4261880000000247,51.258052000000077],[4.4265880000000379,51.259228000000064],[4.4268650000000207,51.259556000000032],[4.4269930000000386,51.25990500000006],[4.4270510000000627,51.260059000000069],[4.427265000000034,51.260696000000053],[4.4271650000000591,51.260770000000036],[4.4270690000000741,51.260869000000071]]},"properties":{"OBJECTID":27,"Name":"Spaak 01","Descript":"","Type":"TRKPT","Shape_Length":0.030042876314541229,"Field":3.1441204244714358}},{"type":"Feature","id":28,"geometry":{"type":"LineString","coordinates":[[4.4284629940000286,51.264438004000056],[4.4282659940000713,51.264461004000054],[4.4281899940000358,51.264491004000035],[4.4280939940000508,51.264607004000027],[4.4281399940000483,51.264850004000039],[4.4282939940000574,51.265179004000061],[4.4283169940000562,51.265318004000051],[4.4281879940000408,51.265455004000046],[4.4282149940000295,51.265700004000053],[4.4281159940000521,51.265855004000059],[4.4278449940000542,51.266136004000032],[4.4274679940000397,51.266379004000044],[4.4258619940000585,51.267283004000035],[4.4257849940000256,51.267440004000036],[4.4257849940000256,51.267629004000071],[4.4259519940000587,51.268425004000051],[4.4259469940000713,51.26844000400007],[4.4258369940000648,51.268765004000045],[4.4257629940000243,51.268938004000063],[4.4257559940000419,51.269034004000048],[4.425815994000061,51.269552004000047],[4.4259889940000221,51.270492004000062],[4.4262819940000213,51.271381004000034],[4.4263159940000492,51.27158800400008],[4.4264959940000494,51.272002004000058],[4.4265589940000609,51.272186004000048],[4.4267039940000359,51.272445004000076],[4.4268699940000715,51.272885004000045],[4.4270859940000378,51.273455004000027],[4.4272279940000203,51.273749004000081],[4.4274759940000763,51.274111004000076],[4.4276209940000513,51.274202004000074],[4.427801994000049,51.274277004000055],[4.4287809940000216,51.274434004000057],[4.428920994000066,51.274465004000035],[4.4290159940000535,51.274514004000082],[4.429161994000026,51.274681004000058],[4.4292059940000286,51.274804004000032],[4.4292619940000577,51.275119004000032],[4.4292359940000665,51.275211004000028],[4.4291659940000727,51.275329004000071],[4.4286019940000756,51.275988004000055],[4.4283679940000411,51.27636100400008],[4.4282589940000321,51.276392004000058],[4.427852994000034,51.27626800400003],[4.4271609940000758,51.276013004000049],[4.4268909940000754,51.275942004000058],[4.4265599940000584,51.275856004000048],[4.4259389940000347,51.275719004000052],[4.425877994000075,51.27571200400007],[4.4257769940000458,51.27572000400005],[4.425533994000034,51.275685004000081],[4.4237349940000286,51.275429004000046],[4.4233939940000369,51.275385004000043],[4.4218489940000723,51.274843004000047],[4.4199999940000225,51.274212004000049],[4.4199579940000717,51.274198004000027],[4.4196209940000699,51.274055004000047],[4.4190979940000261,51.273927004000029],[4.4188209940000434,51.273901004000038],[4.4186859940000431,51.273936004000063],[4.4185919940000531,51.273776004000069],[4.4182119940000462,51.273304004000067],[4.4179329940000684,51.272774004000041],[4.4178289940000468,51.272824004000029],[4.4175559940000539,51.272925004000058],[4.4174539940000273,51.272937004000028],[4.4174129940000739,51.27292800400005],[4.4172599940000623,51.272901004000062],[4.4171989940000458,51.272867004000034],[4.4146379940000315,51.272818004000044],[4.4136169940000514,51.272798004000038],[4.4132819940000445,51.272807004000072],[4.4122739940000315,51.274078004000046],[4.4119539940000436,51.274498004000066],[4.4117149940000218,51.274809004000076],[4.4115849940000658,51.274975004000055],[4.411486994000029,51.275012004000075],[4.4113679940000452,51.275058004000073],[4.4112749940000526,51.27502200400005],[4.411121994000041,51.274963004000028],[4.411025994000056,51.274926004000065],[4.410978994000061,51.274908004000054],[4.410807994000038,51.274915004000036],[4.4102969940000207,51.274769004000063],[4.4073469940000223,51.274018004000027],[4.4058049940000501,51.273739004000049],[4.4052239940000391,51.273657004000029],[4.403965994000032,51.273547004000079],[4.4028929940000694,51.273508004000064],[4.4010349940000424,51.27352400400008],[4.40103199400005,51.273640004000072],[4.4010849940000298,51.273704004000081],[4.4015369940000255,51.273729004000074],[4.4013009940000529,51.273973004000027],[4.4010909940000715,51.274102004000042],[4.4008179940000218,51.275359004000052],[4.4007939940000256,51.275512004000063],[4.4008389940000257,51.27566700400007],[4.4009329940000725,51.275793004000036],[4.4010569940000437,51.276072004000071],[4.4010229940000727,51.276468004000037],[4.4010499940000614,51.27654500400007],[4.4010059940000588,51.276641004000055],[4.4008609940000269,51.276694004000035],[4.4010189940000259,51.276824004000048],[4.4010439940000765,51.27701400400008],[4.4012509940000655,51.277497004000054],[4.4012819940000441,51.277553004000026],[4.4013619940000694,51.277655004000053],[4.4014089940000645,51.277889004000031],[4.4016649940000434,51.278292004000036],[4.4018899940000438,51.278574004000063],[4.4021329940000555,51.27881900400007],[4.4023359940000546,51.278971004000027],[4.403429994000021,51.280000004000044],[4.4059539940000718,51.282375004000073],[4.4061049940000316,51.282516004000058],[4.4063819940000712,51.282435004000035],[4.4073299940000652,51.282134004000056],[4.4079799940000726,51.281924004000075],[4.4084559940000645,51.281771004000063],[4.4091179940000416,51.28155900400003],[4.4092239940000582,51.281614004000062],[4.409385994000047,51.282224004000057],[4.409481994000032,51.28275500400008],[4.4096989940000526,51.283100004000062],[4.4108869940000659,51.284379004000073],[4.4109689940000294,51.28470700400004],[4.411025994000056,51.284758004000082],[4.4114599940000403,51.284593004000044],[4.4114549940000529,51.284574004000035],[4.4117969940000421,51.284422004000078],[4.4122159940000643,51.284250004000057],[4.4123589940000443,51.284194004000028],[4.4127169940000499,51.284046004000061],[4.4131459940000468,51.28387400400004],[4.4133089940000332,51.283912004000058],[4.4138269940000328,51.284008004000043],[4.4141109940000547,51.284067004000065],[4.4152829940000515,51.284320004000051],[4.4156279940000331,51.28439600400003],[4.4153989940000429,51.284625004000077],[4.4152849940000465,51.284728004000044],[4.4151939940000489,51.284802004000028],[4.4141449940000257,51.285697004000042],[4.4139369940000392,51.285932004000074],[4.4137409940000225,51.286241004000033],[4.4136359940000602,51.286541004000071],[4.4136019940000324,51.286844004000045],[4.4136329940000678,51.287202004000051],[4.4137319940000452,51.287578004000068],[4.4138119940000706,51.28786600400008],[4.4145949940000264,51.290580004000049],[4.4146259940000618,51.29110800400008],[4.4145739940000226,51.291399004000027],[4.4144199940000703,51.29175400400004],[4.4142689940000537,51.29199400400006],[4.4140039940000406,51.292288004000056],[4.413583994000021,51.292627004000053],[4.4132079940000608,51.292848004000064],[4.4127699940000298,51.293050004000065],[4.4122659940000517,51.293222004000029],[4.4118439940000371,51.293312004000029],[4.4111429940000448,51.293356004000032],[4.4108979940000381,51.293353004000039],[4.4108639940000671,51.293661004000057],[4.4108789940000293,51.29384000400006],[4.4109699940000269,51.294150004000073],[4.4112469940000665,51.294993004000048],[4.4110429940000699,51.295021004000034],[4.4112719940000602,51.295631004000029],[4.4111829940000575,51.295648004000043],[4.4111789940000676,51.295616004000067],[4.4111229940000385,51.295620004000057],[4.4103729940000562,51.295444004000046],[4.4103249940000637,51.29550600400006],[4.4086639940000509,51.295023004000029],[4.4086269940000307,51.295015004000049],[4.4085029940000595,51.29519100400006],[4.4083089940000377,51.295606004000035],[4.4076939940000557,51.29741200400008],[4.4071999940000524,51.298377004000031],[4.4071509940000624,51.298561004000078],[4.4068239940000353,51.298957004000044],[4.4067169940000213,51.299306004000073],[4.406201994000071,51.300503004000063],[4.4059999940000694,51.300424004000035],[4.4045989940000254,51.300025004000076],[4.4045979940000279,51.300025004000076],[4.4044599940000353,51.299957004000078],[4.4023559940000609,51.298517004000075],[4.4023179940000432,51.298481004000053],[4.4022309940000355,51.298464004000039],[4.4020289940000339,51.298540004000074],[4.4019409940000287,51.298594004000051],[4.4018749940000248,51.298677004000069],[4.4010669940000753,51.300713004000045],[4.4009749940000233,51.30076000400004],[4.4008779940000409,51.300777004000054],[4.4007849940000483,51.300762004000035],[4.3986789940000222,51.300167004000059],[4.3974169940000252,51.299810004000051],[4.3972299940000426,51.299863004000031],[4.3960139940000431,51.301737004000074],[4.3958339940000428,51.302014004000057],[4.3956899940000653,51.30219300400006],[4.3951539940000544,51.302611004000028],[4.3949519940000528,51.302860004000081],[4.3944159940000418,51.302742004000038],[4.3940859940000223,51.302729004000071],[4.3937219940000318,51.302823004000061],[4.3934249940000427,51.303072004000057],[4.3943799940000758,51.303479004000053],[4.3953349940000521,51.303885004000051],[4.3962899940000284,51.304292004000047],[4.3972449940000615,51.304699004000042],[4.39861899400006,51.305132004000029],[4.3947229940000625,51.308831004000069],[4.3907459940000422,51.312587004000079],[4.3906769940000459,51.312565004000078],[4.3904989940000405,51.312507004000054],[4.3867739940000661,51.310919004000027],[4.3850189940000632,51.309905004000029],[4.3814559940000208,51.307849004000047],[4.3799999940000589,51.309572004000074],[4.3796569940000722,51.309978004000072],[4.3764629940000646,51.313864004000038],[4.3799999940000589,51.315763004000075],[4.3818439940000644,51.31675200400008],[4.3816239940000514,51.317015004000041],[4.3880439940000429,51.319907004000072],[4.3886089940000375,51.320160004000059],[4.3889229940000405,51.320301004000044],[4.3897699940000621,51.320668004000026],[4.3906799940000383,51.319688004000056],[4.394721994000065,51.32157800400006],[4.3987579940000501,51.323536004000061],[4.3958999940000467,51.326370004000069],[4.3935949940000683,51.328655004000041],[4.3919639940000366,51.330270004000056],[4.3917949940000653,51.330432004000045],[4.3917379940000387,51.330487004000076],[4.3917169940000349,51.330507004000026],[4.3915369940000346,51.330653004000055],[4.3914569940000661,51.331024004000028],[4.391398994000042,51.331107004000046],[4.3896459940000341,51.332623004000027],[4.3885179940000398,51.333599004000064],[4.3871559940000679,51.33478300400003],[4.3885069940000676,51.335457004000034],[4.3900029940000422,51.336210004000066],[4.3906869940000206,51.336552004000055],[4.3917669940000224,51.337093004000053],[4.3919259940000757,51.337175004000073],[4.3923879940000461,51.337413004000041],[4.3927269940000429,51.337590004000049],[4.3919489940000744,51.338243004000049],[4.3917929940000704,51.338448004000043],[4.3916689940000424,51.338560004000044],[4.3913729940000508,51.338827004000052],[4.3915859940000246,51.338947004000033],[4.3915769940000473,51.339065004000076],[4.3910579940000503,51.33955600400003],[4.3906649940000761,51.33993100400005],[4.3905949940000255,51.339993004000064],[4.3906199940000761,51.340050004000034],[4.390559994000057,51.340101004000076],[4.3906159940000293,51.340198004000058],[4.3905649940000444,51.340340004000041],[4.3888529940000467,51.341602004000038],[4.3878109940000627,51.342370004000031],[4.3879669940000667,51.342450004000057],[4.3890279940000596,51.342994004000047],[4.3890279940000596,51.342994004000047],[4.3889509940000266,51.34304600400003],[4.3888669940000682,51.343109004000041]]},"properties":{"OBJECTID":28,"Name":"Spaak 01","Descript":"","Type":"TRKPT","Shape_Length":0.20119670116126759,"Field":17.503489802353684}},{"type":"Feature","id":29,"geometry":{"type":"LineString","coordinates":[[4.4270689940000238,51.260869004000028],[4.4269499940000401,51.261054004000073],[4.4269329940000262,51.261211004000074],[4.4268639940000298,51.261375004000058],[4.426917994000064,51.261643004000064],[4.4269949940000402,51.26185500400004],[4.4274719940000296,51.262421004000032],[4.4275269940000612,51.26254100400007],[4.4278489940000441,51.262870004000035],[4.4280029940000531,51.263069004000045],[4.4280249940000544,51.263131004000059],[4.4284627860000683,51.264437384000075],[4.4284629940000286,51.264438004000056]]},"properties":{"OBJECTID":29,"Name":"Spaak 01","Descript":"","Type":"TRKPT","Shape_Length":0.0040831509289930065,"Field":0.4211677121249025}},{"type":"Feature","id":30,"geometry":{"type":"LineString","coordinates":[[4.3257710000000316,51.121729000000073],[4.3259350000000723,51.121482000000071],[4.3258670000000734,51.121413000000075],[4.3258250000000658,51.121306000000061],[4.3258240000000683,51.121116000000029],[4.3257950000000278,51.119301000000064],[4.3257730000000265,51.118188000000032],[4.3256660000000693,51.117836000000068],[4.3254490000000487,51.117302000000052],[4.3252580000000762,51.116791000000035],[4.325170000000071,51.116411000000028],[4.3251190000000292,51.115924000000064],[4.325110000000052,51.115839000000051],[4.325093000000038,51.115770000000055],[4.3250430000000506,51.115406000000064],[4.3251430000000255,51.114948000000027],[4.3251510000000621,51.114916000000051],[4.3252410000000623,51.114657000000079],[4.32325000000003,51.114467000000047],[4.3241450000000441,51.112962000000039],[4.32329900000002,51.11283300000008],[4.3219320000000607,51.112677000000076],[4.3215450000000715,51.114053000000069],[4.3214160000000561,51.114251000000081],[4.3212720000000218,51.114311000000043],[4.3197660000000724,51.114193000000057],[4.3195370000000253,51.114190000000065],[4.3193540000000326,51.114226000000031],[4.3187490000000253,51.114231000000075],[4.3179230000000643,51.114330000000052],[4.3173810000000685,51.114428000000032],[4.3170120000000338,51.114536000000044],[4.316784000000041,51.114512000000047],[4.316581000000042,51.11445800000007],[4.3165390000000343,51.114315000000033],[4.3165530000000558,51.114257000000066],[4.3167480000000751,51.114120000000071],[4.3170000000000641,51.113931000000036],[4.3180340000000683,51.11275500000005],[4.318328000000065,51.112359000000026],[4.3190450000000737,51.110974000000056],[4.3195230000000606,51.110065000000077],[4.3195930000000544,51.109995000000026],[4.3199940000000652,51.109639000000072],[4.3205770000000712,51.109121000000073],[4.3197610000000282,51.109027000000026],[4.317335000000071,51.108345000000043],[4.3158740000000648,51.108010000000036],[4.3162450000000376,51.107108000000039],[4.3165350000000444,51.106382000000053],[4.3165550000000508,51.106234000000029],[4.3164630000000557,51.106194000000073],[4.3160870000000386,51.106176000000062],[4.3138340000000426,51.106147000000078],[4.3134510000000432,51.10615400000006],[4.3130430000000501,51.10625200000004],[4.3126940000000218,51.106230000000039],[4.3124480000000744,51.106140000000039],[4.3123480000000427,51.106047000000046],[4.3127940000000535,51.105713000000037],[4.3128150000000574,51.105644000000041],[4.3129960000000551,51.105630000000076],[4.3132530000000315,51.10565100000008],[4.3136710000000562,51.10575300000005],[4.3139150000000654,51.105779000000041],[4.3146140000000628,51.105751000000055],[4.3150760000000332,51.10570800000005],[4.3156130000000417,51.105773000000056],[4.3160870000000386,51.105778000000043],[4.3163210000000731,51.105718000000081],[4.3167330000000561,51.105522000000065],[4.3170590000000288,51.105406000000073],[4.3173060000000305,51.105351000000041],[4.3175950000000398,51.105344000000059],[4.3193070000000375,51.105548000000056],[4.3200350000000753,51.105600000000038],[4.3206660000000738,51.105590000000063],[4.3210860000000366,51.105511000000035],[4.3215340000000424,51.10542300000003],[4.3217030000000705,51.105643000000043],[4.3218760000000316,51.105779000000041],[4.3220950000000471,51.105867000000046],[4.3227050000000418,51.106047000000046],[4.3236440000000584,51.106322000000034],[4.323863000000074,51.106370000000027],[4.3245490000000473,51.106489000000067],[4.3256690000000617,51.106675000000052],[4.3270400000000677,51.106869000000074],[4.3273700000000304,51.106825000000072],[4.3277630000000613,51.106738000000064],[4.3294220000000223,51.10630100000003],[4.3296660000000315,51.106273000000044],[4.3297610000000759,51.106275000000039],[4.3299730000000523,51.106299000000035],[4.330030000000022,51.106123000000082],[4.3301290000000563,51.10597400000006],[4.3306220000000621,51.105530000000044],[4.3320810000000733,51.104339000000039],[4.3321880000000306,51.104251000000033],[4.3323830000000498,51.104117000000031],[4.3326520000000528,51.103932000000043],[4.3327980000000252,51.103832000000068],[4.3327500000000327,51.103747000000055],[4.3328150000000392,51.10366700000003],[4.3327280000000314,51.103535000000079],[4.3328120000000467,51.103506000000039],[4.3329840000000672,51.103518000000065],[4.3330940000000737,51.103535000000079],[4.3331510000000435,51.10356900000005],[4.3341130000000589,51.102927000000079],[4.3349510000000464,51.102420000000052],[4.3350210000000402,51.102378000000044],[4.3354800000000751,51.102107000000046],[4.3355270000000701,51.10207900000006],[4.3361000000000445,51.101732000000027],[4.3361630000000559,51.101693000000068],[4.3364790000000539,51.101497000000052],[4.3372410000000627,51.101011000000028],[4.3373530000000642,51.101072000000045],[4.3378030000000649,51.100857000000076],[4.3381590000000756,51.100728000000061],[4.3382170000000428,51.100731000000053],[4.3383240000000569,51.10078100000004],[4.3404750000000263,51.102113000000031],[4.3427970000000755,51.10366700000003],[4.3434740000000716,51.104084000000057],[4.3440250000000447,51.104531000000065],[4.3445240000000354,51.104895000000056],[4.3445950000000266,51.105009000000052],[4.3446560000000432,51.10510800000003],[4.3446970000000533,51.105253000000062],[4.3447480000000382,51.105454000000066],[4.344931000000031,51.10565500000007],[4.3447620000000597,51.105730000000051],[4.3446560000000432,51.105810000000076],[4.3444540000000416,51.106083000000069],[4.3437320000000454,51.105962000000034],[4.3432450000000244,51.105796000000055],[4.3431740000000332,51.105807000000027],[4.3427180000000476,51.106145000000026],[4.3426770000000374,51.106174000000067],[4.3423610000000394,51.106334000000061],[4.3426930000000539,51.106604000000061],[4.3431500000000369,51.106870000000072],[4.3439760000000547,51.107391000000064],[4.3443700000000263,51.107673000000034],[4.3447970000000282,51.108073000000047],[4.3455530000000522,51.107992000000081],[4.3456400000000599,51.107944000000032],[4.3456760000000259,51.10787700000003],[4.345813000000021,51.107841000000064],[4.3461500000000228,51.107632000000081],[4.3468430000000353,51.107312000000036],[4.3473630000000298,51.107037000000048],[4.3476060000000416,51.106776000000082],[4.3477640000000406,51.106792000000041],[4.3479180000000497,51.106776000000082],[4.3485960000000432,51.106476000000043],[4.3491260000000693,51.106312000000059],[4.3495750000000726,51.106044000000054],[4.3503150000000232,51.10566300000005],[4.3507210000000214,51.105434000000059],[4.350776000000053,51.105365000000063],[4.3507690000000707,51.105270000000075],[4.3507140000000391,51.105177000000026],[4.3506430000000478,51.105098000000055],[4.3501910000000521,51.104824000000065],[4.3493620000000419,51.104423000000054],[4.3492460000000506,51.10436100000004],[4.3489290000000551,51.104184000000032],[4.3490630000000579,51.104101000000071],[4.3493040000000747,51.103874000000076],[4.3494940000000497,51.103632000000061],[4.3487840000000233,51.103408000000059],[4.3478870000000711,51.103161000000057],[4.3474560000000224,51.102725000000078],[4.3473050000000626,51.102516000000037],[4.3472490000000334,51.102370000000064],[4.3472810000000663,51.102277000000072],[4.3475200000000314,51.102010000000064],[4.346460000000036,51.101633000000049],[4.3462410000000204,51.101555000000076],[4.345747000000074,51.101372000000026],[4.345610000000022,51.101241000000073],[4.3455570000000421,51.101176000000066],[4.3456660000000511,51.101142000000038],[4.3457690000000753,51.101046000000053],[4.3457740000000626,51.100978000000055],[4.3458680000000527,51.100919000000033],[4.3473760000000539,51.099619000000075],[4.3468640000000391,51.099628000000052],[4.3467640000000642,51.099652000000049],[4.3461010000000329,51.099381000000051],[4.345924000000025,51.099253000000033],[4.3458580000000211,51.099068000000045],[4.3458330000000274,51.098725000000059],[4.3456050000000346,51.098613000000057],[4.3434670000000324,51.097822000000065],[4.3428950000000555,51.097645000000057],[4.3419040000000564,51.097338000000036],[4.3417860000000701,51.097358000000042],[4.3416040000000748,51.097389000000078],[4.3415050000000406,51.097278000000074],[4.341681000000051,51.097117000000026],[4.341824000000031,51.097042000000044],[4.3422160000000645,51.096896000000072],[4.3425940000000764,51.096719000000064],[4.342768000000035,51.096624000000077],[4.3428670000000693,51.096545000000049],[4.3432660000000283,51.096224000000063],[4.3436120000000642,51.095943000000034],[4.3441030000000751,51.09541500000006],[4.3441330000000562,51.095379000000037],[4.3441620000000398,51.095342000000073],[4.3443270000000211,51.095137000000079],[4.3445740000000228,51.094998000000032],[4.3456330000000207,51.094690000000071],[4.3459290000000692,51.094593000000032],[4.3459800000000541,51.094576000000075],[4.3464570000000435,51.094421000000068],[4.3467230000000541,51.094348000000082],[4.3472880000000487,51.094311000000062],[4.3473480000000677,51.094306000000074],[4.3476940000000468,51.094573000000082],[4.3486000000000331,51.09504400000003],[4.3489920000000666,51.095285000000047],[4.3497180000000526,51.09565200000003],[4.3499180000000592,51.095706000000064],[4.3501870000000622,51.095639000000062],[4.350338000000022,51.095635000000073],[4.350509000000045,51.095754000000056],[4.3505100000000425,51.095822000000055],[4.3500190000000316,51.096216000000027],[4.3501100000000292,51.096269000000063],[4.3504120000000626,51.096088000000066],[4.3508410000000595,51.096323000000041],[4.351579000000072,51.095994000000076],[4.3516540000000532,51.095934000000057],[4.351579000000072,51.09572600000007],[4.3515980000000241,51.095654000000081],[4.3514850000000251,51.095519000000081],[4.3513770000000704,51.095414000000062],[4.3514050000000566,51.09522000000004],[4.3514830000000302,51.095152000000041],[4.3514510000000541,51.094925000000046],[4.3516790000000469,51.094579000000067],[4.3518530000000624,51.09423600000008],[4.3523850000000266,51.094025000000045],[4.3528690000000552,51.093886000000055],[4.352828000000045,51.09383100000008],[4.3524170000000595,51.093250000000069],[4.3523030000000631,51.093206000000066],[4.3526270000000409,51.093042000000025],[4.3530050000000529,51.09286000000003],[4.3531880000000456,51.09277000000003],[4.3536770000000615,51.092530000000068],[4.3538160000000516,51.09250000000003],[4.354026000000033,51.092400000000055],[4.3547860000000469,51.092431000000033],[4.3549670000000447,51.092166000000077],[4.3551010000000474,51.091900000000066],[4.3551850000000627,51.09173700000008],[4.3552060000000665,51.091697000000067],[4.3551420000000576,51.091682000000048],[4.3550880000000234,51.091615000000047],[4.3555410000000734,51.091012000000035],[4.3558490000000347,51.090967000000035],[4.3575820000000363,51.089023000000054],[4.3577710000000707,51.088812000000075],[4.358250000000055,51.088280000000054],[4.3584840000000327,51.088080000000048],[4.3590410000000475,51.087718000000052],[4.3592210000000478,51.087630000000047],[4.3595330000000558,51.087493000000052],[4.3601880000000506,51.087203000000045],[4.360398000000032,51.087113000000045],[4.3606790000000615,51.08692300000007],[4.3607940000000553,51.086850000000027],[4.3607950000000528,51.086734000000035],[4.3609460000000695,51.086668000000031],[4.3610590000000684,51.086680000000058],[4.3611420000000294,51.086729000000048],[4.3611700000000724,51.086794000000054]]},"properties":{"OBJECTID":30,"Name":"Ring 04","Descript":"","Type":"TRKPT","Shape_Length":0.1336703483726262,"Field":11.224387682703576}},{"type":"Feature","id":31,"geometry":{"type":"LineString","coordinates":[[4.2602840000000697,51.245002000000056],[4.2595480000000521,51.244889000000057],[4.2577720000000454,51.244522000000075],[4.2568860000000655,51.244997000000069],[4.2538950000000568,51.246964000000048],[4.2533830000000421,51.247265000000027],[4.253086000000053,51.247488000000033],[4.252661000000046,51.247895000000028],[4.2523740000000316,51.248098000000027],[4.251510000000053,51.248529000000076],[4.2510200000000395,51.248720000000048],[4.2507800000000202,51.248781000000065],[4.2501460000000293,51.249073000000067],[4.2500580000000241,51.249201000000028],[4.2500740000000405,51.249300000000062],[4.2501570000000584,51.249392000000057],[4.2501100000000633,51.249472000000026],[4.2500420000000645,51.24952200000007],[4.2498970000000327,51.249646000000041],[4.2483350000000542,51.249230000000068],[4.2472660000000246,51.249038000000041],[4.2467070000000717,51.248972000000037],[4.2463840000000346,51.248962000000063],[4.246402000000046,51.24887300000006],[4.2455930000000421,51.248830000000055],[4.2436980000000517,51.248845000000074],[4.2436460000000693,51.248638000000028],[4.2435090000000741,51.248529000000076],[4.2431580000000508,51.248419000000069],[4.2418060000000537,51.248046000000045],[4.2407350000000292,51.24776200000008],[4.2405380000000719,51.247622000000035],[4.2404540000000566,51.247441000000038],[4.2402490000000626,51.245175000000074],[4.2396660000000566,51.245229000000052],[4.2393910000000687,51.245326000000034],[4.2376490000000331,51.246271000000036],[4.2375030000000606,51.246330000000057],[4.2372970000000691,51.246373000000062],[4.2371420000000626,51.246384000000035],[4.2347090000000662,51.246305000000064],[4.232498000000021,51.246242000000052],[4.2292530000000284,51.246150000000057],[4.2256500000000301,51.246056000000067],[4.2254610000000525,51.246029000000078],[4.2253320000000372,51.24600300000003],[4.2252380000000471,51.24595400000004],[4.224345000000028,51.245191000000034],[4.2241990000000555,51.245116000000053],[4.214302000000032,51.244204000000082],[4.2141310000000658,51.244192000000055],[4.2139820000000441,51.244236000000058],[4.2122430000000577,51.245003000000054],[4.2068300000000249,51.244497000000081],[4.2066320000000701,51.244577000000049],[4.2065960000000473,51.24470000000008],[4.2067380000000298,51.244799000000057],[4.207033000000024,51.244908000000066],[4.2070920000000456,51.244987000000037],[4.2071590000000469,51.245131000000072],[4.2072260000000483,51.245596000000035],[4.2073070000000712,51.245705000000044],[4.2073810000000549,51.245689000000027],[4.2075770000000716,51.245703000000049],[4.2076640000000225,51.245743000000061],[4.2077450000000454,51.245861000000048],[4.2078590000000418,51.245951000000048],[4.2080630000000383,51.246018000000049],[4.2083360000000312,51.246043000000043],[4.2131450000000541,51.24651700000004],[4.2135050000000547,51.246552000000065],[4.2135680000000661,51.24655800000005],[4.2135780000000409,51.246631000000036],[4.2137870000000248,51.246675000000039],[4.2138670000000502,51.246745000000033],[4.2139570000000504,51.246774000000073],[4.2133520000000431,51.249215000000049],[4.2133230000000594,51.249344000000065],[4.2130610000000388,51.250482000000034],[4.2131430000000591,51.250487000000078],[4.2131200000000604,51.250847000000078],[4.213198000000034,51.251160000000027],[4.2136630000000537,51.252069000000063],[4.2137210000000209,51.252301000000045],[4.2137880000000223,51.252575000000036],[4.2142930000000547,51.252778000000035],[4.2144360000000347,51.25276800000006],[4.2153850000000261,51.252463000000034],[4.2155660000000239,51.252406000000065],[4.2160690000000614,51.252252000000055],[4.2174350000000231,51.251918000000046],[4.2181970000000319,51.251780000000053],[4.2182290000000648,51.251848000000052],[4.2182660000000283,51.25193500000006],[4.2178410000000213,51.252014000000031],[4.2172730000000342,51.252157000000068],[4.2161850000000527,51.252501000000052],[4.2155480000000694,51.252740000000074],[4.2154150000000641,51.252837000000056],[4.2153140000000349,51.253307000000063],[4.2151090000000409,51.253330000000062],[4.2146640000000275,51.253341000000034],[4.213950000000068,51.253357000000051],[4.2132140000000504,51.253374000000065],[4.2124380000000201,51.253392000000076],[4.2111790000000724,51.253436000000079],[4.2103060000000596,51.253530000000069],[4.2093980000000215,51.253707000000077],[4.2085530000000517,51.253969000000041],[4.2072000000000571,51.254410000000064],[4.2070690000000468,51.254436000000055],[4.206903000000068,51.254415000000051],[4.2067930000000615,51.254437000000053],[4.2067180000000235,51.254457000000059],[4.2064090000000647,51.254546000000062],[4.206356000000028,51.254558000000031],[4.2062840000000392,51.254580000000033],[4.2060020000000691,51.254134000000079],[4.2058430000000726,51.253960000000063],[4.2057450000000358,51.253872000000058],[4.2051960000000577,51.253456000000028],[4.204304000000036,51.252985000000081],[4.2037730000000693,51.252657000000056],[4.2032510000000229,51.252221000000077],[4.2028270000000703,51.251688000000058],[4.2020130000000222,51.250276000000042],[4.2018140000000699,51.250000000000057],[4.20125900000005,51.249501000000066],[4.2004720000000475,51.248799000000076],[4.2002210000000559,51.248610000000042],[4.1995560000000296,51.248221000000058],[4.1991860000000543,51.248056000000076],[4.1985950000000685,51.247858000000065],[4.1982750000000237,51.247774000000049],[4.1979550000000359,51.247751000000051],[4.1979890000000637,51.247644000000037],[4.197998000000041,51.247552000000042],[4.1976540000000568,51.247456000000057],[4.1974880000000212,51.247300000000052],[4.1973590000000627,51.247220000000027],[4.1973430000000462,51.247046000000068],[4.1977640000000633,51.245279000000039],[4.1977650000000608,51.245278000000042],[4.1978220000000306,51.245201000000066],[4.1980080000000726,51.245159000000058],[4.1980290000000764,51.245122000000038],[4.1980590000000575,51.245003000000054],[4.1977030000000468,51.244963000000041],[4.1932570000000737,51.244531000000052],[4.1931870000000231,51.244524000000069],[4.1904820000000313,51.244259000000056],[4.1900720000000433,51.244220000000041],[4.1899250000000734,51.244218000000046],[4.1897970000000555,51.244217000000049],[4.1898380000000657,51.244039000000043],[4.1899330000000532,51.241575000000068],[4.1900230000000533,51.241448000000048],[4.1900510000000395,51.240322000000049],[4.1900340000000256,51.24021700000003],[4.1900380000000723,51.239321000000075],[4.1900420000000622,51.239180000000033],[4.1900420000000622,51.239005000000077],[4.1900580000000218,51.238785000000064],[4.1900800000000231,51.238242000000071],[4.1900880000000598,51.238022000000058],[4.1901020000000244,51.237859000000071],[4.1901890000000321,51.236984000000064],[4.1902270000000499,51.235870000000034],[4.1902410000000714,51.235717000000079],[4.1902790000000323,51.234952000000078],[4.1903740000000198,51.234939000000054],[4.1905110000000718,51.234867000000065],[4.1908800000000497,51.234605000000045],[4.1910520000000702,51.234243000000049],[4.1911490000000526,51.233744000000058],[4.1910060000000726,51.233496000000059],[4.1910000000000309,51.233210000000042],[4.1910850000000437,51.232735000000048],[4.1910560000000601,51.232673000000034],[4.1909740000000397,51.232606000000033],[4.1903880000000413,51.232424000000037],[4.1904490000000578,51.231188000000031],[4.1904820000000313,51.230397000000039],[4.1904920000000629,51.230188000000055],[4.1909780000000296,51.230356000000029],[4.1924110000000496,51.230726000000061],[4.1933820000000424,51.230934000000047],[4.1958230000000754,51.231351000000075],[4.1980810000000588,51.23168000000004],[4.1982370000000628,51.231653000000051],[4.1982490000000325,51.231580000000065],[4.1979480000000535,51.231052000000034],[4.1980340000000638,51.230609000000072],[4.1980980000000727,51.230495000000076],[4.1982380000000603,51.230451000000073],[4.1986510000000408,51.230411000000061],[4.1987530000000675,51.230367000000058],[4.1990160000000287,51.230189000000053],[4.1990370000000325,51.230112000000076],[4.1990000000000691,51.229996000000028],[4.1987100000000623,51.229695000000049],[4.1986660000000597,51.229579000000058],[4.1986970000000383,51.229520000000036],[4.1990100000000439,51.228922000000068],[4.198942000000045,51.228519000000063],[4.1989870000000451,51.228449000000069],[4.1993260000000419,51.228157000000067],[4.1994320000000585,51.227657000000079],[4.2006490000000554,51.226811000000055],[4.2006410000000756,51.226731000000029],[4.2005060000000753,51.226504000000034],[4.1989070000000766,51.225403000000028],[4.1988000000000625,51.225363000000073],[4.1974850000000288,51.22444100000007],[4.1974490000000628,51.224352000000067],[4.1961560000000304,51.223813000000064],[4.1953560000000607,51.223573000000044],[4.1941660000000525,51.223261000000036],[4.1938890000000697,51.223198000000082],[4.1937470000000303,51.223159000000066],[4.1937920000000304,51.223021000000074],[4.1938700000000608,51.222631000000035],[4.1939310000000205,51.22221200000007],[4.1940900000000738,51.222210000000075],[4.1941960000000336,51.22216300000008],[4.1951010000000224,51.221103000000028],[4.1952870000000644,51.220904000000075],[4.1954680000000621,51.220702000000074],[4.1963500000000522,51.219715000000065],[4.1963680000000636,51.219662000000028],[4.1955960000000232,51.219565000000046],[4.1951020000000199,51.219455000000039],[4.1945620000000758,51.219316000000049],[4.1946090000000709,51.219223000000056],[4.1948770000000764,51.218932000000052],[4.1952660000000606,51.218523000000062],[4.1955890000000409,51.218108000000029],[4.1963780000000384,51.218368000000055],[4.1964100000000712,51.218479000000059],[4.1964020000000346,51.21864000000005],[4.196407000000022,51.219040000000064],[4.1967320000000541,51.219169000000079],[4.1970380000000205,51.219253000000037],[4.1970910000000572,51.21924800000005],[4.1971420000000421,51.21921100000003],[4.1971560000000636,51.218781000000035],[4.1972310000000448,51.218489000000034],[4.1973270000000298,51.218417000000045],[4.1975160000000642,51.217687000000069],[4.1981450000000677,51.215686000000062],[4.1982220000000439,51.215590000000077],[4.198376000000053,51.215505000000064],[4.1991760000000227,51.214811000000054],[4.1998080000000755,51.214304000000027],[4.2006510000000503,51.213482000000056],[4.200994000000037,51.213190000000054],[4.2018270000000371,51.21275600000007],[4.2026760000000536,51.211880000000065],[4.2034060000000295,51.211019000000078],[4.2037240000000224,51.210804000000053],[4.2041680000000383,51.210565000000031],[4.2069040000000655,51.208880000000079],[4.2082040000000234,51.209940000000074],[4.2088670000000548,51.210480000000075],[4.2091610000000514,51.210762000000045],[4.2092160000000263,51.210893000000056],[4.2092620000000238,51.211267000000078],[4.2092290000000503,51.21146600000003],[4.2099160000000211,51.21109800000005],[4.2102950000000305,51.210826000000054],[4.2108600000000251,51.210497000000032],[4.2128400000000283,51.209156000000064],[4.2140520000000379,51.208376000000044],[4.2155050000000642,51.207521000000042],[4.2161330000000703,51.207092000000046],[4.2174090000000319,51.206255000000056],[4.2179500000000303,51.205935000000068],[4.2192690000000539,51.205249000000038],[4.2203510000000506,51.204767000000061],[4.2205330000000458,51.204658000000052],[4.2219140000000266,51.205521000000033],[4.2225580000000491,51.205048000000033],[4.2226150000000757,51.204961000000026],[4.2225500000000693,51.204868000000033],[4.2222190000000523,51.204664000000037],[4.2221700000000624,51.204577000000029],[4.2224740000000338,51.203967000000034],[4.2225660000000289,51.203861000000074],[4.2228200000000697,51.203388000000075],[4.2228510000000483,51.203229000000078],[4.222925000000032,51.203101000000061],[4.2233760000000302,51.202257000000031],[4.2233700000000454,51.202230000000043],[4.2232150000000388,51.20218200000005],[4.223301000000049,51.202117000000044],[4.2243140000000494,51.200330000000065],[4.2244320000000357,51.200276000000031],[4.2246020000000613,51.200294000000042],[4.2247970000000237,51.19991200000004],[4.2247630000000527,51.199846000000036],[4.223790000000065,51.199543000000062],[4.2220580000000609,51.199002000000064],[4.2219680000000608,51.198929000000078],[4.222105000000056,51.19879700000007],[4.2221950000000561,51.198709000000065],[4.2228480000000559,51.197591000000045],[4.2228120000000331,51.19754400000005],[4.2228610000000231,51.197470000000067],[4.2228120000000331,51.197451000000058],[4.2226000000000568,51.197410000000048],[4.2189380000000369,51.196303000000057],[4.2184220000000323,51.196130000000039],[4.2184410000000412,51.196056000000056],[4.2184920000000261,51.19547300000005],[4.2185920000000579,51.195168000000081],[4.2195620000000531,51.19551800000005],[4.2200100000000589,51.195684000000028],[4.2200970000000666,51.195606000000055],[4.220147000000054,51.195594000000028],[4.2203890000000683,51.195644000000073],[4.222199000000046,51.196446000000037],[4.2238340000000676,51.197179000000062],[4.2242790000000241,51.197187000000042],[4.2247350000000665,51.197275000000047]]},"properties":{"OBJECTID":31,"Name":"Ring 04","Descript":"","Type":"TRKPT","Shape_Length":0.21925724234482019,"Field":18.416166758682547}},{"type":"Feature","id":32,"geometry":{"type":"LineString","coordinates":[[4.2247350000000665,51.197275000000047],[4.2240120000000729,51.196281000000056],[4.2242990000000304,51.195316000000048],[4.2243720000000735,51.194699000000071],[4.2243640000000369,51.19453500000003],[4.224469000000056,51.194013000000041],[4.2244510000000446,51.193978000000072],[4.2244160000000761,51.193948000000034],[4.2241820000000416,51.193895000000055],[4.2235240000000545,51.193835000000036],[4.2229840000000536,51.193839000000025],[4.2225390000000402,51.193787000000043],[4.2221760000000472,51.193779000000063],[4.2219460000000595,51.193409000000031],[4.2216030000000728,51.193005000000028],[4.2205730000000585,51.19245600000005],[4.2188960000000293,51.191786000000036],[4.2185300000000439,51.191640000000064],[4.215481000000068,51.190424000000064],[4.2155470000000719,51.190066000000058],[4.2156620000000657,51.189712000000043],[4.2158540000000357,51.189335000000028],[4.2157860000000369,51.189166000000057],[4.2155830000000378,51.189045000000078],[4.2149550000000318,51.188889000000074],[4.2146680000000742,51.188858000000039],[4.2143270000000257,51.18877400000008],[4.2141050000000746,51.18868800000007],[4.2139430000000289,51.188581000000056],[4.2138590000000704,51.188460000000077],[4.2135920000000624,51.188375000000065],[4.213354000000038,51.188214000000073],[4.2129120000000739,51.187969000000066],[4.2121550000000525,51.187747000000059],[4.2112320000000523,51.187775000000045],[4.210565000000031,51.187762000000077],[4.2104150000000686,51.187722000000065],[4.2103690000000711,51.187360000000069],[4.2103740000000585,51.186711000000059],[4.2103750000000559,51.186582000000044],[4.2103930000000673,51.185538000000065],[4.2105220000000259,51.185497000000055],[4.2111250000000382,51.185539000000063],[4.2112180000000308,51.185535000000073],[4.2112770000000523,51.18550700000003],[4.211366000000055,51.184833000000026],[4.2114320000000589,51.184686000000056],[4.2119570000000408,51.183884000000035],[4.2122020000000475,51.183616000000029],[4.2129550000000222,51.183896000000061],[4.2132100000000605,51.183921000000055],[4.2140910000000531,51.18391900000006],[4.215434000000073,51.183885000000032],[4.2157870000000344,51.183913000000075],[4.2161930000000325,51.183913000000075],[4.2175510000000713,51.183873000000062],[4.2181150000000684,51.183842000000027],[4.2181450000000495,51.183648000000062],[4.2183970000000386,51.183682000000033],[4.2190230000000497,51.183898000000056],[4.2196790000000419,51.183566000000042],[4.2203890000000683,51.183130000000062],[4.2218000000000302,51.182395000000042],[4.2219630000000734,51.182341000000065],[4.2225430000000301,51.18226100000004],[4.222626000000048,51.182276000000059],[4.2230590000000348,51.182463000000041],[4.2231490000000349,51.182427000000075],[4.2241200000000276,51.181723000000034],[4.2250070000000619,51.180970000000059],[4.2257600000000366,51.180547000000047],[4.2267980000000307,51.180015000000026],[4.2268890000000283,51.179990000000032],[4.2271200000000704,51.180031000000042],[4.2283140000000685,51.180452000000059],[4.2284130000000459,51.180465000000027],[4.22847100000007,51.180367000000047],[4.229201000000046,51.179901000000029],[4.2295570000000566,51.179617000000064],[4.2298390000000268,51.179542000000026],[4.2303240000000528,51.179492000000039],[4.2305810000000292,51.179427000000032],[4.2311130000000503,51.178998000000036],[4.2306330000000685,51.178725000000043],[4.2302090000000589,51.178458000000035],[4.2296920000000569,51.177928000000065],[4.2290010000000393,51.177411000000063],[4.2284470000000738,51.177103000000045],[4.2275680000000762,51.176795000000027],[4.2279980000000705,51.176328000000069],[4.2282990000000495,51.175932000000046],[4.2286860000000388,51.175196000000028],[4.2287690000000566,51.175069000000065],[4.2288800000000606,51.175002000000063],[4.2300060000000599,51.174519000000032],[4.2301030000000424,51.174247000000037],[4.2307040000000598,51.173197000000073],[4.2307570000000396,51.173029000000042],[4.2307940000000599,51.172920000000033],[4.2307550000000447,51.172855000000027],[4.2308080000000245,51.172547000000066],[4.2309920000000716,51.171816000000035],[4.2309570000000463,51.171370000000081],[4.2310050000000388,51.17122100000006],[4.231249000000048,51.170859000000064],[4.2316710000000626,51.170273000000066],[4.2342830000000617,51.16702900000007],[4.2343110000000479,51.166962000000069],[4.2347420000000398,51.166850000000068],[4.2353740000000357,51.166823000000079],[4.2358260000000314,51.166658000000041],[4.2362740000000372,51.166537000000062],[4.2364440000000627,51.166526000000033],[4.2370930000000726,51.166552000000081],[4.2377330000000484,51.166402000000062],[4.2378590000000713,51.166400000000067],[4.2389270000000465,51.166559000000063],[4.2392050000000268,51.166740000000061],[4.2396140000000742,51.166901000000053],[4.2393950000000586,51.16806900000006],[4.239387000000022,51.168229000000053],[4.2394450000000461,51.168323000000044],[4.2400820000000294,51.167458000000067],[4.2405620000000681,51.166824000000076],[4.2410200000000486,51.166233000000034],[4.2410280000000284,51.166158000000053],[4.2418060000000537,51.165139000000067],[4.2418860000000222,51.165035000000046],[4.2420700000000693,51.164803000000063],[4.2421560000000227,51.164680000000033],[4.242315000000076,51.164484000000073],[4.2426130000000626,51.16408000000007],[4.2428720000000339,51.163748000000055],[4.2429310000000555,51.16366400000004],[4.2431920000000218,51.163305000000037],[4.2433580000000575,51.163088000000073],[4.2440900000000283,51.162201000000039],[4.2441770000000361,51.16213300000004],[4.2446910000000457,51.161475000000053],[4.2448700000000485,51.161246000000062],[4.2450190000000703,51.161315000000059],[4.2450880000000666,51.16137800000007],[4.2451220000000376,51.161460000000034],[4.2450880000000666,51.16137800000007],[4.2450190000000703,51.161315000000059],[4.2448700000000485,51.161246000000062],[4.2446760000000268,51.161212000000035],[4.2444970000000239,51.161235000000033],[4.2443460000000641,51.161295000000052],[4.2437490000000366,51.162024000000031],[4.2432850000000712,51.16249300000004],[4.2431210000000306,51.162617000000068],[4.2429100000000517,51.162711000000058],[4.2426590000000601,51.162762000000043],[4.2424140000000534,51.162769000000026],[4.242144000000053,51.162724000000026],[4.2410670000000437,51.162470000000042],[4.2399620000000482,51.162130000000047],[4.2389480000000503,51.161736000000076],[4.2371970000000374,51.160940000000039],[4.2371230000000537,51.160862000000066],[4.2371060000000398,51.160776000000055],[4.2372750000000678,51.160166000000061],[4.2372190000000387,51.160110000000032],[4.2373440000000642,51.16004300000003],[4.2373830000000225,51.159973000000036],[4.2376490000000331,51.159176000000059],[4.2377610000000345,51.158944000000076],[4.2384130000000368,51.157884000000081],[4.238988000000063,51.157141000000081],[4.2393140000000358,51.156436000000042],[4.2393490000000611,51.156255000000044],[4.2394340000000739,51.155946000000029],[4.2397430000000327,51.155618000000061],[4.2403230000000462,51.154879000000051],[4.2412540000000263,51.153798000000052],[4.2415800000000559,51.153378000000032],[4.2426530000000753,51.151758000000029],[4.2428790000000731,51.151328000000035],[4.2432550000000333,51.150581000000045],[4.2436560000000441,51.149800000000027],[4.2438550000000532,51.149485000000027],[4.2445840000000317,51.148409000000072],[4.2453310000000215,51.147510000000068],[4.2454340000000457,51.147343000000035],[4.2456400000000372,51.146869000000038],[4.2463130000000433,51.145915000000059],[4.2465990000000602,51.145537000000047],[4.2469760000000747,51.144674000000066],[4.2476430000000391,51.143328000000054],[4.2479450000000725,51.14260900000005],[4.2481270000000677,51.142269000000056],[4.2481430000000273,51.141959000000043],[4.2481200000000285,51.141838000000064],[4.2483270000000743,51.140536000000054],[4.2483530000000655,51.140270000000044],[4.2481810000000451,51.139907000000051],[4.2485890000000381,51.139247000000069],[4.2488350000000423,51.138332000000048],[4.2493720000000508,51.137063000000069],[4.249334000000033,51.137019000000066],[4.2490660000000275,51.13695800000005],[4.2490100000000552,51.136872000000039],[4.2495450000000687,51.136525000000063],[4.2495330000000422,51.136456000000067],[4.2495930000000612,51.136261000000047],[4.249712000000045,51.134854000000075],[4.2497010000000728,51.133373000000063],[4.2498580000000743,51.133181000000036],[4.2497060000000602,51.132958000000031],[4.2496560000000727,51.132023000000061],[4.2496200000000499,51.131363000000079],[4.2494290000000206,51.129124000000047],[4.2494200000000433,51.129013000000043],[4.2493700000000558,51.129006000000061],[4.2492790000000582,51.127889000000039],[4.2493350000000305,51.127374000000032]]},"properties":{"OBJECTID":32,"Name":"Ring 04","Descript":"","Type":"TRKPT","Shape_Length":0.12643634340695903,"Field":11.590223838252285}},{"type":"Feature","id":33,"geometry":{"type":"LineString","coordinates":[[4.2493350000000305,51.127374000000032],[4.2492520000000695,51.127326000000039],[4.249821000000054,51.126334000000043],[4.2499230000000239,51.126250000000027],[4.250344000000041,51.125398000000075],[4.2501210000000356,51.125349000000028],[4.2499420000000327,51.12462000000005],[4.2498900000000503,51.124411000000066],[4.2498740000000339,51.123748000000035],[4.2490290000000641,51.123748000000035],[4.2477050000000531,51.124009000000058],[4.2470570000000407,51.124091000000078],[4.2465050000000701,51.124236000000053],[4.2463430000000244,51.124274000000071],[4.246195000000057,51.123553000000072],[4.2461190000000215,51.123441000000071],[4.2460480000000302,51.12340800000004],[4.2451860000000465,51.123396000000071],[4.2447440000000256,51.123416000000077],[4.2445510000000581,51.123592000000031],[4.244448000000034,51.123645000000067],[4.2439880000000585,51.12374600000004],[4.2434730000000513,51.123814000000039],[4.2429150000000391,51.124163000000067],[4.2427680000000692,51.124194000000045],[4.2409340000000384,51.124279000000058],[4.2409090000000447,51.124280000000056],[4.2405310000000327,51.124340000000075],[4.239400000000046,51.124462000000051],[4.2389320000000339,51.124487000000045],[4.2383000000000379,51.124486000000047],[4.2378700000000435,51.124540000000081],[4.2367230000000404,51.124587000000076],[4.2352450000000204,51.124593000000061],[4.2345390000000407,51.124514000000033],[4.2344220000000519,51.124492000000032],[4.2343370000000391,51.124441000000047],[4.2342870000000516,51.12438700000007],[4.2342680000000428,51.124237000000051],[4.234260000000063,51.124181000000078],[4.2342020000000389,51.124133000000029],[4.2340490000000273,51.124094000000071],[4.2336840000000393,51.124034000000051],[4.2330140000000256,51.123972000000037],[4.2308630000000562,51.123812000000044],[4.230788000000075,51.12384000000003],[4.2302670000000262,51.123897000000056],[4.2300180000000296,51.12397100000004],[4.2297360000000594,51.123988000000054],[4.2296290000000454,51.12318300000004],[4.2294120000000248,51.122702000000061],[4.2293290000000638,51.122404000000074],[4.2293680000000222,51.122282000000041],[4.229658000000029,51.122052000000053],[4.229658000000029,51.121997000000079],[4.2296120000000315,51.121957000000066],[4.2292580000000726,51.122000000000071],[4.2258410000000595,51.122401000000082],[4.2248050000000603,51.122514000000081],[4.2238590000000613,51.122586000000069],[4.2221800000000371,51.122785000000079],[4.2218310000000656,51.122853000000077],[4.2216000000000236,51.122928000000059],[4.221313000000066,51.123061000000064],[4.2212900000000673,51.123072000000036],[4.2203150000000278,51.122859000000062],[4.2198500000000649,51.122892000000036],[4.2191950000000702,51.123079000000075],[4.2189920000000711,51.123118000000034],[4.2188630000000558,51.12313000000006],[4.2186300000000756,51.123105000000066],[4.218793000000062,51.123628000000053],[4.2188140000000658,51.123695000000055],[4.2188620000000583,51.12387700000005],[4.2188710000000356,51.12391000000008],[4.218983000000037,51.123960000000068],[4.2190560000000232,51.123964000000058],[4.2191330000000562,51.12393000000003],[4.2195280000000253,51.123715000000061],[4.2197270000000344,51.123570000000029],[4.2197420000000534,51.123452000000043],[4.2195890000000418,51.123274000000038],[4.2194850000000201,51.123037000000068],[4.2192900000000577,51.122409000000061],[4.2192230000000563,51.122184000000061],[4.2191550000000575,51.121955000000071],[4.2187080000000492,51.120461000000034],[4.2183970000000386,51.11980600000004],[4.2192610000000741,51.119710000000055],[4.2193790000000604,51.119651000000033],[4.2194770000000403,51.119497000000081],[4.219579000000067,51.119461000000058],[4.2230300000000511,51.119162000000074],[4.2256840000000579,51.118845000000078],[4.2258120000000758,51.118803000000071],[4.2258970000000318,51.118737000000067],[4.2260490000000459,51.118483000000026],[4.2261210000000347,51.118438000000026],[4.2262140000000272,51.11841400000003],[4.2275750000000585,51.118325000000027],[4.2283110000000761,51.118235000000027],[4.2288450000000353,51.118046000000049],[4.2308000000000447,51.117285000000038],[4.2311170000000402,51.117143000000056],[4.2326180000000591,51.116452000000038],[4.2329380000000469,51.11636500000003],[4.2334070000000565,51.116300000000081],[4.2338090000000648,51.116221000000053],[4.2339200000000687,51.116190000000074],[4.2347580000000562,51.115961000000027],[4.2351970000000279,51.115801000000033],[4.2356120000000601,51.115550000000042],[4.2359980000000519,51.115255000000047],[4.2364620000000741,51.115085000000079],[4.237668000000042,51.11456400000003],[4.2377830000000358,51.114537000000041],[4.2396920000000478,51.114379000000042],[4.2399580000000583,51.114334000000042],[4.2406850000000418,51.114160000000027],[4.2408910000000333,51.114088000000038],[4.2410760000000209,51.11395600000003],[4.241514000000052,51.113290000000063],[4.2415280000000735,51.113269000000059],[4.2418650000000753,51.11275100000006],[4.2419030000000362,51.112692000000038],[4.2424330000000623,51.111855000000048],[4.2427050000000577,51.111634000000038],[4.2431470000000218,51.111371000000076],[4.2438670000000229,51.111123000000077],[4.2445800000000418,51.110633000000064],[4.2446980000000281,51.110580000000027],[4.245078000000035,51.110474000000067],[4.2452220000000693,51.11043600000005],[4.2453430000000481,51.110370000000046],[4.245503000000042,51.110224000000073],[4.2455680000000484,51.110101000000043],[4.2455670000000509,51.109984000000054],[4.2454950000000622,51.109902000000034],[4.2452450000000681,51.109736000000055],[4.2451700000000301,51.109687000000065],[4.2457510000000411,51.109577000000058],[4.2468900000000644,51.109387000000027],[4.247094000000061,51.109380000000044],[4.2477690000000621,51.109488000000056],[4.2487090000000762,51.109585000000038],[4.2489100000000235,51.109646000000055],[4.2489270000000374,51.10965200000004],[4.2493710000000533,51.109845000000064],[4.2497100000000501,51.110044000000073],[4.2501300000000697,51.110368000000051],[4.250438000000031,51.110730000000046],[4.2505990000000224,51.111116000000038],[4.2506680000000756,51.111159000000043],[4.2508590000000481,51.111174000000062],[4.2510640000000421,51.111136000000045],[4.2511900000000651,51.111028000000033],[4.2518570000000295,51.110233000000051],[4.2529500000000553,51.109155000000044],[4.2534860000000663,51.108737000000076],[4.2572840000000269,51.106568000000038],[4.2579710000000546,51.106123000000082],[4.2586650000000645,51.106480000000033],[4.2613530000000424,51.107866000000058],[4.2617460000000733,51.108041000000071],[4.2623530000000756,51.108174000000076],[4.2625530000000253,51.108205000000055],[4.2628690000000233,51.108257000000037],[4.2630610000000502,51.108282000000031],[4.2634440000000495,51.108254000000045],[4.2644180000000347,51.108277000000044],[4.266505000000052,51.108284000000026],[4.266659000000061,51.108232000000044],[4.2671060000000693,51.107700000000079],[4.2672630000000709,51.107577000000049],[4.2674100000000408,51.107523000000072],[4.2680980000000659,51.107748000000072],[4.2685480000000666,51.107870000000048],[4.2686810000000719,51.107899000000032],[4.2683610000000272,51.108544000000052],[4.2680970000000684,51.10904800000003],[4.2682700000000295,51.109181000000035],[4.2683200000000738,51.109275000000082],[4.2683400000000233,51.109454000000028],[4.2686370000000693,51.109475000000032],[4.2692590000000337,51.109570000000076],[4.2693240000000401,51.109561000000042],[4.2699250000000575,51.109615000000076],[4.2702390000000605,51.109626000000048],[4.2702350000000706,51.109801000000061],[4.2703000000000202,51.109818000000075],[4.2683610000000272,51.113326000000029],[4.2693870000000516,51.113505000000032],[4.2714140000000498,51.113992000000053],[4.2734530000000746,51.114569000000074],[4.2758270000000493,51.114797000000067],[4.2769180000000233,51.114816000000076],[4.2776940000000536,51.114870000000053],[4.2781870000000595,51.114804000000049],[4.2784650000000397,51.114209000000074],[4.2791730000000712,51.112946000000079],[4.2794210000000703,51.112347000000057],[4.279591000000039,51.111836000000039],[4.2796650000000227,51.111639000000082],[4.2796830000000341,51.111181000000045],[4.2805970000000571,51.111352000000068],[4.281086000000073,51.111477000000036],[4.2829670000000419,51.111990000000048],[4.2845590000000584,51.112426000000028],[4.2857800000000452,51.112807000000032],[4.2857660000000237,51.113064000000065],[4.2859780000000569,51.11366600000008],[4.2859670000000278,51.113980000000026],[4.2859510000000682,51.114145000000065],[4.28583500000002,51.114426000000037],[4.2858360000000744,51.114553000000058],[4.286085000000071,51.114724000000081],[4.2863090000000739,51.114768000000026],[4.286638000000039,51.114762000000042],[4.2880400000000236,51.114639000000068],[4.2881710000000339,51.114651000000038],[4.2888780000000679,51.114829000000043],[4.2891180000000304,51.114857000000029],[4.2893430000000308,51.114883000000077],[4.2906870000000481,51.115190000000041],[4.2941070000000536,51.116109000000051],[4.2942860000000564,51.116113000000041],[4.2946760000000381,51.116055000000074],[4.2948360000000321,51.116652000000045],[4.2950700000000666,51.118086000000062],[4.2951700000000415,51.118347000000028],[4.2988020000000233,51.118450000000053],[4.3000770000000443,51.118510000000072],[4.3002210000000218,51.118463000000077],[4.30033700000007,51.118387000000041],[4.300371000000041,51.118278000000032],[4.3003080000000296,51.118012000000078],[4.3001800000000685,51.117398000000037],[4.3000610000000279,51.117203000000075],[4.300072000000057,51.117133000000081],[4.3001380000000609,51.117066000000079],[4.3002590000000396,51.117048000000068],[4.3006710000000226,51.117364000000066],[4.3010150000000635,51.117627000000027],[4.3011420000000271,51.11769600000008],[4.3017630000000509,51.117959000000042],[4.3019540000000234,51.118069000000048],[4.3021970000000351,51.118370000000027],[4.3018690000000674,51.118741000000057],[4.3022100000000592,51.118915000000072],[4.3023160000000757,51.118935000000079],[4.302784000000031,51.118844000000081],[4.3028070000000298,51.118809000000056],[4.3028390000000627,51.118710000000078],[4.3033650000000421,51.118612000000041],[4.303463000000022,51.118597000000079],[4.3035660000000462,51.118575000000078],[4.30363600000004,51.118506000000082],[4.3037720000000377,51.118284000000074],[4.3038970000000631,51.118163000000038],[4.3039190000000644,51.117975000000058],[4.3040850000000432,51.117983000000038],[4.3044170000000577,51.118060000000071],[4.3048790000000281,51.11821400000008],[4.305308000000025,51.118407000000047],[4.3057230000000573,51.118648000000064],[4.3059250000000588,51.118854000000056],[4.3062430000000518,51.119535000000042],[4.3076410000000465,51.119452000000081],[4.3078160000000594,51.119368000000065],[4.3088110000000484,51.118247000000054],[4.309532000000047,51.117245000000025],[4.3100390000000743,51.116674000000046],[4.3106260000000702,51.116921000000048],[4.3106760000000577,51.118862000000036],[4.3106500000000665,51.118932000000029],[4.3111510000000521,51.119160000000079],[4.3109310000000391,51.119394000000057],[4.3109490000000505,51.119429000000082],[4.3116520000000378,51.118738000000064],[4.3126020000000267,51.11905900000005],[4.3129350000000386,51.119169000000056],[4.3150200000000609,51.119831000000033],[4.3152150000000233,51.119868000000054],[4.315539000000058,51.119889000000057],[4.3166950000000384,51.119867000000056],[4.3169770000000653,51.119845000000055],[4.3170740000000478,51.120551000000034],[4.3173380000000634,51.12059000000005],[4.3207230000000436,51.12165600000003],[4.3210580000000505,51.121743000000038],[4.3214010000000371,51.121764000000042],[4.3239820000000577,51.12174600000003],[4.3242300000000569,51.121743000000038],[4.3255070000000728,51.121731000000068]]},"properties":{"OBJECTID":33,"Name":"Ring 04","Descript":"","Type":"TRKPT","Shape_Length":0.183262380335975,"Field":14.883853602569365}},{"type":"Feature","id":34,"geometry":{"type":"LineString","coordinates":[[4.3611700000000724,51.086794000000054],[4.3611620000000357,51.086827000000028],[4.3612870000000612,51.086891000000037],[4.3614320000000362,51.086981000000037],[4.3614980000000401,51.08705800000007],[4.3623340000000326,51.087648000000058],[4.3627140000000395,51.087522000000035],[4.3626820000000635,51.087440000000072],[4.3619160000000647,51.08655600000003],[4.3618170000000305,51.08644600000008],[4.361720000000048,51.086326000000042],[4.3612030000000459,51.085713000000055],[4.3611800000000471,51.085632000000032],[4.3609610000000316,51.085366000000079],[4.3594810000000734,51.083644000000049],[4.3594550000000254,51.083620000000053],[4.3595680000000243,51.083581000000038],[4.3596530000000371,51.083550000000059],[4.3597270000000208,51.083362000000079],[4.3599090000000729,51.083386000000075],[4.360204000000067,51.083350000000053],[4.3626140000000646,51.082727000000034],[4.3635860000000548,51.082303000000081],[4.3639810000000239,51.082193000000075],[4.3647390000000428,51.082062000000064],[4.3656530000000657,51.082021000000054],[4.3660880000000475,51.081925000000069],[4.3661600000000362,51.081907000000058],[4.3660560000000714,51.081704000000059],[4.3661770000000502,51.08136200000007],[4.3663090000000579,51.081008000000054],[4.3663770000000568,51.080960000000061],[4.366435000000024,51.080916000000059],[4.3664940000000456,51.080870000000061],[4.3667480000000296,51.080853000000047],[4.3668870000000766,51.080845000000068],[4.3670610000000352,51.080833000000041],[4.3672280000000683,51.080416000000071],[4.367287000000033,51.080071000000032],[4.367445000000032,51.080058000000065],[4.3677950000000578,51.080028000000027],[4.3680080000000316,51.08001100000007],[4.3685060000000249,51.079802000000029],[4.3687620000000607,51.079650000000072],[4.3689780000000269,51.079504000000043],[4.3694700000000353,51.079486000000031],[4.3696950000000356,51.079517000000067],[4.3699010000000271,51.079606000000069],[4.3708530000000678,51.080186000000026],[4.3711110000000417,51.080302000000074],[4.3716660000000616,51.080373000000066],[4.3722680000000764,51.080373000000066],[4.3729600000000346,51.080275000000029],[4.3738230000000726,51.080054000000075],[4.3742180000000417,51.079986000000076],[4.3745310000000472,51.079967000000067],[4.3748020000000452,51.079979000000037],[4.3750610000000734,51.080063000000052],[4.3754860000000235,51.080266000000051],[4.3757300000000328,51.080441000000064],[4.3757250000000454,51.080205000000035],[4.375927000000047,51.08002700000003],[4.3759830000000761,51.079971000000057],[4.3760270000000219,51.079820000000041],[4.3761000000000649,51.079755000000034],[4.3762960000000248,51.079805000000079],[4.3764200000000528,51.079853000000071],[4.3768920000000548,51.079853000000071],[4.3772890000000757,51.079826000000025],[4.3776430000000346,51.079705000000047],[4.3783510000000661,51.079523000000052],[4.3793710000000488,51.07928000000004],[4.3798450000000457,51.079254000000049],[4.3800000000000523,51.079233000000045],[4.3805310000000759,51.079163000000051],[4.3810030000000211,51.07909200000006],[4.3813060000000519,51.079110000000071],[4.3816340000000764,51.079078000000038],[4.3822630000000231,51.07908800000007],[4.3824810000000411,51.079042000000072],[4.3824420000000259,51.078785000000039],[4.382199000000071,51.077959000000078],[4.3831530000000498,51.07777800000008],[4.3832380000000626,51.077738000000068],[4.3839300000000208,51.077632000000051],[4.384140000000059,51.07760200000007],[4.3840490000000614,51.076557000000037],[4.3845360000000255,51.075673000000052],[4.3845890000000622,51.075478000000032],[4.384501000000057,51.075195000000065],[4.3843650000000594,51.075102000000072],[4.3841430000000514,51.075032000000078],[4.3838450000000648,51.074938000000031],[4.3833330000000501,51.074654000000066],[4.3830180000000496,51.074562000000071],[4.3829390000000217,51.074501000000055],[4.3828620000000456,51.07421400000004],[4.3829090000000406,51.073963000000049],[4.3828370000000518,51.073455000000081],[4.3827390000000719,51.073129000000051],[4.382673000000068,51.07306600000004],[4.3823460000000409,51.072951000000046],[4.3823110000000725,51.072798000000034],[4.3824470000000701,51.072387000000049],[4.3830180000000496,51.071871000000044],[4.3835270000000719,51.07124900000008],[4.3835380000000441,51.071177000000034],[4.3834410000000616,51.07096400000006],[4.3837600000000521,51.070910000000026],[4.383749000000023,51.070724000000041],[4.3837830000000508,51.070664000000079],[4.3837760000000685,51.070447000000058],[4.3841360000000691,51.070145000000082],[4.3842660000000251,51.070107000000064],[4.3844680000000267,51.070118000000036],[4.3846680000000333,51.07008200000007],[4.3847800000000348,51.07008600000006],[4.3855850000000487,51.070162000000039],[4.3860950000000685,51.070238000000074],[4.3863910000000601,51.070217000000071],[4.3865090000000464,51.070183000000043],[4.3867100000000505,51.070044000000053],[4.3872480000000564,51.06998800000008],[4.3873340000000667,51.069882000000064],[4.3873590000000604,51.06968500000005],[4.3874530000000505,51.069593000000054],[4.3873860000000491,51.069519000000071],[4.3873310000000743,51.069369000000052],[4.3873470000000339,51.069288000000029],[4.3875090000000228,51.069105000000036],[4.3874950000000581,51.068821000000071],[4.3879830000000766,51.068405000000041],[4.3881870000000731,51.068162000000029],[4.3875500000000329,51.067814000000055],[4.3871040000000221,51.067544000000055],[4.3871810000000551,51.06739900000008],[4.3872960000000489,51.067334000000074],[4.3890970000000493,51.066879000000029],[4.3892660000000205,51.06683600000008],[4.3895710000000463,51.06680700000004],[4.3897480000000542,51.066846000000055],[4.3900970000000257,51.067000000000064],[4.3903430000000299,51.06726100000003],[4.3904730000000427,51.067536000000075],[4.3904390000000717,51.067737000000079],[4.3903870000000325,51.067830000000072],[4.3902540000000272,51.067982000000029],[4.3900860000000534,51.06828100000007],[4.3899960000000533,51.06837900000005],[4.3899960000000533,51.068634000000031],[4.390132000000051,51.06893800000006],[4.3901330000000485,51.06893800000006],[4.3902590000000714,51.069108000000028],[4.390463000000068,51.069221000000027],[4.3906070000000454,51.069288000000029],[4.3909290000000283,51.069384000000071],[4.3912130000000502,51.069404000000077],[4.3914180000000442,51.069381000000078],[4.3915170000000217,51.069413000000054],[4.3916160000000559,51.069414000000052],[4.3920540000000301,51.069285000000036],[4.3925660000000448,51.069254000000058],[4.3927780000000212,51.06920400000007],[4.3936320000000251,51.068782000000056],[4.3939420000000382,51.068523000000027],[4.394232000000045,51.068206000000032],[4.3944740000000593,51.067847000000029],[4.3944930000000682,51.067773000000045],[4.3944000000000756,51.067635000000053],[4.3944150000000377,51.067563000000064],[4.3948990000000663,51.067218000000082],[4.3949720000000525,51.067138000000057],[4.3950450000000387,51.06699100000003],[4.3950310000000741,51.066706000000067],[4.3950680000000375,51.066606000000036],[4.3952480000000378,51.066507000000058],[4.3953520000000594,51.066411000000073],[4.3957090000000676,51.066228000000081],[4.3958120000000349,51.066037000000051],[4.3964450000000284,51.065609000000052],[4.3967680000000655,51.065535000000068],[4.3971560000000522,51.065520000000049],[4.3973890000000324,51.065506000000028],[4.3975350000000617,51.065519000000052],[4.3976430000000732,51.065575000000081],[4.3978840000000332,51.065878000000055],[4.3981150000000753,51.065987000000064],[4.3985400000000254,51.066082000000051],[4.3988650000000575,51.066127000000051],[4.3997950000000401,51.066189000000065],[4.4004880000000526,51.066153000000043],[4.4009100000000672,51.066089000000034],[4.4015990000000329,51.065892000000076],[4.4025480000000243,51.065426000000059],[4.403280000000052,51.064919000000032],[4.4036590000000615,51.064503000000059],[4.4037320000000477,51.064330000000041],[4.4037570000000414,51.064122000000054],[4.4036830000000577,51.063841000000082],[4.4036420000000476,51.063652000000047],[4.4036800000000653,51.063588000000038],[4.40433900000005,51.062976000000049],[4.4044920000000616,51.062793000000056],[4.4045390000000566,51.062669000000028],[4.4047260000000392,51.062463000000037],[4.4048850000000357,51.062327000000039],[4.4052950000000237,51.062084000000027],[4.4054810000000657,51.061861000000079],[4.4057800000000498,51.06155300000006],[4.4063070000000266,51.060842000000036],[4.4065150000000699,51.060824000000082],[4.4066500000000701,51.060817000000043],[4.4067830000000754,51.060873000000072],[4.406876000000068,51.06091200000003],[4.4086380000000531,51.059598000000051],[4.4089640000000259,51.059770000000071],[4.4092410000000655,51.059960000000046],[4.4096640000000207,51.060435000000041],[4.4099240000000464,51.06077700000003],[4.4102550000000633,51.061391000000071],[4.4103940000000534,51.061548000000073],[4.4105030000000625,51.061605000000043],[4.4106220000000462,51.061620000000062],[4.4110370000000216,51.06159800000006],[4.4103710000000547,51.062425000000076],[4.4103230000000622,51.063329000000067],[4.4102070000000708,51.063436000000081],[4.4098160000000348,51.063629000000049],[4.410803000000044,51.064508000000046],[4.4108890000000542,51.064651000000026],[4.410852000000034,51.064707000000055],[4.4112050000000522,51.064864000000057],[4.4113850000000525,51.064887000000056],[4.4116450000000214,51.064860000000067],[4.4118360000000507,51.064802000000043],[4.412065000000041,51.064844000000051],[4.4122980000000211,51.064943000000028],[4.4127090000000635,51.06522700000005],[4.4128700000000549,51.065269000000058],[4.4130390000000261,51.06541500000003],[4.4132280000000605,51.06569200000007],[4.4136700000000246,51.066004000000078],[4.4136530000000675,51.066033000000061],[4.4138470000000325,51.066212000000064],[4.4141090000000531,51.066276000000073],[4.4142990000000282,51.066350000000057],[4.414380000000051,51.066493000000037],[4.4145000000000323,51.066622000000052],[4.415136000000075,51.066959000000054],[4.4153020000000538,51.067130000000077],[4.4154700000000275,51.067248000000063],[4.4153270000000475,51.067377000000079],[4.4147060000000238,51.067706000000044],[4.4143680000000245,51.06768900000003],[4.4140350000000694,51.067800000000034],[4.4139940000000593,51.067815000000053],[4.4138260000000287,51.067834000000062],[4.4136400000000435,51.06768900000003],[4.4134970000000635,51.06762800000007],[4.4133550000000241,51.067622000000028],[4.4131510000000276,51.06773400000003],[4.4130800000000363,51.067732000000035],[4.4130590000000325,51.067719000000068],[4.4130340000000388,51.067704000000049],[4.4130120000000375,51.067690000000027],[4.4124310000000264,51.06785700000006],[4.4119340000000307,51.068041000000051],[4.4118010000000254,51.068013000000064],[4.4113040000000296,51.067991000000063],[4.4113030000000322,51.067991000000063],[4.4112060000000497,51.067929000000049],[4.4111520000000723,51.067661000000044],[4.411072000000047,51.067578000000026],[4.410314000000028,51.067347000000041],[4.4098750000000564,51.067614000000049],[4.4106740000000286,51.068220000000053],[4.4111160000000496,51.068512000000055],[4.412112000000036,51.069045000000074],[4.4136960000000727,51.069792000000064],[4.4142650000000572,51.070026000000041],[4.4175540000000524,51.071054000000061],[4.4177950000000692,51.071173000000044],[4.4190080000000762,51.071962000000042],[4.4190540000000738,51.072046000000057],[4.419065000000046,51.072141000000045],[4.4189720000000534,51.072528000000034],[4.4183920000000398,51.07323400000007],[4.4183150000000637,51.073341000000028],[4.4182760000000485,51.073463000000061],[4.4191630000000259,51.07245000000006],[4.4194380000000706,51.072175000000072],[4.4208970000000249,51.070967000000053],[4.4209740000000579,51.070928000000038],[4.4215140000000588,51.070779000000073],[4.4220370000000457,51.070436000000029],[4.4235330000000204,51.069539000000077],[4.4236610000000383,51.069452000000069],[4.4236190000000306,51.069533000000035],[4.4230810000000247,51.069948000000068],[4.4241690000000631,51.070638000000031],[4.4241180000000213,51.071171000000049],[4.4241920000000619,51.071248000000026],[4.4243740000000571,51.072508000000028],[4.4244710000000396,51.073040000000049],[4.4245500000000675,51.073084000000051],[4.4248810000000276,51.073137000000031],[4.4263700000000199,51.073369000000071],[4.427470000000028,51.073633000000029],[4.428102000000024,51.073855000000037],[4.4280610000000706,51.073266000000046],[4.4285540000000765,51.073217000000056],[4.4286100000000488,51.073166000000072],[4.4286790000000451,51.073317000000031],[4.4293650000000753,51.073738000000048],[4.4297020000000202,51.073868000000061],[4.4301050000000259,51.073962000000051],[4.4305870000000596,51.074142000000052],[4.4308540000000676,51.074258000000043],[4.4313100000000532,51.07450700000004],[4.4332280000000424,51.075835000000041],[4.4334170000000199,51.07603400000005],[4.4337660000000483,51.076324000000056],[4.4344810000000621,51.076590000000067],[4.435006000000044,51.076980000000049],[4.4352410000000759,51.07701000000003],[4.4361160000000268,51.076879000000076],[4.4365050000000679,51.076913000000047],[4.4370710000000599,51.077060000000074],[4.4374340000000529,51.077177000000063],[4.4382360000000745,51.077497000000051],[4.4384770000000344,51.07756100000006],[4.4392290000000685,51.077630000000056],[4.4398930000000405,51.077495000000056],[4.4401960000000713,51.077455000000043],[4.4407120000000759,51.07719000000003],[4.4407770000000255,51.077044000000058],[4.4408830000000421,51.07691200000005],[4.440996000000041,51.076604000000032],[4.4409680000000549,51.076415000000054],[4.4409660000000599,51.076344000000063],[4.4411300000000438,51.076221000000032],[4.4414760000000229,51.076068000000078],[4.4419580000000565,51.075720000000047],[4.4421970000000215,51.075394000000074],[4.4422720000000595,51.075202000000047],[4.4424610000000371,51.075084000000061],[4.4427570000000287,51.074730000000045],[4.442809000000068,51.074555000000032],[4.442841000000044,51.074222000000077],[4.4428890000000365,51.073240000000055],[4.4431710000000635,51.071378000000038],[4.4433360000000448,51.070854000000054],[4.4434560000000261,51.070252000000039],[4.4438840000000255,51.068492000000049],[4.4439400000000546,51.06837500000006],[4.4442000000000235,51.068442000000061],[4.4452600000000757,51.06869400000005],[4.4455530000000749,51.068760000000054],[4.4461480000000506,51.068993000000034],[4.4479880000000662,51.069714000000033],[4.449102000000039,51.070133000000055],[4.4492470000000708,51.070156000000054],[4.4494020000000205,51.070151000000067],[4.449888000000044,51.070062000000064],[4.4500580000000696,51.070064000000059],[4.450486000000069,51.070122000000026],[4.4512980000000653,51.070227000000045],[4.4518140000000699,51.07023300000003],[4.4524690000000646,51.070194000000072],[4.4533310000000483,51.070077000000026],[4.4535510000000613,51.070059000000072],[4.4537330000000566,51.070074000000034],[4.4537730000000693,51.070042000000058],[4.4543880000000513,51.070283000000074],[4.4548420000000419,51.07042000000007],[4.4552820000000679,51.070521000000042],[4.4557830000000536,51.070614000000035],[4.4559170000000563,51.07061600000003],[4.4561200000000554,51.070560000000057],[4.4563210000000595,51.070533000000069],[4.4574820000000273,51.070729000000028],[4.4574760000000424,51.07082500000007],[4.4576720000000591,51.070945000000052],[4.4579520000000343,51.071042000000034],[4.4587380000000394,51.071203000000025],[4.4592350000000351,51.071295000000077],[4.4603000000000748,51.071364000000074],[4.4606290000000399,51.071412000000066],[4.4607560000000603,51.070844000000079],[4.4607380000000489,51.070749000000035],[4.4604890000000523,51.070614000000035],[4.4606620000000703,51.070172000000071],[4.4608310000000415,51.07018800000003],[4.4609600000000569,51.070065000000056],[4.4610240000000658,51.070036000000073],[4.4612770000000523,51.070062000000064],[4.4613900000000513,51.070046000000048],[4.4614920000000211,51.069688000000042],[4.4616280000000756,51.069607000000076],[4.4619190000000231,51.069522000000063],[4.4624020000000542,51.069557000000032],[4.4625260000000253,51.069507000000044],[4.4625940000000242,51.069079000000045],[4.4648030000000745,51.069149000000039],[4.4665330000000267,51.06953800000008],[4.4666110000000572,51.069491000000028],[4.4666950000000725,51.069491000000028],[4.4667780000000334,51.069549000000052],[4.4668820000000551,51.069528000000048],[4.4676160000000209,51.069690000000037],[4.4695730000000253,51.070051000000035],[4.4697790000000737,51.070186000000035],[4.4706270000000359,51.070876000000055],[4.4710310000000391,51.071076000000062],[4.4715950000000362,51.07124900000008],[4.4718930000000228,51.071616000000063],[4.4720120000000634,51.07185400000003],[4.4720710000000281,51.07208600000007],[4.4720350000000622,51.072308000000078],[4.4718790000000581,51.072560000000067],[4.47175900000002,51.072824000000026],[4.4739920000000666,51.073162000000082],[4.4740470000000414,51.073172000000056],[4.4752970000000687,51.073486000000059],[4.475983000000042,51.073744000000033],[4.476395000000025,51.07392800000008],[4.4776110000000244,51.074541000000067],[4.4787770000000364,51.075286000000062],[4.4797000000000367,51.075950000000034],[4.4804580000000556,51.07658200000003],[4.4805390000000216,51.076642000000049],[4.4807110000000421,51.076543000000072],[4.4808040000000346,51.07658500000008],[4.4811080000000629,51.076352000000043],[4.4814550000000395,51.076167000000055],[4.4818010000000754,51.076014000000043],[4.4820310000000632,51.075946000000044],[4.4821170000000734,51.075996000000032],[4.4854070000000661,51.077894000000072],[4.4873040000000515,51.079021000000068],[4.4873700000000554,51.079061000000081],[4.4919590000000653,51.081789000000072],[4.4922020000000202,51.081623000000036],[4.4928010000000427,51.081288000000029],[4.4929420000000277,51.081257000000051],[4.4934570000000349,51.080888000000073],[4.4937590000000682,51.080735000000061],[4.4946110000000203,51.080202000000043],[4.494858000000022,51.08009700000008],[4.4950270000000501,51.079965000000072],[4.4952950000000556,51.080098000000078],[4.4958360000000539,51.080376000000058],[4.4964560000000233,51.080628000000047],[4.4967420000000402,51.080765000000042],[4.4968330000000378,51.080814000000032],[4.4966400000000704,51.080776000000071],[4.4964450000000511,51.080683000000079],[4.4962960000000294,51.081695000000082],[4.4962390000000596,51.081728000000055],[4.4963560000000484,51.081749000000059],[4.4964380000000688,51.081702000000064],[4.496434000000022,51.081773000000055],[4.4964210000000548,51.082152000000065],[4.496259000000066,51.082990000000052],[4.4961540000000468,51.083505000000059],[4.4960020000000327,51.084021000000064],[4.4958630000000426,51.084356000000071],[4.4956910000000221,51.084668000000079],[4.4956260000000725,51.084705000000042],[4.4953130000000669,51.085470000000043],[4.4961670000000709,51.085740000000044],[4.4971210000000497,51.086104000000034],[4.4981880000000274,51.08664600000003],[4.499082000000044,51.087277000000029],[4.4994930000000295,51.087627000000055],[4.5008260000000746,51.088931000000059],[4.5015240000000745,51.089526000000035],[4.5022910000000707,51.090032000000065],[4.5027140000000259,51.090262000000052],[4.504758000000038,51.091258000000039],[4.5053320000000667,51.091571000000044],[4.5061480000000529,51.092081000000064],[4.5067370000000437,51.092583000000047],[4.5071080000000734,51.092933000000073],[4.5073660000000473,51.093230000000062],[4.5076070000000641,51.093816000000061],[4.5077630000000681,51.094071000000042],[4.5077770000000328,51.094118000000037],[4.5077830000000745,51.094138000000044],[4.5079390000000217,51.094667000000072],[4.5080760000000737,51.094737000000066],[4.5080420000000458,51.094906000000037],[4.5079640000000722,51.094973000000039],[4.5081370000000334,51.095847000000049],[4.5083090000000539,51.096429000000057],[4.5087310000000684,51.096954000000039],[4.5087610000000495,51.096867000000032],[4.5086710000000494,51.096718000000067],[4.5085350000000517,51.096553000000029],[4.5094990000000621,51.096566000000053],[4.5098030000000335,51.09657100000004],[4.5107700000000364,51.096725000000049],[4.511017000000038,51.096736000000078],[4.512486000000024,51.096560000000068],[4.5129120000000285,51.096478000000047],[4.5139560000000643,51.097088000000042],[4.5142000000000735,51.097258000000068],[4.5142420000000243,51.097327000000064],[4.5142210000000205,51.097383000000036],[4.5140570000000366,51.097526000000073],[4.5140640000000758,51.097559000000047],[4.5169780000000515,51.099353000000065],[4.5179170000000681,51.099823000000072],[4.5190360000000283,51.100383000000079],[4.5207280000000765,51.100461000000053],[4.5216660000000388,51.100526000000059],[4.5220750000000294,51.100580000000036],[4.5223770000000627,51.100659000000064],[4.5230730000000676,51.101000000000056],[4.5232880000000364,51.101226000000054],[4.5234270000000265,51.101436000000035],[4.5235020000000645,51.10156900000004],[4.5236410000000546,51.102021000000036],[4.5236900000000446,51.10265000000004],[4.5236470000000395,51.103092000000061],[4.5237250000000699,51.103229000000056],[4.5244680000000699,51.103640000000041],[4.5277250000000322,51.105594000000053],[4.5283540000000357,51.105943000000082],[4.5299500000000421,51.106514000000061],[4.5330300000000534,51.107617000000062],[4.5335600000000227,51.107750000000067],[4.5339070000000561,51.107803000000047],[4.5340040000000386,51.107824000000051],[4.5341060000000653,51.107857000000081],[4.5344460000000595,51.107985000000042],[4.5346610000000283,51.108053000000041],[4.5347690000000398,51.108074000000045],[4.5349440000000527,51.108103000000028],[4.5350740000000656,51.108145000000036],[4.5352840000000469,51.10819900000007],[4.5354820000000586,51.10825600000004],[4.535613000000069,51.108288000000073],[4.535658000000069,51.10833400000007],[4.5358790000000226,51.108438000000035],[4.5360150000000203,51.108488000000079],[4.5361280000000761,51.108523000000048],[4.5366660000000252,51.108659000000046],[4.5368700000000217,51.108709000000033],[4.5372270000000299,51.108812000000057],[4.5373180000000275,51.10884800000008],[4.537601000000052,51.108933000000036],[4.5378450000000612,51.10898700000007],[4.5379520000000753,51.109008000000074],[4.5383550000000241,51.109069000000034],[4.5385420000000636,51.109108000000049],[4.5387060000000474,51.109154000000046],[4.5388360000000603,51.109201000000041],[4.539017000000058,51.109243000000049],[4.5391250000000696,51.109258000000068],[4.5392330000000243,51.109283000000062],[4.5393570000000523,51.109258000000068],[4.5395670000000337,51.109343000000081],[4.539918000000057,51.109447000000046],[4.540230000000065,51.109543000000031],[4.5402870000000348,51.109564000000034],[4.5405020000000604,51.109614000000079],[4.5405980000000454,51.109639000000072],[4.5407340000000431,51.109686000000067],[4.5410340000000247,51.109800000000064],[4.5411870000000363,51.109846000000061],[4.5412460000000578,51.109857000000034],[4.5413630000000467,51.109835000000032],[4.5415390000000571,51.10991400000006],[4.5417310000000271,51.109964000000048],[4.5420140000000515,51.110017000000028],[4.5421560000000341,51.11004900000006],[4.5422920000000317,51.110081000000037],[4.5425300000000561,51.110117000000059],[4.5426490000000399,51.110121000000049],[4.5426770000000261,51.110096000000055],[4.5427000000000248,51.110039000000029],[4.5428020000000515,51.109892000000059],[4.5429040000000214,51.109725000000026],[4.543023000000062,51.109536000000048],[4.5431360000000609,51.109368000000075],[4.5431980000000749,51.109300000000076],[4.5433170000000587,51.109290000000044],[4.5433680000000436,51.10926500000005],[4.5435670000000528,51.109090000000037],[4.5436460000000238,51.109022000000039],[4.5437990000000354,51.108915000000081],[4.5438780000000634,51.108823000000029],[4.5438640000000419,51.108835000000056],[4.5441660000000752,51.108977000000039],[4.5464600000000246,51.109665000000064],[4.5467370000000642,51.10977900000006],[4.546916000000067,51.10983600000003],[4.5470400000000382,51.109842000000071],[4.5481220000000349,51.110181000000068],[4.5483910000000378,51.110208000000057],[4.5502940000000649,51.110794000000055],[4.550497000000064,51.110787000000073],[4.5506970000000706,51.110689000000036],[4.5511190000000283,51.110128000000032],[4.5511450000000764,51.110085000000026],[4.5511840000000348,51.110041000000081],[4.5515780000000632,51.110152000000028],[4.5517730000000256,51.110104000000035],[4.5525060000000508,51.109413000000075],[4.5527040000000625,51.109193000000062],[4.5527080000000524,51.109152000000051],[4.5526590000000624,51.109038000000055],[4.5526970000000233,51.108982000000026],[4.5527780000000462,51.108908000000042],[4.5528190000000563,51.108871000000079],[4.5533070000000748,51.109074000000078],[4.5537900000000491,51.109276000000079],[4.5549340000000598,51.109755000000064],[4.5558090000000675,51.110127000000034],[4.5563890000000242,51.110451000000069],[4.5568720000000553,51.110839000000055],[4.5576940000000263,51.111679000000038],[4.5592330000000629,51.113180000000057],[4.5605460000000448,51.114127000000053],[4.5604800000000409,51.114165000000071],[4.5605030000000397,51.114182000000028],[4.5621920000000387,51.115392000000043],[4.5625200000000632,51.115689000000032],[4.5627150000000256,51.115955000000042],[4.562906000000055,51.116330000000062],[4.5631720000000655,51.117203000000075],[4.5633090000000607,51.117454000000066],[4.5635650000000396,51.117771000000062],[4.5647750000000542,51.118785000000059],[4.5649440000000254,51.118926000000044],[4.5648980000000279,51.118958000000077],[4.5648460000000455,51.11901000000006],[4.5647840000000315,51.119138000000078],[4.5647660000000201,51.119264000000044],[4.5647100000000478,51.119354000000044],[4.5639750000000276,51.119748000000072],[4.5635050000000206,51.120000000000061],[4.563220000000058,51.120151000000078],[4.5623400000000629,51.120618000000036],[4.5614590000000703,51.121085000000051],[4.5613100000000486,51.121174000000053],[4.5612080000000219,51.121201000000042],[4.5608380000000466,51.121202000000039],[4.5608740000000694,51.121441000000061],[4.5609600000000228,51.121736000000055],[4.5609770000000367,51.121733000000063],[4.5610220000000368,51.121844000000067],[4.5611530000000471,51.121948000000032],[4.56132800000006,51.122036000000037],[4.5615020000000754,51.122115000000065],[4.5617490000000203,51.122185000000059],[4.5622420000000261,51.122263000000032],[4.5627550000000383,51.122288000000026],[4.5633130000000506,51.12217400000003],[4.5645650000000728,51.121844000000067],[4.5648630000000594,51.12183900000008],[4.5650880000000598,51.121896000000049],[4.5653080000000728,51.121993000000032],[4.5655200000000491,51.122135000000071],[4.5658100000000559,51.122404000000074],[4.5658120000000508,51.12257900000003],[4.5659060000000409,51.122849000000031],[4.5659950000000435,51.122936000000038],[4.566156000000035,51.124658000000068],[4.5662200000000439,51.124793000000068],[4.5663170000000264,51.124887000000058],[4.5666440000000534,51.125108000000068],[4.5668240000000537,51.125190000000032],[4.5674140000000421,51.125387000000046],[4.5686130000000276,51.125620000000026],[4.5692800000000489,51.125700000000052],[4.5703990000000658,51.125786000000062],[4.5717190000000301,51.126051000000075],[4.5722470000000612,51.126103000000057],[4.572522000000049,51.126104000000055],[4.5725140000000692,51.126176000000044],[4.5724800000000414,51.126494000000037],[4.5724740000000565,51.126555000000053],[4.5715620000000285,51.126504000000068],[4.5712560000000622,51.126452000000029],[4.5704440000000659,51.12622900000008],[4.5702030000000491,51.126202000000035],[4.5700860000000603,51.126217000000054],[4.5699550000000499,51.126279000000068],[4.5699740000000588,51.126505000000066],[4.5696470000000318,51.126667000000054]]},"properties":{"OBJECTID":34,"Name":"Ring 04","Descript":"","Type":"TRKPT","Shape_Length":0.32927174379257695,"Field":27.636669852358651}},{"type":"Feature","id":35,"geometry":{"type":"LineString","coordinates":[[4.5696470000000318,51.126667000000054],[4.5699130000000423,51.126814000000081],[4.5700310000000286,51.126982000000055],[4.5700460000000476,51.127150000000029],[4.5698880000000486,51.127349000000038],[4.5692180000000349,51.127916000000027],[4.5691540000000259,51.128079000000071],[4.5691540000000259,51.128149000000064],[4.5692340000000513,51.128314000000046],[4.5691880000000538,51.128348000000074],[4.5692170000000374,51.12856000000005],[4.5693310000000338,51.128657000000032],[4.5695580000000291,51.128855000000044],[4.5698030000000358,51.129069000000072],[4.5698260000000346,51.12920100000008],[4.5699180000000297,51.129210000000057],[4.5699950000000626,51.129224000000079],[4.5700550000000248,51.129226000000074],[4.5701230000000237,51.129214000000047],[4.5706260000000611,51.129613000000063],[4.570681000000036,51.129587000000072],[4.570822000000021,51.129717000000028],[4.5710340000000542,51.130220000000065],[4.5711090000000354,51.13027100000005],[4.5711820000000216,51.130313000000058],[4.5712950000000205,51.130481000000032],[4.5716770000000224,51.13083800000004],[4.5719680000000267,51.131074000000069],[4.572415000000035,51.131480000000067],[4.5725930000000403,51.13144200000005],[4.5729750000000422,51.131199000000038],[4.5744260000000736,51.131706000000065],[4.5746350000000575,51.131788000000029],[4.574854000000073,51.131935000000055],[4.5749260000000618,51.131882000000076],[4.5752000000000521,51.132011000000034],[4.575315000000046,51.132011000000034],[4.5755930000000262,51.132179000000065],[4.5758070000000544,51.132421000000079],[4.5760520000000611,51.132912000000033],[4.5762500000000728,51.133269000000041],[4.5763740000000439,51.13346400000006],[4.5767120000000432,51.133992000000035],[4.5769260000000713,51.134189000000049],[4.5765820000000303,51.134579000000031],[4.5759520000000293,51.135119000000032],[4.5753490000000738,51.13550500000008],[4.5744440000000282,51.136028000000067],[4.5738750000000437,51.13631300000003],[4.5731260000000589,51.136644000000047],[4.5729720000000498,51.136719000000028],[4.5729140000000257,51.136775000000057],[4.572776000000033,51.136917000000039],[4.5725470000000428,51.137057000000027],[4.5720060000000444,51.137100000000032],[4.5719270000000733,51.137109000000066],[4.5716020000000412,51.137147000000027],[4.5705280000000243,51.137176000000068],[4.5699440000000209,51.137083000000075],[4.570284000000072,51.13726900000006],[4.5706350000000384,51.137403000000063],[4.5706360000000359,51.13740400000006],[4.5720560000000319,51.137682000000041],[4.5721500000000219,51.137677000000053],[4.572159000000056,51.137722000000053],[4.5721670000000358,51.137774000000036],[4.5722160000000258,51.137931000000037],[4.5722270000000549,51.137973000000045],[4.5738160000000221,51.138191000000063],[4.5757520000000227,51.138472000000036],[4.5759250000000407,51.138523000000077],[4.5760730000000649,51.138600000000054],[4.5764350000000604,51.138883000000078],[4.5767150000000356,51.139217000000031],[4.5768990000000258,51.139549000000045],[4.5771250000000236,51.139786000000072],[4.5774060000000532,51.140005000000031],[4.5775400000000559,51.140072000000032],[4.5793130000000701,51.140624000000059],[4.579584000000068,51.140753000000075],[4.5796470000000227,51.140806000000055],[4.5797950000000469,51.141012000000046],[4.5798150000000533,51.141195000000039],[4.5797600000000216,51.141383000000076],[4.5796410000000378,51.141546000000062],[4.5795030000000452,51.141668000000038],[4.5794360000000438,51.141692000000035],[4.5792690000000675,51.141718000000026],[4.5788260000000491,51.14172300000007]]},"properties":{"OBJECTID":35,"Name":"Ring 04","Descript":"","Type":"TRKPT","Shape_Length":0.033429636878254308,"Field":2.8054541819058363}},{"type":"Feature","id":36,"geometry":{"type":"LineString","coordinates":[[4.5788260000000491,51.14172300000007],[4.5788630000000694,51.141773000000057],[4.5793490000000361,51.142023000000052],[4.5796790000000556,51.142152000000067],[4.5798370000000546,51.142175000000066],[4.5804770000000303,51.142361000000051],[4.5824020000000587,51.142862000000036],[4.5821710000000735,51.143148000000053],[4.5825000000000387,51.143207000000075],[4.5840660000000639,51.14339700000005],[4.5846550000000548,51.143476000000078],[4.5848070000000689,51.143497000000082],[4.5851960000000531,51.14357700000005],[4.5862900000000764,51.143743000000029],[4.5863840000000664,51.143802000000051],[4.5866920000000277,51.143828000000042],[4.5867840000000228,51.143860000000075],[4.5875250000000278,51.144567000000052],[4.5874310000000378,51.144808000000069],[4.5866020000000276,51.145142000000078],[4.586477000000059,51.145225000000039],[4.5868320000000722,51.14567100000005],[4.5873670000000288,51.146515000000079],[4.5876310000000444,51.146691000000033],[4.5882440000000315,51.146911000000046],[4.5886020000000372,51.147078000000079],[4.5896350000000439,51.147983000000067],[4.5897560000000226,51.148091000000079],[4.589868000000024,51.148054000000059],[4.5911130000000639,51.147416000000078],[4.5912520000000541,51.14734500000003],[4.5926280000000475,51.148038000000042],[4.5927140000000577,51.148001000000079],[4.5937510000000543,51.148548000000062],[4.5939870000000269,51.148446000000035],[4.5943570000000591,51.148522000000071],[4.5943180000000439,51.14859800000005],[4.5949880000000576,51.148697000000027],[4.5952760000000694,51.148427000000027],[4.5962030000000595,51.14756600000004],[4.5964950000000613,51.147714000000065],[4.5966640000000325,51.147867000000076],[4.5972630000000549,51.148228000000074],[4.5977480000000241,51.148241000000041],[4.5981170000000589,51.148347000000058],[4.598521000000062,51.148524000000066],[4.5987710000000561,51.14873300000005],[4.5991520000000605,51.148983000000044],[4.5992790000000241,51.149066000000062],[4.5999130000000719,51.149699000000055],[4.6001420000000621,51.149853000000064],[4.600633000000073,51.150092000000029],[4.6013440000000401,51.15034600000007],[4.6014400000000251,51.150619000000063],[4.6015100000000757,51.150649000000044],[4.6015820000000645,51.150683000000072],[4.6017480000000432,51.150339000000031],[4.6018080000000623,51.150306000000057],[4.6028980000000388,51.150646000000052],[4.6030660000000694,51.15081900000007],[4.6033160000000635,51.150850000000048],[4.6037180000000717,51.150833000000034],[4.6039770000000431,51.151604000000077],[4.6050900000000752,51.152263000000062],[4.6044790000000262,51.152946000000043],[4.606550000000027,51.155711000000053],[4.606550000000027,51.155712000000051],[4.6110990000000243,51.156287000000077],[4.6110460000000444,51.156378000000075],[4.6110650000000533,51.156487000000027],[4.6108890000000429,51.156715000000077],[4.6109760000000506,51.156779000000029],[4.6112690000000498,51.15679700000004],[4.6122670000000312,51.156611000000055],[4.612555000000043,51.156593000000044],[4.6137940000000413,51.156210000000044],[4.6141660000000684,51.156033000000036],[4.6142530000000761,51.155967000000032],[4.6152230000000714,51.15526200000005],[4.6154000000000224,51.155128000000047],[4.6161230000000728,51.155538000000035],[4.6163800000000492,51.155679000000077],[4.6165990000000647,51.155750000000069],[4.6167270000000258,51.155786000000035],[4.6207430000000613,51.15688300000005],[4.6218310000000429,51.156235000000038],[4.6220750000000521,51.156119000000047],[4.6229900000000725,51.155831000000035],[4.6231880000000274,51.155741000000035],[4.6236580000000345,51.155973000000074],[4.6248220000000515,51.156649000000073],[4.6250030000000493,51.156754000000035],[4.6239630000000602,51.157481000000075],[4.6246770000000765,51.15791100000007],[4.6247230000000741,51.157891000000063],[4.6252210000000673,51.158146000000045],[4.6254090000000474,51.158205000000066],[4.6256330000000503,51.158259000000044],[4.6262230000000386,51.158292000000074],[4.6264880000000517,51.158353000000034],[4.6265510000000631,51.158215000000041],[4.6265930000000708,51.158216000000039],[4.6266370000000734,51.158240000000035],[4.6274280000000658,51.158690000000036],[4.6278280000000223,51.158914000000038],[4.6287290000000212,51.159403000000054],[4.629551000000049,51.15985500000005],[4.6296300000000201,51.159979000000078],[4.6295990000000415,51.160205000000076],[4.6297400000000266,51.160438000000056],[4.6298060000000305,51.160624000000041],[4.6299050000000648,51.160905000000071],[4.6299960000000624,51.161218000000076],[4.6302890000000616,51.16138200000006],[4.6311150000000225,51.16190400000005],[4.6314410000000521,51.162099000000069],[4.6324090000000524,51.162882000000081],[4.6329060000000482,51.163194000000033],[4.6331970000000524,51.163442000000032],[4.6336940000000482,51.163690000000031],[4.634772000000055,51.164390000000026],[4.6349460000000704,51.164439000000073],[4.6350070000000301,51.164528000000075],[4.6369540000000598,51.165675000000078],[4.6368760000000293,51.16570100000007],[4.6357050000000299,51.16593400000005],[4.6343370000000732,51.166727000000037],[4.6338960000000498,51.166297000000043],[4.6338570000000345,51.166160000000048],[4.6337980000000698,51.166079000000082],[4.6323130000000674,51.165107000000035],[4.6320860000000721,51.165197000000035],[4.6304360000000315,51.165529000000049],[4.6300460000000498,51.165530000000047],[4.6295650000000705,51.165484000000049],[4.6289570000000708,51.16537900000003],[4.6287140000000591,51.165393000000051],[4.628622000000064,51.165454000000068],[4.6285830000000487,51.165488000000039],[4.6284940000000461,51.165581000000032],[4.628498000000036,51.165618000000052],[4.6285120000000575,51.16569700000008],[4.6288580000000366,51.165928000000065],[4.6291810000000737,51.166191000000026],[4.6293900000000576,51.166431000000046],[4.6294280000000754,51.166676000000052],[4.6293830000000753,51.166969000000051],[4.629444000000035,51.167213000000061],[4.6296010000000365,51.167381000000034],[4.6300080000000321,51.167676000000029],[4.6301730000000703,51.167897000000039],[4.6302130000000261,51.168044000000066],[4.6301890000000299,51.168170000000032],[4.6301240000000234,51.168280000000038],[4.6299540000000547,51.168423000000075],[4.6296310000000744,51.168631000000062],[4.6295500000000516,51.168717000000072],[4.6295420000000718,51.168838000000051],[4.6296880000000442,51.16902900000008],[4.6298700000000395,51.169211000000075],[4.6301330000000576,51.169358000000045],[4.6311850000000732,51.169624000000056],[4.631447000000037,51.169730000000072],[4.6317660000000274,51.169949000000031],[4.631885000000068,51.170057000000043],[4.6320530000000417,51.170310000000029],[4.6322770000000446,51.171111000000053],[4.6324930000000677,51.171449000000052],[4.6326880000000301,51.17186600000008],[4.6326880000000301,51.171867000000077],[4.633023000000037,51.17236500000007],[4.6332270000000335,51.172578000000044],[4.6334560000000238,51.172747000000072],[4.6349210000000198,51.173326000000031],[4.6359450000000493,51.173752000000036],[4.636504000000059,51.174134000000038],[4.6368970000000331,51.173976000000039],[4.6371150000000512,51.173889000000031],[4.6371550000000639,51.173876000000064],[4.6385940000000687,51.173419000000081],[4.6371550000000639,51.173876000000064],[4.6371150000000512,51.173889000000031],[4.6368970000000331,51.173976000000039],[4.636504000000059,51.174134000000038],[4.6366230000000428,51.174264000000051],[4.6366110000000731,51.17427200000003],[4.6364200000000437,51.174389000000076],[4.6364160000000538,51.174393000000066],[4.6360220000000254,51.174712000000056],[4.6360090000000582,51.174723000000029],[4.6355300000000739,51.175134000000071],[4.6355240000000322,51.175139000000058],[4.6354950000000485,51.175166000000047],[4.6342650000000276,51.176306000000068],[4.6335700000000202,51.176969000000042],[4.6333380000000375,51.177192000000048],[4.6335700000000202,51.176969000000042],[4.6336910000000557,51.176972000000035],[4.6342350000000465,51.176534000000061],[4.6357940000000326,51.175272000000064],[4.6358260000000655,51.17524700000007],[4.6365770000000452,51.17561100000006],[4.637294000000054,51.175883000000056],[4.6373850000000516,51.175982000000033],[4.6376060000000621,51.17608000000007],[4.6400990000000206,51.17678600000005],[4.6430360000000519,51.177546000000063],[4.6470150000000672,51.178576000000078],[4.6474280000000476,51.178626000000065],[4.6476710000000594,51.178753000000029],[4.6502520000000231,51.179434000000072],[4.6534590000000549,51.180280000000039],[4.6529180000000565,51.180790000000059],[4.6528620000000274,51.180856000000063],[4.6512350000000424,51.182790000000068],[4.6512150000000361,51.182858000000067],[4.6511390000000574,51.183032000000026],[4.6511550000000739,51.183155000000056],[4.6512110000000462,51.183235000000082],[4.6516330000000607,51.183611000000042],[4.6519870000000765,51.183799000000079],[4.6520620000000577,51.18387400000006],[4.652080000000069,51.183952000000033],[4.6519470000000638,51.184176000000036],[4.6517640000000711,51.184309000000042],[4.6511840000000575,51.184619000000055],[4.6510860000000207,51.184694000000036],[4.6509810000000584,51.184849000000042],[4.6509570000000622,51.185077000000035],[4.6509790000000635,51.185207000000048],[4.6509480000000281,51.185455000000047],[4.6508630000000721,51.18572000000006],[4.6506110000000263,51.185997000000043],[4.6542240000000561,51.187195000000031],[4.6546770000000492,51.187416000000042],[4.6548890000000256,51.187528000000043],[4.6553070000000503,51.187762000000077],[4.6563280000000304,51.18854900000008],[4.6546260000000643,51.189787000000081],[4.6549940000000447,51.189988000000028],[4.6551690000000576,51.190037000000075],[4.6553330000000415,51.190175000000067],[4.6556340000000205,51.19058700000005],[4.6557680000000232,51.190736000000072],[4.6561190000000465,51.191418000000056],[4.6562480000000619,51.191767000000027],[4.6564690000000724,51.192336000000068],[4.6566650000000323,51.192676000000063],[4.6573340000000485,51.193666000000064],[4.6575560000000564,51.193965000000048],[4.657698000000039,51.193879000000038],[4.6577750000000719,51.193740000000048],[4.6578600000000279,51.193674000000044],[4.6598290000000588,51.193015000000059],[4.6599780000000237,51.192908000000045],[4.6588630000000535,51.193210000000079],[4.6575600000000463,51.193357000000049],[4.6569300000000453,51.193537000000049],[4.6565140000000724,51.193716000000052],[4.656718000000069,51.193746000000033],[4.6571390000000292,51.19406500000008],[4.6573490000000675,51.194296000000065],[4.6574040000000423,51.194405000000074],[4.6591390000000388,51.195100000000082],[4.6607950000000642,51.195542000000046],[4.660897000000034,51.195582000000059],[4.6610260000000494,51.195711000000074],[4.661213000000032,51.195761000000061],[4.6625480000000721,51.195779000000073],[4.6625180000000341,51.196493000000032],[4.6624490000000378,51.196790000000078],[4.6621680000000651,51.197437000000036],[4.6619300000000408,51.197721000000058],[4.6616840000000366,51.197875000000067],[4.6608000000000516,51.19833200000005],[4.6605930000000626,51.198467000000051],[4.6603880000000686,51.198681000000079],[4.6601450000000568,51.199163000000055],[4.6592470000000503,51.199935000000039],[4.6592080000000351,51.19996100000003],[4.6574180000000638,51.200735000000066],[4.6547530000000279,51.202046000000053],[4.6544060000000513,51.202200000000062],[4.6538400000000593,51.202389000000039],[4.6534110000000624,51.202490000000068],[4.6504220000000487,51.203125000000057],[4.6499130000000264,51.203170000000057],[4.6479750000000308,51.203124000000059],[4.6473680000000286,51.202965000000063],[4.6474190000000704,51.203254000000072],[4.6473670000000311,51.203276000000074],[4.6473090000000639,51.203285000000051],[4.6472480000000473,51.203359000000034],[4.6471560000000522,51.203284000000053],[4.6469580000000406,51.203080000000057],[4.6467320000000427,51.202878000000055],[4.6465370000000235,51.202702000000045],[4.6464840000000436,51.202720000000056],[4.6463490000000434,51.20274500000005],[4.6443640000000528,51.203000000000031],[4.6438970000000381,51.203054000000066],[4.6433170000000246,51.20310900000004],[4.642780000000073,51.203102000000058],[4.6423850000000471,51.203108000000043],[4.6409300000000258,51.205855000000042],[4.6423310000000697,51.206284000000039],[4.6432140000000572,51.206555000000037],[4.6432880000000409,51.20662800000008],[4.6433030000000599,51.206674000000078],[4.6429680000000531,51.207601000000068],[4.6432750000000738,51.207687000000078],[4.6447780000000307,51.208110000000033],[4.6452180000000567,51.208240000000046],[4.6456800000000271,51.208377000000041],[4.6469710000000646,51.208739000000037],[4.6470390000000634,51.208799000000056],[4.6473450000000298,51.209531000000027],[4.6473590000000513,51.210083000000054],[4.6473280000000727,51.210147000000063],[4.646660000000054,51.210824000000059],[4.64585500000004,51.211611000000062],[4.6448590000000536,51.211223000000075],[4.6447920000000522,51.211293000000069],[4.6424220000000673,51.214110000000062],[4.6420040000000427,51.214604000000065],[4.6400000000000432,51.21392000000003],[4.6350420000000554,51.212226000000044],[4.6354910000000586,51.211858000000063],[4.6354330000000346,51.21109000000007],[4.6353330000000597,51.210422000000051],[4.6349510000000578,51.208616000000063],[4.6349570000000426,51.20844500000004],[4.6349730000000591,51.208397000000048],[4.63486800000004,51.208364000000074],[4.6342320000000541,51.208195000000046],[4.6331550000000448,51.208020000000033],[4.6320110000000341,51.207944000000055],[4.6307900000000473,51.207969000000048],[4.6305300000000216,51.207981000000075],[4.6301800000000526,51.208035000000052],[4.6297770000000469,51.208178000000032],[4.6290500000000634,51.208501000000069],[4.6286660000000666,51.208676000000025],[4.6280510000000277,51.208957000000055],[4.6272530000000529,51.209322000000043],[4.6269110000000637,51.209528000000034],[4.6265110000000504,51.209821000000034],[4.6262910000000375,51.210034000000064],[4.6260410000000434,51.209945000000062],[4.6259090000000356,51.209945000000062],[4.6250020000000518,51.210332000000051],[4.6236640000000762,51.21063300000003],[4.62323200000003,51.21070700000007],[4.6230060000000321,51.210677000000032],[4.6168610000000285,51.208598000000052],[4.6167670000000385,51.208594000000062],[4.6166360000000282,51.208624000000043],[4.6165700000000243,51.208603000000039],[4.6164820000000759,51.208522000000073],[4.6163500000000681,51.208276000000069]]},"properties":{"OBJECTID":36,"Name":"Ring 04","Descript":"","Type":"TRKPT","Shape_Length":0.2391619459828852,"Field":19.728086901204293}},{"type":"Feature","id":37,"geometry":{"type":"LineString","coordinates":[[4.6163500000000681,51.208276000000069],[4.6162500000000364,51.208344000000068],[4.61613600000004,51.208534000000043],[4.6160320000000752,51.208946000000026],[4.6154180000000338,51.209032000000036],[4.6153810000000703,51.209112000000061],[4.6158590000000572,51.211936000000037],[4.6158550000000673,51.211987000000079],[4.6158400000000483,51.212033000000076],[4.6156870000000367,51.212506000000076],[4.6157250000000545,51.212692000000061],[4.6156180000000404,51.212750000000028],[4.6154730000000654,51.212954000000082],[4.6151850000000536,51.213768000000073],[4.6148950000000468,51.214744000000053],[4.6149060000000759,51.214955000000032],[4.6147990000000618,51.215832000000034],[4.6148020000000542,51.216034000000036],[4.6148850000000721,51.216105000000027],[4.6148850000000721,51.216323000000045],[4.6150670000000673,51.217671000000053],[4.6150560000000382,51.217959000000064],[4.6150830000000269,51.218066000000078],[4.6152490000000626,51.219253000000037],[4.6152960000000576,51.219589000000042],[4.6147070000000667,51.221187000000043]]},"properties":{"OBJECTID":37,"Name":"Ring 04","Descript":"","Type":"TRKPT","Shape_Length":0.014003602164867067,"Field":1.4969787412749858}},{"type":"Feature","id":38,"geometry":{"type":"LineString","coordinates":[[4.6147070000000667,51.221187000000043],[4.6145160000000374,51.221684000000039],[4.6143590000000358,51.22227300000003],[4.6143590000000358,51.222274000000027],[4.6142190000000483,51.222537000000045],[4.6141670000000659,51.222766000000036],[4.6146930000000452,51.222859000000028],[4.6160460000000398,51.223110000000077],[4.6164280000000417,51.22319600000003],[4.6166380000000231,51.223289000000079],[4.6168800000000374,51.223437000000047],[4.6169600000000628,51.223669000000029],[4.616862000000026,51.22397600000005],[4.6163060000000655,51.224882000000036],[4.6161880000000224,51.225171000000046],[4.616027000000031,51.226105000000075],[4.6159460000000649,51.22639300000003],[4.6159460000000649,51.226394000000028],[4.6158070000000748,51.226587000000052],[4.6155490000000441,51.22672300000005],[4.6151870000000486,51.226772000000039],[4.613597000000027,51.226612000000046],[4.6125750000000494,51.226583000000062],[4.6124910000000341,51.226759000000072],[4.6112160000000699,51.23115800000005],[4.6114910000000577,51.231208000000038],[4.6116000000000668,51.231206000000043],[4.6115970000000743,51.231341000000043],[4.6115200000000414,51.231452000000047],[4.6113240000000246,51.232017000000042],[4.6110370000000671,51.232306000000051],[4.6097110000000612,51.233533000000079],[4.6080670000000623,51.235022000000072],[4.6079430000000343,51.235170000000039],[4.6072320000000673,51.237872000000038],[4.6069040000000427,51.239050000000077],[4.6067090000000235,51.239222000000041],[4.6052010000000223,51.240333000000078],[4.6051150000000689,51.240398000000027],[4.60425900000007,51.241037000000063],[4.6035890000000563,51.241537000000051],[4.6015440000000467,51.243097000000034],[4.6013730000000237,51.243268000000057],[4.6013200000000438,51.243522000000041],[4.601143000000036,51.243886000000032],[4.6009280000000672,51.244151000000045],[4.6005190000000766,51.244458000000066],[4.599892000000068,51.247123000000045],[4.5998020000000679,51.247267000000079],[4.5997430000000463,51.24733800000007],[4.5996780000000399,51.247404000000074],[4.59883700000006,51.248219000000063],[4.5979960000000233,51.249022000000082],[4.5978370000000268,51.249142000000063],[4.5976980000000367,51.249351000000047],[4.5974350000000754,51.249658000000068],[4.5972060000000283,51.249836000000073],[4.5957600000000411,51.251314000000036],[4.5956460000000448,51.251475000000028],[4.5956200000000536,51.251572000000067],[4.5956150000000662,51.251885000000073],[4.5954980000000205,51.252259000000038],[4.5954880000000458,51.252447000000075],[4.5953030000000581,51.254023000000075],[4.594993000000045,51.256081000000052],[4.5940880000000561,51.257050000000049],[4.5922520000000304,51.25890400000003],[4.5915690000000495,51.25959400000005],[4.591664000000037,51.259613000000058],[4.5915010000000507,51.259910000000048],[4.5914150000000404,51.259910000000048],[4.5911630000000514,51.259903000000065],[4.590955000000065,51.259945000000073],[4.5907290000000671,51.260031000000026],[4.5900460000000294,51.260411000000033],[4.5897770000000264,51.260684000000026],[4.5890580000000227,51.261270000000081],[4.5876180000000204,51.262350000000026],[4.5875080000000708,51.262578000000076],[4.5875550000000658,51.262848000000076],[4.5878910000000701,51.263096000000075],[4.5878860000000259,51.263142000000073],[4.5850260000000276,51.265865000000076],[4.5819460000000731,51.268865000000062],[4.5818730000000301,51.268965000000037],[4.5818150000000628,51.268574000000058],[4.581209000000058,51.269126000000028],[4.5809690000000387,51.269269000000065],[4.5741100000000756,51.272805000000062],[4.5738120000000322,51.273038000000042]]},"properties":{"OBJECTID":38,"Name":"Ring 04","Descript":"","Type":"TRKPT","Shape_Length":0.076823062731018313,"Field":7.1825516820972668}},{"type":"Feature","id":39,"geometry":{"type":"LineString","coordinates":[[4.5738120000000322,51.273038000000042],[4.5736630000000673,51.273168000000055],[4.5734250000000429,51.273487000000046],[4.5727500000000418,51.274835000000053],[4.5722200000000726,51.275747000000081],[4.5718480000000454,51.276372000000038],[4.572223000000065,51.276446000000078],[4.5721960000000763,51.276494000000071],[4.5721600000000535,51.276758000000029],[4.5720090000000368,51.276987000000076],[4.5715090000000487,51.277970000000039],[4.5713920000000599,51.278202000000078],[4.5712530000000697,51.278407000000072],[4.5710810000000492,51.27863700000006],[4.5708360000000425,51.278836000000069],[4.5702720000000454,51.279098000000033],[4.5700790000000211,51.279134000000056],[4.570096000000035,51.279256000000032],[4.5697600000000307,51.279418000000078],[4.5673360000000685,51.281044000000065],[4.5659400000000687,51.281980000000033],[4.5635370000000535,51.283621000000039],[4.5631280000000629,51.284678000000042],[4.562372000000039,51.28634500000004],[4.5620640000000208,51.286984000000075],[4.5617600000000493,51.287723000000028],[4.5616870000000631,51.287911000000065],[4.561580000000049,51.288020000000074],[4.5583260000000223,51.290234000000055],[4.5578280000000291,51.290575000000047],[4.5577110000000403,51.290676000000076],[4.5576940000000263,51.290724000000068],[4.5568130000000338,51.291337000000055],[4.5566580000000272,51.291279000000031],[4.5564230000000521,51.291195000000073],[4.5559480000000576,51.29189800000006],[4.55576300000007,51.292080000000055],[4.5557370000000219,51.292178000000035],[4.5557370000000219,51.292229000000077],[4.5554110000000492,51.292742000000032],[4.5549800000000573,51.293440000000032],[4.5537990000000264,51.295326000000045],[4.5537770000000251,51.295361000000071],[4.5537410000000591,51.295419000000038],[4.553540000000055,51.295397000000037],[4.5532810000000268,51.295327000000043],[4.5526620000000548,51.295080000000041],[4.5524090000000683,51.295071000000064],[4.5522440000000302,51.295037000000036],[4.5499280000000226,51.294114000000036],[4.5491770000000429,51.293825000000027],[4.5491310000000453,51.293794000000048],[4.5491270000000554,51.293798000000038],[4.5491040000000567,51.293820000000039],[4.5490680000000339,51.293856000000062],[4.54900200000003,51.293920000000071],[4.5489590000000248,51.293962000000079],[4.5489330000000336,51.29398800000007],[4.5489280000000463,51.293993000000057],[4.5482260000000565,51.293709000000035],[4.5477110000000494,51.293430000000058],[4.5473740000000475,51.293210000000045],[4.5467510000000289,51.293677000000059],[4.5467560000000731,51.293700000000058],[4.5466870000000199,51.293753000000038],[4.5466120000000387,51.293713000000082],[4.5460340000000201,51.294129000000055],[4.5459470000000692,51.294195000000059],[4.5450070000000551,51.295767000000069],[4.5445900000000279,51.296386000000041],[4.5444270000000415,51.296614000000034],[4.5435570000000212,51.297832000000028],[4.5426500000000374,51.298778000000027],[4.5424950000000308,51.298870000000079],[4.5420480000000225,51.299287000000049],[4.542062000000044,51.299503000000072],[4.5419920000000502,51.299612000000081],[4.5405120000000352,51.30099400000006],[4.54047300000002,51.301175000000057],[4.5403040000000487,51.30121900000006],[4.5398430000000758,51.301601000000062],[4.5397080000000756,51.301724000000036],[4.5394730000000436,51.301904000000036],[4.5392140000000722,51.301936000000069],[4.5390400000000568,51.301919000000055],[4.5390410000000543,51.302134000000081],[4.5391230000000746,51.302276000000063],[4.5391860000000293,51.302527000000055],[4.5389670000000706,51.302567000000067],[4.5388790000000654,51.302628000000027],[4.5387420000000702,51.302723000000071],[4.538594000000046,51.302793000000065],[4.5385700000000497,51.303026000000045],[4.5385950000000435,51.304570000000069],[4.5368990000000622,51.305757000000028],[4.5336430000000405,51.306838000000027],[4.5338410000000522,51.307014000000038],[4.5343110000000593,51.307410000000061],[4.5342060000000401,51.307651000000078],[4.5338100000000736,51.308437000000026],[4.5340060000000335,51.308396000000073],[4.5342760000000339,51.30826200000007],[4.5344890000000646,51.308196000000066],[4.5346800000000371,51.308207000000039],[4.5349860000000604,51.308286000000066],[4.535075000000063,51.308357000000058],[4.5351050000000441,51.308437000000026],[4.5367600000000721,51.309885000000065],[4.5375310000000582,51.310560000000066],[4.5376560000000268,51.311045000000036],[4.5374620000000618,51.311454000000026],[4.5372660000000451,51.311331000000052],[4.5370790000000625,51.311286000000052],[4.5366590000000429,51.311318000000028],[4.5357090000000539,51.311338000000035],[4.5355600000000322,51.311379000000045],[4.5353340000000344,51.311485000000062],[4.5351210000000606,51.311641000000066],[4.5349400000000628,51.311865000000068],[4.5348430000000235,51.312163000000055],[4.5347990000000209,51.312884000000054],[4.5347090000000208,51.313558000000057],[4.5345820000000572,51.313948000000039],[4.5345650000000433,51.313991000000044],[4.5345610000000534,51.314021000000082],[4.534541000000047,51.314127000000042],[4.5345160000000533,51.314243000000033],[4.5344740000000456,51.314338000000077],[4.5343160000000466,51.314685000000054],[4.5341140000000451,51.314911000000052],[4.5338500000000295,51.315033000000028],[4.5334280000000717,51.315107000000069],[4.5333190000000627,51.315109000000064],[4.5316440000000284,51.315005000000042],[4.531643000000031,51.315005000000042],[4.531244000000072,51.315051000000039],[4.5308800000000247,51.315148000000079],[4.5304690000000392,51.315338000000054],[4.5304250000000366,51.315438000000029],[4.5301160000000209,51.315248000000054],[4.5246680000000765,51.312078000000042],[4.5243840000000546,51.311912000000063],[4.5243010000000368,51.311864000000071],[4.5242690000000607,51.311851000000047],[4.5241420000000403,51.311781000000053],[4.5241140000000541,51.311764000000039],[4.5240980000000377,51.311754000000064]]},"properties":{"OBJECTID":39,"Name":"Ring 04","Descript":"","Type":"TRKPT","Shape_Length":0.084768417706374513,"Field":7.6023750533723549}},{"type":"Feature","id":40,"geometry":{"type":"LineString","coordinates":[[4.5240980000000377,51.311754000000064],[4.5240470000000528,51.311787000000038],[4.5224370000000249,51.311743000000035],[4.5184020000000373,51.311589000000026],[4.5178480000000718,51.311542000000031],[4.5177000000000476,51.311621000000059],[4.5175810000000638,51.31165500000003],[4.5166110000000685,51.312524000000053],[4.5146850000000427,51.314227000000074],[4.5147060000000465,51.314298000000065],[4.5146190000000388,51.314347000000055],[4.5145210000000588,51.314395000000047],[4.5146270000000754,51.314485000000047],[4.5102350000000229,51.317397000000028],[4.5100830000000656,51.317498000000057],[4.5076460000000225,51.32064500000007],[4.507502000000045,51.320667000000071],[4.5074480000000676,51.32069800000005],[4.507246000000066,51.320659000000035],[4.5066980000000285,51.320662000000027],[4.506616000000065,51.320711000000074],[4.5065430000000219,51.320713000000069],[4.5063970000000495,51.320770000000039],[4.5061100000000351,51.320954000000029],[4.505245000000059,51.321379000000036],[4.5030760000000214,51.322496000000058],[4.503024000000039,51.322578000000078],[4.5030210000000466,51.322660000000042],[4.5030670000000441,51.322754000000032],[4.5031280000000606,51.322819000000038],[4.5032990000000268,51.322893000000079],[4.5033050000000685,51.322945000000061],[4.5032730000000356,51.322995000000049],[4.5029090000000451,51.32327900000007],[4.5025220000000559,51.323550000000068],[4.5000570000000266,51.325277000000028],[4.4993850000000748,51.325784000000056],[4.4975310000000377,51.32705500000003],[4.4973850000000652,51.327104000000077],[4.4969560000000683,51.32712500000008],[4.4965270000000714,51.327281000000028],[4.4962610000000609,51.327447000000063],[4.4958230000000299,51.327828000000068],[4.495454000000052,51.328091000000029],[4.4950320000000374,51.328327000000058],[4.4949370000000499,51.328412000000071],[4.49438600000002,51.328674000000035],[4.4931880000000319,51.329195000000027],[4.4927420000000211,51.329532000000029],[4.4924280000000749,51.329670000000078],[4.4925870000000714,51.329851000000076],[4.4906600000000481,51.330583000000047],[4.490154000000075,51.330778000000066],[4.4880940000000464,51.331543000000067],[4.4831710000000271,51.331475000000069],[4.4814270000000533,51.331451000000072],[4.4810710000000427,51.331500000000062],[4.4807830000000308,51.331543000000067],[4.4804010000000289,51.331710000000044],[4.480000000000075,51.331895000000031],[4.4799490000000333,51.331919000000028],[4.4796570000000315,51.332117000000039],[4.4793970000000627,51.332234000000028],[4.4793270000000689,51.332234000000028],[4.4792920000000436,51.332198000000062],[4.4792200000000548,51.332138000000043],[4.4791470000000686,51.332079000000078],[4.4791150000000357,51.332051000000035],[4.4781280000000265,51.332499000000041],[4.4771400000000199,51.332946000000049],[4.4770130000000563,51.333012000000053],[4.4751860000000647,51.333864000000062],[4.4726790000000278,51.333983000000046],[4.4725940000000719,51.333987000000036],[4.4706890000000499,51.333384000000081],[4.4652980000000753,51.331680000000063]]},"properties":{"OBJECTID":40,"Name":"Ring 04","Descript":"","Type":"TRKPT","Shape_Length":0.067674763344390182,"Field":5.3754538175458455}},{"type":"Feature","id":41,"geometry":{"type":"LineString","coordinates":[[4.4652980000000753,51.331680000000063],[4.4649830000000748,51.332057000000077],[4.4648760000000607,51.33201100000008],[4.4647130000000743,51.331946000000073],[4.4646050000000628,51.331899000000078],[4.4646060000000602,51.331898000000081],[4.4646050000000628,51.331900000000076],[4.4641230000000292,51.332538000000056],[4.4636410000000524,51.333176000000037],[4.4631400000000667,51.333852000000036],[4.4626390000000242,51.334529000000032],[4.4621380000000386,51.33520500000003],[4.4615690000000541,51.335968000000037],[4.4609990000000721,51.33673200000004],[4.4608520000000453,51.336911000000043],[4.4608220000000642,51.336996000000056],[4.4601620000000253,51.33729100000005],[4.4539860000000431,51.33836400000007],[4.4540540000000419,51.338530000000048],[4.449382000000071,51.342341000000033],[4.4486080000000356,51.342464000000064],[4.4485780000000545,51.342415000000074],[4.4481870000000754,51.34252900000007],[4.4481140000000323,51.342542000000037],[4.4473830000000589,51.342674000000045],[4.4466320000000223,51.342739000000051],[4.4458810000000426,51.342805000000055],[4.4458810000000426,51.342804000000058],[4.4457370000000651,51.34267200000005],[4.4426060000000689,51.343119000000058],[4.4381800000000453,51.344992000000047],[4.4373370000000705,51.345098000000064],[4.4348100000000272,51.345488000000046],[4.43253100000004,51.34582800000004],[4.4286300000000551,51.346403000000066],[4.4288490000000706,51.346669000000077],[4.4286300000000551,51.346403000000066],[4.4285020000000372,51.346333000000072],[4.4283130000000597,51.346274000000051],[4.4280270000000428,51.346233000000041],[4.4258950000000254,51.346482000000037],[4.4254890000000273,51.346521000000052],[4.4251370000000634,51.34652600000004],[4.4248780000000352,51.346459000000038],[4.4248330000000351,51.346512000000075],[4.424818000000073,51.346591000000046],[4.42376100000007,51.346672000000069],[4.4235140000000683,51.346759000000077],[4.423321000000044,51.346880000000056],[4.4232220000000666,51.347001000000034],[4.4231230000000323,51.34698700000007],[4.4230910000000563,51.346982000000025],[4.421162000000038,51.347143000000074],[4.4186600000000453,51.347305000000063],[4.4182450000000699,51.34734300000008],[4.4181030000000305,51.347329000000059],[4.4140300000000252,51.346329000000026],[4.4136370000000511,51.346259000000032],[4.4134610000000407,51.346251000000052],[4.4131390000000579,51.346286000000077],[4.4100400000000377,51.346934000000033],[4.4089760000000524,51.347189000000071],[4.4077050000000213,51.347459000000072],[4.4074730000000386,51.347470000000044],[4.4072760000000244,51.347443000000055],[4.405757000000051,51.34707300000008],[4.4056710000000407,51.347003000000029],[4.4055080000000544,51.346961000000078],[4.4053620000000251,51.346961000000078],[4.4043660000000386,51.346719000000064],[4.4038250000000403,51.346666000000027],[4.4033620000000724,51.346687000000031],[4.4021000000000754,51.346762000000069],[4.4019120000000385,51.346773000000042],[4.4018880000000422,51.347053000000074],[4.4004320000000234,51.347161000000028],[4.4001100000000406,51.347138000000029],[4.4002380000000585,51.346919000000071],[4.4001030000000583,51.346892000000082],[4.3993110000000684,51.346564000000058],[4.3991850000000454,51.346550000000036],[4.3963320000000294,51.345476000000076],[4.3937920000000759,51.344554000000073],[4.3936080000000288,51.344505000000026],[4.3933690000000638,51.344457000000034],[4.3931630000000723,51.344461000000081],[4.3926590000000374,51.344850000000065],[4.3926280000000588,51.344874000000061],[4.3925610000000574,51.344927000000041],[4.3924300000000471,51.344859000000042],[4.392400000000066,51.344936000000075],[4.3911680000000501,51.344280000000026],[4.3888670000000616,51.343109000000027]]},"properties":{"OBJECTID":41,"Name":"Ring 04","Descript":"","Type":"TRKPT","Shape_Length":0.084690707776575669,"Field":6.5025486795795029}},{"type":"Feature","id":42,"geometry":{"type":"LineString","coordinates":[[4.3888670000000616,51.343109000000027],[4.3882990000000746,51.342820000000074],[4.3866180000000554,51.344037000000071],[4.3828880000000368,51.34411300000005],[4.3827180000000681,51.344084000000066],[4.3800000000000523,51.342972000000032],[4.3795900000000643,51.342805000000055],[4.3791620000000648,51.342671000000053],[4.378876000000048,51.342674000000045],[4.3773890000000506,51.342924000000039],[4.3750120000000265,51.34331700000007],[4.3746950000000311,51.343308000000036],[4.3691160000000764,51.341255000000046],[4.3688550000000532,51.341157000000067],[4.3687260000000379,51.341134000000068],[4.3686380000000327,51.341119000000049],[4.3683880000000386,51.341134000000068],[4.3654120000000489,51.341732000000036],[4.3618010000000709,51.34244700000005],[4.3600000000000705,51.342212000000075],[4.3573310000000447,51.341863000000046],[4.3569450000000529,51.341813000000059],[4.3554530000000682,51.341629000000069],[4.3531030000000328,51.341079000000036],[4.3529590000000553,51.341073000000051],[4.3508180000000607,51.341210000000046],[4.3501430000000596,51.341188000000045],[4.3469730000000482,51.341052000000047],[4.3469480000000544,51.341175000000078],[4.3467460000000528,51.341162000000054],[4.3461810000000582,51.341122000000041],[4.3460100000000352,51.341079000000036],[4.3459660000000326,51.341009000000042],[4.3441390000000411,51.340939000000049],[4.3405610000000365,51.338586000000078],[4.3397640000000592,51.338097000000062],[4.33887500000003,51.338744000000077],[4.338040000000035,51.339396000000079],[4.3309650000000488,51.336435000000051],[4.3308290000000511,51.336410000000058],[4.3275320000000761,51.336171000000036],[4.3273440000000392,51.336141000000055],[4.3262100000000601,51.335856000000035],[4.3237580000000548,51.335249000000033],[4.3228900000000294,51.336789000000067],[4.3227620000000684,51.336770000000058],[4.3143190000000686,51.336095000000057],[4.3141790000000242,51.336111000000074],[4.3141370000000734,51.336142000000052],[4.313961000000063,51.336470000000077],[4.3137820000000602,51.336636000000055],[4.3136240000000612,51.336598000000038],[4.3130430000000501,51.336534000000029],[4.3122030000000677,51.336355000000026],[4.3118010000000595,51.336300000000051],[4.3114380000000665,51.336304000000041],[4.3092440000000352,51.336203000000069],[4.3085230000000365,51.336163000000056],[4.30836800000003,51.336040000000025],[4.3081440000000271,51.335761000000048],[4.307736000000034,51.335619000000065],[4.3070140000000379,51.335519000000033],[4.3063770000000545,51.336383000000069],[4.3053250000000389,51.338196000000039],[4.3049230000000307,51.338800000000049],[4.3047410000000355,51.338976000000059],[4.3047350000000506,51.339029000000039],[4.304642000000058,51.339118000000042],[4.3046260000000416,51.339309000000071],[4.3044820000000641,51.339414000000033],[4.304520000000025,51.33969600000006],[4.3042720000000259,51.339893000000075],[4.3042720000000259,51.340033000000062],[4.3041640000000712,51.340129000000047],[4.3041360000000282,51.340424000000041],[4.3038220000000251,51.34086300000007],[4.303854000000058,51.341219000000081],[4.3037910000000466,51.341491000000076],[4.3036810000000401,51.341747000000055],[4.3036190000000261,51.342044000000044],[4.3036540000000514,51.342247000000043],[4.3036520000000564,51.342350000000067],[4.3037570000000755,51.342459000000076],[4.3037210000000528,51.34261900000007],[4.3037990000000264,51.342712000000063],[4.3038420000000315,51.342916000000059],[4.3040660000000344,51.343153000000029],[4.3040600000000495,51.343307000000038],[4.3040070000000696,51.343469000000027],[4.3039460000000531,51.343525000000056],[4.3038870000000315,51.343762000000027],[4.3037040000000388,51.343947000000071],[4.3032990000000382,51.344003000000043],[4.3032650000000672,51.34419900000006],[4.3030900000000543,51.344540000000052],[4.3031710000000203,51.345252000000073],[4.3033480000000282,51.345755000000054],[4.3033530000000724,51.345900000000029],[4.3033630000000471,51.34600000000006],[4.3030590000000757,51.347014000000058],[4.3030850000000669,51.347185000000081],[4.3031340000000569,51.347429000000034],[4.3030730000000403,51.348267000000078],[4.3034470000000624,51.348798000000045],[4.3035030000000347,51.348928000000058],[4.3034750000000486,51.349229000000037],[4.3034960000000524,51.34935500000006],[4.3037230000000477,51.350103000000047],[4.3038350000000491,51.35040500000008],[4.3037740000000326,51.350576000000046],[4.3036280000000602,51.350721000000078],[4.3035360000000651,51.350791000000072],[4.3034350000000359,51.350867000000051],[4.3032990000000382,51.350918000000036],[4.3026480000000333,51.351090000000056],[4.3022530000000643,51.351214000000027],[4.3020530000000576,51.351390000000038],[4.3028310000000261,51.351532000000077],[4.3032740000000445,51.351534000000072],[4.3031980000000658,51.354842000000076],[4.3030720000000429,51.355027000000064],[4.3026040000000307,51.355432000000064],[4.3025260000000571,51.355624000000034],[4.3024990000000685,51.35705100000007],[4.3035710000000336,51.358302000000037],[4.3036900000000742,51.358445000000074],[4.3043030000000613,51.359187000000077],[4.3047770000000583,51.359711000000061],[4.3049280000000749,51.359809000000041],[4.3051480000000311,51.359908000000075],[4.305590000000052,51.359845000000064],[4.3065780000000586,51.359735000000057],[4.3066310000000385,51.359989000000041],[4.3066830000000209,51.360256000000049],[4.3067670000000362,51.360312000000079],[4.3068580000000338,51.360324000000048],[4.3080710000000408,51.360291000000075],[4.3080190000000584,51.361422000000061],[4.3076390000000515,51.362334000000033],[4.3076160000000527,51.362403000000029],[4.3072700000000737,51.363194000000078],[4.3071870000000558,51.363567000000046],[4.3064780000000269,51.366915000000063],[4.3066270000000486,51.366842000000076],[4.3116620000000694,51.366621000000066],[4.3122480000000678,51.366520000000037],[4.3127840000000219,51.366348000000073],[4.3128390000000536,51.366416000000072],[4.3128730000000246,51.366464000000065],[4.3128410000000486,51.366521000000034],[4.311943000000042,51.366944000000046],[4.3110530000000722,51.367397000000039],[4.3106890000000249,51.367587000000071],[4.3100550000000339,51.367765000000077],[4.3096830000000637,51.367830000000026],[4.3083100000000627,51.367996000000062],[4.3064320000000293,51.368159000000048],[4.3023730000000455,51.368380000000059],[4.2985500000000343,51.368540000000053],[4.2976780000000758,51.368604000000062],[4.296856000000048,51.368735000000072],[4.2962650000000622,51.368860000000041],[4.2954420000000368,51.36909600000007],[4.294524000000024,51.369470000000035],[4.2941350000000398,51.369678000000079],[4.292790000000025,51.370487000000026],[4.2918120000000499,51.37094200000007],[4.2907390000000305,51.371304000000066],[4.2900920000000724,51.371457000000078],[4.2893530000000624,51.371582000000046],[4.2890730000000303,51.371610000000032],[4.2889730000000554,51.371621000000061],[4.2888550000000691,51.371634000000029],[4.2877470000000244,51.371735000000058],[4.2875300000000607,51.371776000000068],[4.2837300000000482,51.372120000000052],[4.2763190000000577,51.372801000000038],[4.2729190000000585,51.373147000000074],[4.2719990000000507,51.373285000000067],[4.2657010000000355,51.374422000000038],[4.2645570000000248,51.374561000000028],[4.2633580000000393,51.374654000000078],[4.2625760000000241,51.374693000000036],[4.2617160000000354,51.374697000000026],[4.2543340000000285,51.374446000000034],[4.2538370000000327,51.374419000000046],[4.253039000000058,51.374308000000042],[4.2526330000000598,51.374214000000052],[4.2520090000000437,51.374009000000058],[4.2515140000000429,51.373784000000057],[4.2510570000000598,51.37350900000007],[4.2507000000000517,51.373222000000055],[4.25035500000007,51.37285600000007],[4.2501980000000685,51.372630000000072],[4.2499600000000441,51.372114000000067],[4.2498960000000352,51.371843000000069],[4.2498930000000428,51.371372000000065],[4.2500460000000544,51.370844000000034],[4.2505840000000603,51.369817000000069],[4.2511340000000359,51.368769000000043],[4.2538000000000693,51.36373100000003],[4.254237000000046,51.362908000000061],[4.2545390000000225,51.362468000000035],[4.2547770000000469,51.362193000000048],[4.2552270000000476,51.361760000000061],[4.2553460000000314,51.361698000000047],[4.2555600000000595,51.361653000000047],[4.2555470000000355,51.36159200000003],[4.2555150000000594,51.361536000000058],[4.2555400000000532,51.361477000000036],[4.2557650000000535,51.361319000000037],[4.2569450000000302,51.360569000000055],[4.2571550000000684,51.360441000000037],[4.2581970000000524,51.359764000000041],[4.2583530000000565,51.35973000000007],[4.2584700000000453,51.359580000000051],[4.2654660000000604,51.355111000000079],[4.26617200000004,51.354776000000072],[4.2666250000000332,51.354601000000059],[4.2673950000000218,51.354356000000053],[4.2677060000000324,51.354284000000064],[4.2683060000000523,51.354166000000077],[4.2691100000000688,51.354063000000053],[4.2705400000000395,51.353969000000063],[4.2708150000000273,51.354007000000081],[4.2709890000000428,51.353942000000075],[4.2721630000000346,51.353873000000078],[4.2743540000000735,51.353740000000073],[4.2788720000000353,51.353461000000038],[4.2806720000000382,51.353355000000079],[4.2806710000000407,51.353296000000057],[4.2806880000000547,51.353236000000038],[4.2811240000000339,51.353203000000065],[4.2812950000000569,51.353176000000076],[4.2813160000000607,51.353126000000032],[4.2813390000000595,51.353070000000059],[4.2818800000000579,51.352844000000061],[4.2820080000000758,51.352810000000034],[4.2820830000000569,51.35273200000006],[4.2823930000000701,51.352532000000053],[4.2826570000000288,51.35231900000008],[4.2830830000000333,51.351841000000036],[4.2833140000000753,51.351379000000065],[4.2834060000000704,51.350842000000057],[4.2833800000000224,51.350542000000075],[4.2832700000000727,51.35018000000008],[4.2822300000000268,51.348073000000056],[4.2821610000000305,51.347759000000053],[4.2823130000000447,51.347706000000073],[4.282284000000061,51.347624000000053],[4.282239000000061,51.347521000000029],[4.2822380000000635,51.347510000000057],[4.2820010000000366,51.34694200000007],[4.2819110000000364,51.346860000000049],[4.2818920000000276,51.346760000000074],[4.2818030000000249,51.346185000000048],[4.2817690000000539,51.345973000000072],[4.2818330000000628,51.345932000000062],[4.2817420000000652,51.345316000000082],[4.2817640000000665,51.345248000000026],[4.2818410000000426,51.345189000000062],[4.2819520000000466,51.345150000000046],[4.2819440000000668,51.345105000000046],[4.2819320000000403,51.34503600000005],[4.2818370000000527,51.345025000000078],[4.2817640000000665,51.344984000000068],[4.281718000000069,51.344936000000075],[4.2816970000000651,51.344783000000064],[4.2815680000000498,51.344710000000077],[4.2815550000000258,51.344622000000072],[4.2814410000000294,51.343943000000081],[4.2814220000000205,51.34374100000008],[4.2815100000000257,51.343705000000057],[4.2814440000000218,51.343162000000063],[4.2814640000000281,51.342997000000082],[4.2815250000000447,51.342796000000078],[4.2816570000000524,51.342749000000026],[4.2816700000000765,51.342697000000044],[4.2816710000000739,51.342588000000035],[4.2817820000000211,51.342421000000058],[4.2820080000000758,51.342202000000043],[4.2822300000000268,51.342036000000064],[4.2830350000000408,51.341611000000057],[4.2840250000000424,51.341090000000065],[4.2844540000000393,51.340725000000077],[4.2846420000000762,51.340515000000039],[4.2847700000000373,51.340290000000039],[4.284966000000054,51.339723000000049],[4.2850480000000744,51.33966300000003],[4.2852310000000671,51.33956500000005],[4.2853200000000697,51.339518000000055],[4.2846960000000536,51.339003000000048],[4.2843400000000429,51.338633000000073],[4.2838690000000383,51.338027000000068],[4.2835290000000441,51.337354000000062],[4.2833470000000489,51.336890000000039],[4.2832110000000512,51.336213000000043],[4.2832400000000348,51.335332000000051],[4.2841280000000665,51.331197000000031],[4.2855090000000473,51.324884000000054],[4.2858070000000339,51.323387000000082],[4.2856970000000274,51.323379000000045],[4.2854970000000208,51.323363000000029],[4.2853580000000306,51.323354000000052],[4.2854140000000598,51.32305000000008],[4.2853920000000585,51.322913000000028],[4.2855900000000702,51.322201000000064],[4.2858910000000492,51.320864000000029],[4.2858890000000542,51.32061600000003],[4.2860110000000304,51.320478000000037],[4.285927000000072,51.320293000000049],[4.2860350000000267,51.320110000000057],[4.2860880000000634,51.319946000000073],[4.2869230000000584,51.316069000000027],[4.2872610000000577,51.314504000000056],[4.2872970000000237,51.314187000000061],[4.2873890000000756,51.313910000000078],[4.2880840000000262,51.310676000000058],[4.2882720000000631,51.309825000000046],[4.2884800000000496,51.309209000000067],[4.2886650000000373,51.308853000000056],[4.289162000000033,51.308119000000033],[4.2895340000000601,51.307733000000042],[4.2896010000000615,51.307663000000048],[4.2900640000000294,51.306881000000033],[4.2903670000000602,51.306631000000039],[4.290219000000036,51.306584000000043],[4.2908300000000281,51.306026000000031],[4.2910080000000335,51.305863000000045],[4.2903920000000539,51.305058000000031],[4.2898920000000658,51.304719000000034],[4.2897820000000593,51.304624000000047],[4.2893040000000724,51.304227000000026],[4.2886350000000562,51.303996000000041],[4.2885420000000636,51.303964000000065],[4.288643000000036,51.303874000000064],[4.2883300000000304,51.303789000000052],[4.2879820000000564,51.303749000000039],[4.286796000000038,51.302622000000042],[4.2868410000000381,51.302604000000031],[4.2865040000000363,51.302243000000033],[4.2861900000000333,51.296666000000073],[4.2857300000000578,51.295959000000039],[4.286260000000027,51.295665000000042],[4.2870670000000359,51.29542200000003],[4.2877770000000623,51.295320000000061],[4.2879210000000398,51.295253000000059],[4.2880300000000489,51.295113000000072],[4.2880790000000388,51.294932000000074],[4.2880070000000501,51.29463400000003],[4.2874700000000416,51.293897000000072],[4.2874640000000568,51.293721000000062],[4.2875150000000417,51.293644000000029],[4.2876830000000723,51.293537000000072],[4.2889220000000705,51.293056000000036],[4.289335000000051,51.292975000000069],[4.2895240000000285,51.293062000000077],[4.2912550000000351,51.292881000000079],[4.2915960000000268,51.292779000000053],[4.2935920000000465,51.292327000000057],[4.298178000000064,51.291141000000039],[4.3045520000000579,51.289406000000042],[4.3053050000000326,51.28917000000007],[4.3059280000000513,51.288925000000063],[4.3064570000000231,51.288681000000054],[4.3079430000000229,51.28790500000008],[4.3085550000000694,51.287535000000048],[4.3090590000000475,51.287164000000075],[4.3097150000000397,51.28655800000007],[4.3101880000000392,51.285980000000052],[4.3104530000000523,51.285551000000055],[4.3107680000000528,51.28480600000006],[4.3109050000000479,51.284122000000082],[4.310903000000053,51.283437000000049],[4.3107550000000288,51.282718000000045],[4.310587000000055,51.282275000000027],[4.3103600000000597,51.281816000000049],[4.3075200000000677,51.276536000000078],[4.3070770000000493,51.275921000000039],[4.3065430000000333,51.275351000000057],[4.3035090000000764,51.272442000000069],[4.3029620000000364,51.272173000000066],[4.3018340000000421,51.271212000000048],[4.3016320000000405,51.27094500000004],[4.3015170000000467,51.27072400000003],[4.3009230000000684,51.270245000000045],[4.2998490000000515,51.269554000000028],[4.2986870000000295,51.268898000000036],[4.2982330000000388,51.268845000000056],[4.2981100000000652,51.26876800000008],[4.2979130000000509,51.268436000000065],[4.2977740000000608,51.268126000000052],[4.2976280000000315,51.268104000000051],[4.297473000000025,51.267986000000064],[4.2971970000000397,51.267536000000064],[4.2948920000000612,51.266897000000029],[4.294806000000051,51.266878000000077],[4.2947210000000382,51.266860000000065],[4.2946390000000747,51.266848000000039],[4.2945580000000518,51.266838000000064],[4.2944500000000403,51.266841000000056],[4.2943430000000262,51.266843000000051],[4.2942520000000286,51.26686200000006],[4.2941630000000259,51.266881000000069],[4.2940600000000586,51.26691500000004],[4.2939570000000344,51.266950000000065],[4.2938410000000431,51.267047000000048],[4.2925440000000208,51.26687000000004],[4.2912460000000578,51.266693000000032],[4.2899490000000355,51.266517000000078],[4.2886520000000701,51.266340000000071],[4.2886510000000726,51.266340000000071],[4.2859020000000214,51.264693000000079],[4.2857640000000288,51.264639000000045],[4.2816630000000373,51.26426900000007],[4.2812230000000682,51.264251000000058],[4.2812210000000732,51.264083000000028],[4.281216000000029,51.263618000000065],[4.2812210000000732,51.263213000000064],[4.281402000000071,51.263208000000077],[4.2855590000000348,51.263059000000055],[4.2857720000000654,51.263009000000068],[4.2860370000000216,51.262893000000076],[4.2878610000000208,51.261818000000062],[4.2880860000000212,51.261715000000038],[4.2882890000000202,51.261662000000058],[4.288498000000061,51.261640000000057],[4.2904030000000262,51.261640000000057],[4.2907900000000723,51.261661000000061],[4.2911330000000589,51.261747000000071],[4.2913350000000605,51.261862000000065],[4.2915720000000306,51.261768000000075],[4.2923720000000571,51.261284000000046],[4.292632000000026,51.261075000000062],[4.2926560000000222,51.261011000000053],[4.2926230000000487,51.261000000000081],[4.2913150000000542,51.260994000000039],[4.2911670000000299,51.260937000000069],[4.2910480000000462,51.260856000000047],[4.2904750000000718,51.260470000000055],[4.2904330000000641,51.260276000000033],[4.2904510000000755,51.260170000000073],[4.2902350000000524,51.260090000000048],[4.2898430000000758,51.260038000000065],[4.2896550000000389,51.260049000000038],[4.2894120000000271,51.260111000000052],[4.2892520000000331,51.260126000000071],[4.2892550000000256,51.260091000000045],[4.2892250000000445,51.25990100000007],[4.2889260000000604,51.259881000000064],[4.2887960000000476,51.259862000000055],[4.2884720000000698,51.259821000000045],[4.288058000000035,51.259837000000061],[4.2879970000000753,51.259817000000055],[4.2879160000000525,51.259772000000055],[4.2877230000000282,51.259434000000056],[4.2876430000000596,51.259347000000048],[4.2875710000000709,51.259302000000048],[4.2874550000000227,51.259273000000064],[4.2873290000000566,51.259307000000035],[4.2870420000000422,51.259478000000058],[4.2867660000000569,51.259465000000034],[4.2862370000000283,51.259253000000058],[4.2859040000000732,51.259169000000043],[4.2855370000000335,51.25899400000003],[4.2850680000000239,51.258641000000068],[4.2848990000000526,51.258545000000026],[4.2848020000000702,51.25842300000005],[4.2846900000000687,51.258404000000041],[4.2846440000000712,51.258371000000068],[4.2844560000000342,51.257887000000039],[4.2843060000000719,51.25777000000005],[4.2842470000000503,51.257629000000065],[4.2838310000000206,51.257489000000078],[4.2836250000000291,51.25727500000005],[4.2814520000000584,51.256703000000073],[4.2813530000000242,51.256695000000036],[4.2808760000000348,51.25657300000006],[4.2798140000000444,51.256284000000051],[4.2793920000000298,51.256127000000049],[4.2767220000000634,51.255299000000036],[4.2763990000000263,51.255171000000075],[4.2760520000000497,51.254985000000033],[4.2760580000000346,51.254970000000071],[4.2762020000000689,51.254640000000052],[4.2762090000000512,51.254624000000035],[4.2762140000000386,51.254610000000071],[4.2759140000000571,51.254538000000082],[4.275760000000048,51.254395000000045],[4.2757510000000707,51.254238000000043],[4.2755620000000363,51.254067000000077],[4.2753690000000688,51.253949000000034],[4.2751490000000558,51.25387500000005],[4.27465600000005,51.253782000000058],[4.2746160000000373,51.253702000000033],[4.2741830000000505,51.253649000000053],[4.2734930000000304,51.25352300000003],[4.2731610000000728,51.253463000000067],[4.2729630000000611,51.253391000000079],[4.2727670000000444,51.253274000000033],[4.2726760000000468,51.253204000000039],[4.2725610000000529,51.253015000000062],[4.2722060000000397,51.251955000000066],[4.2720410000000584,51.251895000000047],[4.2719510000000582,51.25166500000006],[4.2719640000000254,51.251569000000075],[4.2719410000000266,51.251568000000077],[4.2718480000000341,51.25156700000008],[4.2715930000000526,51.251584000000037],[4.2715670000000614,51.251585000000034],[4.2708600000000274,51.251723000000027],[4.2702550000000201,51.251745000000028],[4.2663620000000719,51.251436000000069],[4.2657540000000722,51.25141700000006],[4.2641510000000267,51.251637000000073],[4.2641120000000683,51.251540000000034],[4.2640640000000758,51.251419000000055],[4.2639930000000277,51.251295000000027],[4.2638820000000237,51.251225000000034],[4.26361600000007,51.251181000000031],[4.2637100000000601,51.25095900000008],[4.2637260000000765,51.250859000000048],[4.2636810000000764,51.250730000000033],[4.2635980000000586,51.25067400000006],[4.2632160000000567,51.250582000000065],[4.2631150000000275,51.250537000000065],[4.2595190000000684,51.245941000000073],[4.2595290000000432,51.24563500000005],[4.2596320000000674,51.245455000000049],[4.2598220000000424,51.245294000000058],[4.2600230000000465,51.245187000000044],[4.2603170000000432,51.245103000000029],[4.2602840000000697,51.245002000000056]]},"properties":{"OBJECTID":42,"Name":"Ring 04","Descript":"","Type":"TRKPT","Shape_Length":0.43047807620493894,"Field":36.211756131926535}},{"type":"Feature","id":43,"geometry":{"type":"LineString","coordinates":[[4.5256260000000452,51.237782000000038],[4.5256510000000389,51.236688000000072],[4.525600000000054,51.236131000000057],[4.5255230000000211,51.235179000000073],[4.5255280000000653,51.235091000000068],[4.5255280000000653,51.235091000000068],[4.525916000000052,51.234536000000048],[4.5258980000000406,51.234391000000073],[4.5258980000000406,51.233998000000042],[4.525903000000028,51.233977000000039],[4.5255580000000464,51.233952000000045],[4.5255970000000616,51.233003000000053],[4.5255880000000275,51.232914000000051],[4.5255470000000741,51.232866000000058],[4.5256720000000428,51.232815000000073],[4.5268280000000232,51.232778000000053],[4.5275150000000508,51.232743000000028],[4.5275530000000686,51.232745000000079],[4.527712000000065,51.232766000000026],[4.5279570000000717,51.232774000000063],[4.5286030000000324,51.232820000000061],[4.5292550000000347,51.232626000000039],[4.529687000000024,51.232168000000058],[4.5301200000000676,51.231710000000078],[4.5304680000000417,51.231658000000039],[4.5310390000000211,51.231693000000064],[4.5318510000000742,51.231755000000078],[4.5326630000000705,51.231816000000038],[4.5327470000000289,51.231828000000064],[4.5328900000000658,51.23179900000008],[4.5329550000000722,51.231746000000044],[4.5330200000000218,51.231565000000046],[4.5330540000000497,51.231508000000076],[4.5330800000000409,51.231336000000056],[4.533089000000075,51.231213000000082],[4.5333760000000325,51.231126000000074],[4.5332040000000688,51.230905000000064],[4.53327900000005,51.230887000000052],[4.5331630000000587,51.230739000000028],[4.5328120000000354,51.230290000000082],[4.5327360000000567,51.230136000000073],[4.5326950000000465,51.230004000000065],[4.5327190000000428,51.229878000000042],[4.532696000000044,51.229764000000046],[4.5328860000000759,51.229733000000067],[4.5330130000000395,51.229682000000082],[4.5330100000000471,51.229679000000033],[4.5328290000000493,51.229556000000059],[4.5330090000000496,51.229116000000033],[4.5331520000000296,51.228950000000054],[4.5333710000000451,51.228769000000057],[4.5335030000000529,51.228681000000051],[4.5346560000000409,51.228302000000042],[4.5348010000000727,51.228259000000037],[4.5350500000000693,51.228218000000027],[4.535391000000061,51.22820100000007],[4.5362810000000309,51.22819400000003],[4.5363590000000613,51.227942000000041],[4.5366670000000227,51.22773200000006],[4.5369530000000395,51.227559000000042],[4.5375730000000658,51.22735700000004]]},"properties":{"OBJECTID":43,"Name":"Ring 03","Descript":"","Type":"TRKPT","Shape_Length":0.021947920889891833,"Field":1.9116649015037104}},{"type":"Feature","id":44,"geometry":{"type":"LineString","coordinates":[[4.5375730000000658,51.22735700000004],[4.5374930000000404,51.227256000000068],[4.5371560000000386,51.226820000000032],[4.5370990000000688,51.226746000000048],[4.534870000000069,51.227468000000044],[4.5346260000000598,51.227166000000068],[4.534603000000061,51.22713200000004],[4.5354440000000409,51.22685400000006],[4.5353750000000446,51.226769000000047],[4.5348050000000626,51.226957000000027],[4.5347680000000423,51.226913000000081],[4.534543000000042,51.226984000000073],[4.5341830000000414,51.227103000000056],[4.5331140000000687,51.225726000000066],[4.5333730000000401,51.225664000000052],[4.5333460000000514,51.225614000000064],[4.5331580000000713,51.225276000000065],[4.53313600000007,51.225269000000026],[4.5330410000000256,51.22504200000003],[4.5329170000000545,51.224900000000048],[4.5330700000000661,51.224807000000055],[4.5330850000000282,51.224253000000033],[4.5330580000000396,51.224183000000039],[4.532997000000023,51.224023000000045],[4.5328700000000595,51.224014000000068],[4.5325620000000413,51.223926000000063],[4.5323420000000283,51.223824000000036],[4.5321730000000571,51.223712000000035],[4.531859000000054,51.223337000000072],[4.5319860000000745,51.223310000000026],[4.5316740000000664,51.223293000000069],[4.5315660000000548,51.223253000000057],[4.531231000000048,51.223226000000068],[4.5311940000000277,51.223222000000078],[4.5307560000000535,51.223201000000074],[4.5301510000000462,51.223177000000078],[4.5292700000000536,51.223107000000027],[4.5290020000000482,51.222966000000042],[4.5289020000000733,51.222883000000081],[4.5287550000000465,51.222574000000066],[4.5285620000000222,51.222419000000059],[4.5283150000000205,51.222399000000053],[4.5281650000000582,51.222419000000059],[4.52795100000003,51.222513000000049],[4.5278000000000702,51.222634000000028],[4.5275730000000749,51.222752000000071],[4.5274230000000557,51.222686000000067],[4.5269760000000474,51.222614000000078],[4.5265470000000505,51.222598000000062],[4.5259190000000444,51.222689000000059],[4.5258270000000493,51.222672000000046],[4.5257330000000593,51.222634000000028],[4.5255690000000754,51.222451000000035],[4.5254000000000474,51.222375000000056],[4.5253270000000612,51.22235500000005],[4.5249020000000542,51.222229000000027],[4.5247940000000426,51.222182000000032],[4.5244110000000433,51.222014000000058],[4.5246590000000424,51.221804000000077],[4.5249630000000707,51.221529000000032],[4.5251710000000571,51.221291000000065],[4.5254120000000739,51.22092200000003],[4.5255460000000198,51.220619000000056],[4.5263140000000703,51.21842300000003],[4.5266300000000683,51.217532000000062]]},"properties":{"OBJECTID":44,"Name":"Ring 03","Descript":"","Type":"TRKPT","Shape_Length":0.02450550228756115,"Field":2.1257345529340985}},{"type":"Feature","id":45,"geometry":{"type":"LineString","coordinates":[[4.5437240000000543,51.210737000000051],[4.5436270000000718,51.21057600000006],[4.5431870000000458,51.209883000000048],[4.5430530000000431,51.209768000000054],[4.5429240000000277,51.209729000000038],[4.5408170000000609,51.209174000000075],[4.5409020000000737,51.209140000000048],[4.5412570000000301,51.209197000000074],[4.5419990000000325,51.206512000000032],[4.5425350000000435,51.205235000000073],[4.5426880000000551,51.205063000000052],[4.5440410000000497,51.204435000000046],[4.5442430000000513,51.204322000000047],[4.5443980000000579,51.204315000000065],[4.5459400000000301,51.204545000000053],[4.5461890000000267,51.204486000000031],[4.5464740000000461,51.203359000000034],[4.5465010000000348,51.203249000000028],[4.546636000000035,51.202849000000072],[4.5467480000000364,51.202689000000078],[4.5469400000000633,51.202479000000039],[4.5471270000000459,51.20237000000003],[4.5479390000000421,51.202072000000044],[4.5484960000000569,51.20200600000004],[4.5490590000000566,51.20181800000006],[4.5498400000000743,51.201669000000038],[4.5500540000000456,51.201576000000045],[4.5501140000000646,51.201482000000055],[4.5501330000000735,51.200585000000046],[4.5500780000000418,51.199834000000067],[4.5512660000000551,51.20037300000007],[4.5514510000000428,51.200378000000057],[4.5515310000000682,51.20038100000005],[4.5515670000000341,51.200393000000076],[4.5522600000000466,51.200648000000058],[4.552496000000076,51.200740000000053],[4.5526710000000321,51.20075200000008],[4.5529320000000553,51.200805000000059],[4.5530540000000315,51.200919000000056],[4.5537750000000301,51.199843000000044],[4.5544130000000678,51.19889500000005],[4.5545230000000743,51.198732000000064],[4.5551430000000437,51.197875000000067],[4.555180000000064,51.197252000000049],[4.5552470000000653,51.196979000000056],[4.5555420000000595,51.196408000000076],[4.5557640000000674,51.196135000000027],[4.5561860000000252,51.195750000000032],[4.5563680000000204,51.195644000000073],[4.5565810000000511,51.195576000000074],[4.5578560000000721,51.195527000000027],[4.558050000000037,51.195454000000041],[4.5581110000000535,51.195385000000044],[4.5582560000000285,51.195309000000066],[4.55831900000004,51.195215000000076],[4.5586680000000683,51.194581000000028],[4.5586910000000671,51.194487000000038],[4.5592240000000288,51.193599000000063],[4.5599200000000337,51.192442000000028],[4.5599900000000275,51.192326000000037],[4.5602680000000646,51.19179900000006],[4.5605570000000739,51.191385000000082],[4.5605820000000676,51.191325000000063],[4.5605420000000549,51.191241000000048],[4.5606100000000538,51.191115000000082],[4.5608110000000579,51.190808000000061],[4.5610160000000519,51.190567000000044],[4.5609740000000443,51.190458000000035],[4.5609160000000202,51.190417000000082],[4.5603180000000521,51.190185000000042],[4.5600000000000591,51.190062000000069],[4.5597780000000512,51.189975000000061],[4.5597150000000397,51.189918000000034],[4.5587630000000559,51.189532000000042],[4.5581790000000524,51.189320000000066],[4.5577780000000416,51.189174000000037],[4.5574700000000234,51.189017000000035],[4.5572540000000572,51.189123000000052],[4.5569210000000453,51.189267000000029],[4.5566110000000322,51.189320000000066],[4.5561270000000604,51.189448000000027],[4.5555440000000544,51.189483000000052],[4.5550360000000296,51.189405000000079],[4.5547140000000468,51.189325000000053],[4.554486000000054,51.189208000000065],[4.5542940000000272,51.189097000000061],[4.553224000000057,51.188226000000043],[4.5529810000000452,51.188106000000062],[4.5527180000000271,51.188021000000049],[4.5524750000000722,51.187970000000064],[4.5511200000000258,51.187839000000054],[4.5502660000000219,51.187730000000045],[4.5498890000000642,51.187715000000026],[4.5486430000000269,51.186480000000074],[4.5478180000000634,51.185518000000059],[4.5472690000000284,51.184938000000045],[4.5471990000000346,51.184866000000056],[4.5470990000000597,51.184773000000064],[4.5459990000000516,51.183726000000036],[4.5459180000000288,51.18364500000007],[4.545812000000069,51.183536000000061],[4.5451760000000263,51.183575000000076],[4.5447740000000749,51.183630000000051],[4.5443880000000263,51.183711000000073],[4.5417520000000309,51.184416000000056],[4.5415950000000294,51.184464000000048],[4.5411670000000299,51.184596000000056],[4.5400570000000471,51.18484200000006],[4.5398280000000568,51.184882000000073],[4.539209000000028,51.184912000000054],[4.5390740000000278,51.184533000000044],[4.5390030000000365,51.184435000000065],[4.5388690000000338,51.184352000000047],[4.5377530000000661,51.183896000000061],[4.5371380000000272,51.18378800000005]]},"properties":{"OBJECTID":45,"Name":"Ring 03","Descript":"","Type":"TRKPT","Shape_Length":0.063469407960613206,"Field":5.4925199454367251}},{"type":"Feature","id":46,"geometry":{"type":"LineString","coordinates":[[4.5371380000000272,51.18378800000005],[4.5360990000000356,51.181534000000056],[4.5356490000000349,51.180641000000037],[4.5354960000000233,51.180338000000063],[4.5339380000000347,51.179235000000062]]},"properties":{"OBJECTID":46,"Name":"Ring 03","Descript":"","Type":"TRKPT","Shape_Length":0.0057302737809307265,"Field":0.56475176440066277}},{"type":"Feature","id":47,"geometry":{"type":"LineString","coordinates":[[4.5339380000000347,51.179235000000062],[4.5336850000000481,51.179370000000063],[4.5308410000000663,51.178213000000028],[4.5300210000000334,51.178091000000052],[4.5292660000000637,51.177957000000049],[4.5290730000000394,51.17788100000007],[4.5288460000000441,51.177817000000061],[4.5279850000000579,51.177478000000065],[4.5270630000000551,51.177117000000067],[4.5268890000000397,51.17700700000006],[4.5267980000000421,51.17697400000003],[4.5261610000000587,51.176734000000067],[4.5265000000000555,51.176296000000036],[4.5265390000000707,51.176246000000049],[4.5266150000000493,51.176135000000045],[4.5264270000000693,51.176090000000045],[4.5260310000000459,51.175992000000065],[4.5257440000000315,51.175921000000073],[4.5247600000000716,51.175655000000063],[4.5244290000000547,51.175518000000068],[4.5243030000000317,51.175415000000044],[4.5240900000000579,51.175256000000047],[4.5232910000000288,51.174873000000048],[4.5232300000000691,51.174824000000058],[4.5231360000000222,51.174811000000034],[4.5227850000000558,51.174629000000039],[4.5213580000000206,51.17399000000006],[4.5209120000000667,51.174374000000057],[4.5206600000000208,51.174253000000078],[4.5202550000000201,51.173914000000082],[4.5201800000000389,51.17390800000004],[4.5193520000000262,51.17384700000008],[4.5191080000000738,51.17381800000004],[4.5191490000000272,51.173736000000076],[4.5192370000000324,51.173008000000038],[4.519281000000035,51.172937000000047],[4.5193550000000755,51.17232400000006],[4.5194760000000542,51.172237000000052],[4.5194530000000555,51.172094000000072],[4.5195510000000354,51.17171600000006],[4.5194760000000542,51.17163800000003],[4.5196990000000596,51.170702000000063],[4.5199050000000511,51.169986000000051],[4.5194940000000656,51.169861000000026],[4.5196830000000432,51.169552000000067],[4.519593000000043,51.16936400000003],[4.5195040000000404,51.16904500000004],[4.5194440000000213,51.168401000000074],[4.5194940000000656,51.168053000000043],[4.5195580000000746,51.167858000000081],[4.5197070000000394,51.167410000000075],[4.5196400000000381,51.16722100000004],[4.518649000000039,51.166793000000041],[4.5185750000000553,51.166731000000027],[4.5187720000000695,51.166596000000027],[4.5189590000000521,51.166300000000035],[4.5189640000000395,51.166179000000056],[4.5187820000000443,51.165352000000041],[4.5186740000000327,51.165221000000031],[4.5186420000000567,51.165189000000055],[4.5169500000000653,51.165233000000057],[4.5161650000000577,51.165257000000054],[4.5152200000000562,51.165290000000027],[4.5152130000000739,51.164525000000026],[4.5152120000000764,51.163876000000073],[4.5152060000000347,51.163721000000066],[4.5152070000000322,51.163542000000064],[4.5151910000000726,51.162948000000029],[4.5151870000000258,51.162155000000041],[4.5143980000000283,51.162149000000056],[4.5133940000000621,51.162107000000049],[4.5119810000000484,51.162066000000038],[4.5103140000000508,51.16204300000004],[4.5101560000000518,51.162050000000079],[4.5090570000000412,51.16230500000006],[4.5087940000000231,51.162366000000077],[4.5078940000000216,51.162746000000027],[4.5076680000000238,51.162814000000026],[4.5073530000000233,51.162858000000028],[4.505717000000061,51.162932000000069],[4.5055890000000431,51.16278600000004],[4.5051040000000739,51.162352000000055],[4.505040000000065,51.162298000000078],[4.5049230000000762,51.162169000000063],[4.505168000000026,51.162069000000031],[4.5051070000000664,51.161987000000067],[4.5051880000000324,51.161682000000042],[4.5056190000000242,51.160000000000082],[4.5056800000000408,51.159951000000035],[4.5058480000000714,51.159199000000058],[4.5058350000000473,51.159152000000063],[4.5059830000000716,51.158540000000073],[4.5054400000000214,51.158395000000041],[4.5052900000000591,51.158356000000026],[4.5051920000000223,51.158284000000037],[4.5049710000000687,51.158227000000068],[4.5046100000000706,51.158141000000057],[4.5042550000000574,51.158092000000067],[4.504239000000041,51.15814400000005],[4.5042190000000346,51.158191000000045],[4.5040270000000646,51.158176000000026],[4.5039900000000443,51.158129000000031],[4.5035210000000347,51.158142000000055],[4.5012940000000299,51.158515000000079],[4.4985290000000759,51.157612000000029],[4.4985700000000293,51.157567000000029],[4.4954150000000368,51.15657600000003],[4.4942000000000348,51.156195000000082],[4.4941220000000612,51.156171000000029],[4.4922510000000671,51.155590000000075],[4.4921980000000303,51.155572000000063],[4.4899940000000242,51.154877000000056],[4.4898790000000304,51.154838000000041],[4.4871150000000739,51.153992000000073],[4.487096000000065,51.153986000000032],[4.485520000000065,51.15349400000008],[4.4826960000000327,51.152577000000065],[4.481454000000042,51.15224900000004],[4.4794250000000488,51.151819000000046],[4.4791820000000371,51.151769000000058]]},"properties":{"OBJECTID":47,"Name":"Ring 03","Descript":"","Type":"TRKPT","Shape_Length":0.076801933236726391,"Field":6.2735228772648428}},{"type":"Feature","id":48,"geometry":{"type":"LineString","coordinates":[[4.4803550000000314,51.151317000000063],[4.4802720000000704,51.15123200000005],[4.4797770000000696,51.151132000000075],[4.4797260000000279,51.151023000000066],[4.4797160000000531,51.150980000000061],[4.4800120000000447,51.150288000000046],[4.4800460000000726,51.15020700000008],[4.4799970000000258,51.150169000000062],[4.4801730000000362,51.149805000000072],[4.4803770000000327,51.149309000000073],[4.4793010000000208,51.149075000000039],[4.478240000000028,51.148844000000054],[4.4784620000000359,51.148460000000057],[4.4785290000000373,51.148338000000081],[4.4783200000000534,51.148294000000078],[4.4774550000000204,51.148107000000039],[4.4772900000000391,51.148052000000064],[4.4770660000000362,51.147962000000064],[4.4769830000000752,51.147926000000041],[4.4769130000000246,51.14799800000003],[4.476423000000068,51.147795000000031],[4.4763350000000628,51.147732000000076],[4.4761950000000752,51.147704000000033],[4.4752540000000636,51.147317000000044],[4.4753020000000561,51.147261000000071],[4.4754970000000753,51.147319000000039],[4.4751580000000217,51.147218000000066],[4.4749850000000606,51.147178000000054],[4.4754110000000651,51.146368000000052],[4.4758370000000696,51.145559000000048],[4.4761980000000676,51.145279000000073],[4.4763840000000528,51.145031000000074],[4.4757450000000745,51.144966000000068],[4.4752700000000232,51.144707000000039],[4.474926000000039,51.144585000000063],[4.4743780000000584,51.144482000000039],[4.473873000000026,51.144493000000068],[4.4737960000000498,51.144521000000054],[4.4737720000000536,51.144496000000061],[4.4737090000000421,51.144468000000074],[4.4730610000000297,51.144468000000074],[4.4730050000000574,51.144525000000044],[4.472735000000057,51.144531000000029],[4.4726120000000265,51.144532000000027],[4.4723770000000513,51.144512000000077],[4.472344000000021,51.14450400000004],[4.4722290000000271,51.144481000000042],[4.4712500000000546,51.144250000000056],[4.4711030000000278,51.144213000000036],[4.4705990000000497,51.144100000000037],[4.4704050000000279,51.144431000000054],[4.4693410000000426,51.146310000000028],[4.468447000000026,51.147869000000071],[4.4684160000000475,51.147995000000037],[4.4683200000000625,51.148040000000037],[4.4682340000000522,51.148063000000036],[4.4679910000000405,51.148061000000041],[4.4678080000000477,51.148049000000071],[4.4675400000000423,51.148030000000063],[4.4672400000000607,51.147922000000051],[4.4670780000000718,51.147908000000029],[4.4670540000000756,51.147880000000043],[4.4669660000000704,51.147819000000027],[4.4668250000000285,51.147794000000033],[4.4666990000000624,51.147807000000057],[4.4665840000000685,51.147648000000061],[4.4664850000000342,51.147583000000054],[4.4655970000000593,51.147038000000066],[4.4646830000000364,51.14645900000005],[4.4629320000000234,51.147089000000051],[4.4628380000000334,51.147123000000079],[4.4627510000000257,51.147158000000047],[4.4629240000000436,51.14730000000003],[4.4628510000000574,51.147330000000068],[4.4627670000000421,51.147360000000049],[4.4619380000000319,51.14765600000004],[4.4619120000000407,51.147751000000028],[4.4617720000000531,51.147914000000071],[4.4617400000000202,51.147906000000035],[4.4616400000000453,51.148047000000076],[4.4610230000000684,51.147894000000065],[4.460847000000058,51.14784300000008],[4.4607010000000287,51.147784000000058],[4.4605800000000499,51.147553000000073],[4.4605360000000474,51.147417000000075],[4.460484000000065,51.147361000000046],[4.45988600000004,51.147214000000076],[4.4598640000000387,51.147208000000035],[4.4601030000000605,51.146797000000049],[4.4601500000000556,51.146652000000074],[4.4601350000000366,51.146601000000032],[4.4600510000000213,51.146552000000042],[4.4598200000000361,51.14649600000007],[4.4598630000000412,51.146425000000079],[4.4598930000000223,51.146374000000037],[4.4599040000000514,51.146355000000028],[4.459570000000042,51.146266000000026],[4.4596010000000206,51.146216000000038],[4.4596140000000446,51.146195000000034],[4.4593390000000568,51.14612500000004],[4.4593310000000201,51.146138000000064],[4.4592940000000567,51.146196000000032],[4.4592830000000276,51.146212000000048],[4.4590220000000613,51.146148000000039],[4.4590330000000336,51.146131000000082],[4.4590710000000513,51.146072000000061],[4.4586740000000304,51.145960000000059],[4.4584620000000541,51.145930000000078],[4.4583770000000413,51.145925000000034],[4.4583560000000375,51.145924000000036],[4.4582180000000449,51.145808000000045],[4.4580490000000736,51.145754000000068],[4.4576530000000503,51.14571600000005],[4.4573370000000523,51.145594000000074],[4.456999000000053,51.145546000000081],[4.4569200000000251,51.145534000000055],[4.4560800000000427,51.145406000000037],[4.4553130000000465,51.145307000000059],[4.454964000000075,51.145373000000063],[4.4549420000000737,51.145460000000071],[4.4548790000000622,51.145407000000034],[4.4545990000000302,51.145444000000055],[4.4539420000000405,51.145380000000046],[4.4536060000000361,51.145381000000043],[4.4533150000000319,51.145445000000052],[4.4530620000000454,51.145271000000037],[4.4528510000000665,51.145244000000048],[4.452679000000046,51.145261000000062],[4.4522310000000402,51.145421000000056],[4.4521560000000591,51.145648000000051],[4.4522030000000541,51.145738000000051],[4.4521160000000464,51.145858000000032],[4.4519480000000726,51.146277000000055],[4.4508570000000418,51.146151000000032],[4.4506170000000225,51.14622600000007],[4.4504250000000525,51.146211000000051],[4.4499750000000518,51.146288000000027],[4.4502160000000686,51.146911000000046],[4.4499140000000352,51.146974000000057],[4.4492640000000279,51.147167000000081],[4.4490370000000325,51.147242000000062],[4.4490350000000376,51.147240000000068],[4.449416000000042,51.147724000000039],[4.4497970000000464,51.148208000000068],[4.4497930000000565,51.148263000000043],[4.4498040000000287,51.148299000000065],[4.4501110000000494,51.148696000000029],[4.449668000000031,51.148837000000071],[4.4496450000000323,51.148848000000044],[4.449429000000066,51.148916000000042],[4.4492410000000291,51.148975000000064],[4.4494770000000585,51.149267000000066],[4.4480990000000702,51.149726000000044],[4.4478540000000635,51.149745000000053],[4.4469510000000696,51.14975000000004],[4.4467650000000276,51.149752000000035],[4.4466970000000288,51.149790000000053],[4.4466940000000363,51.149710000000027],[4.44574300000005,51.149808000000064],[4.4449000000000751,51.149918000000071],[4.4444580000000542,51.149967000000061],[4.4441720000000373,51.149944000000062],[4.4416130000000749,51.149161000000049],[4.4420310000000427,51.147883000000036],[4.442038000000025,51.147863000000029],[4.4422420000000216,51.147846000000072],[4.4421990000000733,51.147829000000058],[4.4422190000000228,51.147754000000077],[4.4424570000000472,51.147306000000071],[4.4428620000000478,51.14637700000003],[4.4430740000000242,51.145804000000055],[4.4431820000000357,51.145758000000058],[4.4438780000000406,51.145853000000045],[4.4446210000000406,51.145918000000052],[4.4446300000000747,51.145906000000082],[4.4446340000000646,51.145869000000062],[4.4446360000000595,51.14585500000004],[4.4446540000000709,51.145789000000036],[4.4445570000000316,51.145780000000059],[4.4444440000000327,51.145722000000035],[4.4439970000000244,51.145721000000037],[4.4433880000000272,51.145645000000059],[4.4433880000000272,51.145646000000056],[4.4429740000000493,51.14561400000008],[4.442856000000063,51.145613000000026],[4.4427060000000438,51.145606000000043],[4.4427070000000413,51.145597000000066],[4.4423830000000635,51.145529000000067],[4.4421900000000392,51.145453000000032],[4.4420780000000377,51.145489000000055],[4.4417210000000296,51.145495000000039],[4.4416690000000472,51.145514000000048],[4.4415970000000584,51.145535000000052],[4.4414480000000367,51.145551000000069],[4.4409890000000587,51.145554000000061],[4.4409230000000548,51.14553200000006],[4.4405910000000404,51.145496000000037],[4.4404210000000717,51.145461000000068],[4.4402200000000676,51.145411000000081],[4.4400190000000634,51.145378000000051],[4.4399490000000696,51.145370000000071],[4.4397300000000541,51.145359000000042],[4.4396430000000464,51.145351000000062],[4.4395730000000526,51.145340000000033],[4.4394770000000676,51.145331000000056],[4.4393980000000397,51.145318000000032],[4.4392360000000508,51.145298000000082],[4.4390000000000214,51.145282000000066],[4.4389700000000403,51.145263000000057],[4.4388080000000514,51.145219000000054],[4.4386990000000424,51.14519400000006],[4.4385540000000674,51.145180000000039],[4.4383320000000595,51.145169000000067],[4.4381960000000618,51.145158000000038],[4.4379290000000537,51.145150000000058],[4.4375490000000468,51.145150000000058],[4.4373920000000453,51.145142000000078],[4.4373260000000414,51.145136000000036],[4.4372560000000476,51.145122000000072],[4.4371470000000386,51.145086000000049],[4.4370950000000562,51.145064000000048],[4.4369680000000358,51.145064000000048],[4.436789000000033,51.145053000000075],[4.4367540000000645,51.145053000000075],[4.4367230000000291,51.145040000000051],[4.436706000000072,51.145020000000045],[4.436706000000072,51.144919000000073],[4.4367270000000758,51.144853000000069],[4.4367670000000317,51.144784000000072],[4.4368150000000242,51.144715000000076],[4.4368630000000735,51.144677000000058],[4.4368800000000306,51.144591000000048],[4.4368800000000306,51.144514000000072],[4.436789000000033,51.144454000000053],[4.4367010000000278,51.144415000000038],[4.4365610000000402,51.144371000000035],[4.4364830000000666,51.144358000000068],[4.436439000000064,51.144338000000062],[4.4365150000000426,51.144339000000059],[4.4364130000000728,51.144325000000038],[4.4361490000000572,51.144296000000054],[4.4347620000000347,51.144116000000054],[4.4332690000000525,51.143940000000043],[4.4331280000000675,51.144215000000031],[4.4327700000000618,51.144393000000036],[4.4324870000000374,51.144446000000073],[4.4324170000000436,51.144236000000035],[4.4322240000000761,51.144088000000067],[4.4319800000000669,51.143703000000073],[4.4317420000000425,51.143632000000082],[4.4314330000000268,51.143456000000072],[4.4311590000000365,51.143223000000035],[4.4309740000000488,51.142969000000051],[4.4306980000000635,51.142909000000031],[4.4303250000000389,51.142717000000061],[4.4300950000000512,51.142661000000032],[4.4295960000000605,51.142671000000064],[4.4291760000000409,51.142754000000082],[4.428952000000038,51.14274000000006]]},"properties":{"OBJECTID":48,"Name":"Ring 03","Descript":"","Type":"TRKPT","Shape_Length":0.081807834427612025,"Field":6.6664805093443116}},{"type":"Feature","id":49,"geometry":{"type":"LineString","coordinates":[[4.428952000000038,51.14274000000006],[4.4290700000000243,51.142464000000075],[4.4293950000000564,51.142037000000073],[4.4301370000000588,51.141343000000063],[4.4310630000000515,51.140402000000051],[4.431803000000059,51.139714000000026],[4.4319620000000555,51.139335000000074],[4.4319380000000592,51.13917500000008],[4.4303870000000529,51.139346000000046],[4.4286410000000274,51.13954300000006],[4.4244750000000295,51.140000000000043],[4.4242990000000759,51.140019000000052],[4.4242570000000683,51.139930000000049],[4.4195020000000227,51.141215000000045],[4.4185540000000287,51.140000000000043],[4.4182400000000257,51.139598000000035],[4.4181950000000256,51.139541000000065],[4.417205000000024,51.138203000000033],[4.4172040000000266,51.138203000000033],[4.4170930000000226,51.138137000000029],[4.416810000000055,51.138208000000077],[4.4147440000000415,51.138454000000081],[4.4148020000000656,51.138408000000027],[4.4149680000000444,51.138124000000062],[4.4158680000000459,51.136984000000041],[4.4158870000000547,51.136778000000049],[4.4162640000000692,51.136286000000041],[4.4166760000000522,51.135925000000043],[4.4170090000000641,51.135692000000063],[4.4190280000000257,51.134314000000074],[4.4193200000000274,51.134179000000074],[4.4196050000000469,51.134091000000069],[4.4213890000000333,51.133538000000044],[4.4215450000000374,51.133455000000026],[4.4229570000000535,51.132297000000051],[4.4231640000000425,51.132117000000051],[4.4236350000000471,51.131709000000058],[4.4251330000000735,51.130412000000035],[4.4250820000000317,51.130393000000026],[4.4236040000000685,51.129857000000072],[4.4229170000000408,51.129550000000052],[4.4206770000000688,51.128450000000043],[4.4189520000000471,51.127603000000079],[4.4165710000000331,51.126543000000026],[4.4159100000000535,51.12628200000006],[4.4158440000000496,51.126345000000072],[4.415360000000021,51.126305000000059],[4.4143410000000358,51.126226000000031],[4.4142580000000748,51.126264000000049],[4.413910000000044,51.126332000000048],[4.4134140000000457,51.126392000000067],[4.4131940000000327,51.12646600000005],[4.412488000000053,51.126855000000035],[4.4120760000000701,51.127163000000053],[4.4119060000000445,51.127321000000052],[4.4114430000000766,51.128000000000043],[4.4110030000000506,51.128580000000056],[4.4106620000000589,51.129409000000066],[4.4105880000000752,51.129459000000054],[4.4104540000000725,51.129418000000044],[4.409968000000049,51.129130000000032],[4.4098540000000526,51.129133000000081],[4.4085570000000303,51.12981700000006],[4.4073810000000435,51.13032400000003],[4.4071790000000419,51.130393000000026],[4.4070560000000683,51.130388000000039],[4.4070250000000328,51.130396000000076],[4.4043960000000766,51.131131000000039],[4.4040000000000532,51.131242000000043],[4.4037870000000225,51.131304000000057],[4.403472000000022,51.131476000000077],[4.4028840000000287,51.131497000000081],[4.402460000000076,51.131555000000048],[4.402396000000067,51.131556000000046],[4.4023190000000341,51.131106000000045],[4.4010980000000473,51.131315000000029],[4.3999980000000392,51.131459000000063],[4.3998600000000465,51.131362000000081],[4.3979450000000497,51.131587000000081],[4.397083000000066,51.131689000000051],[4.396878000000072,51.131600000000049],[4.3966620000000489,51.13105500000006],[4.3965280000000462,51.131053000000065],[4.3955020000000218,51.131209000000069],[4.3955190000000357,51.131282000000056],[4.3939320000000635,51.131499000000076],[4.3939590000000521,51.131713000000047],[4.3939810000000534,51.131864000000064],[4.3939420000000382,51.131921000000034],[4.3926340000000437,51.132384000000059],[4.3915110000000368,51.132887000000039],[4.3910560000000487,51.133092000000033],[4.38969400000002,51.133702000000028],[4.3895390000000702,51.133815000000027],[4.3881480000000579,51.133477000000028],[4.3879930000000513,51.133434000000079],[4.3876630000000318,51.133245000000045],[4.3873440000000414,51.133444000000054],[4.3871420000000398,51.133570000000077],[4.3869970000000649,51.13356200000004],[4.3867460000000733,51.133428000000038],[4.3861850000000686,51.133114000000035],[4.3859420000000569,51.132999000000041],[4.3852660000000583,51.132618000000036],[4.3846310000000699,51.132262000000026],[4.3843110000000252,51.132096000000047],[4.383617000000072,51.131661000000065],[4.3822990000000459,51.130787000000055],[4.3815300000000548,51.130257000000029],[4.3816620000000626,51.130159000000049],[4.3819500000000744,51.12994400000008],[4.3828100000000632,51.129176000000029],[4.3831350000000384,51.128867000000071],[4.3835120000000529,51.128453000000036],[4.3824280000000613,51.127989000000071],[4.3832740000000285,51.127191000000039],[4.3832290000000285,51.12716800000004],[4.3830990000000725,51.126680000000079],[4.3828420000000392,51.126076000000069],[4.3828400000000443,51.126071000000081],[4.3828400000000443,51.126027000000079],[4.3828960000000734,51.125965000000065],[4.3832030000000373,51.125878000000057],[4.3832390000000601,51.125830000000065],[4.3832350000000702,51.125745000000052],[4.3829420000000709,51.124585000000081],[4.3828100000000632,51.124484000000052],[4.3825270000000387,51.124371000000053],[4.3824910000000727,51.124312000000032]]},"properties":{"OBJECTID":49,"Name":"Ring 03","Descript":"","Type":"TRKPT","Shape_Length":0.095287684980974036,"Field":7.8243617396006808}},{"type":"Feature","id":50,"geometry":{"type":"LineString","coordinates":[[4.3824910000000727,51.124312000000032],[4.3824200000000246,51.124299000000065],[4.3817780000000539,51.12424800000008],[4.3781520000000569,51.124194000000045],[4.3779360000000338,51.124199000000033],[4.37772300000006,51.124222000000032],[4.377490000000023,51.124249000000077],[4.3772400000000289,51.124278000000061],[4.376352000000054,51.124381000000028],[4.3757800000000202,51.124447000000032],[4.3755430000000501,51.12447300000008],[4.3748010000000477,51.124555000000043],[4.3747060000000602,51.124551000000054],[4.374520000000075,51.124516000000028],[4.3743380000000229,51.124486000000047],[4.3740190000000325,51.124459000000058],[4.3739100000000235,51.124459000000058],[4.3723510000000374,51.124454000000071],[4.3718080000000441,51.12439500000005],[4.3696180000000595,51.123819000000026],[4.3692770000000678,51.123716000000059],[4.3673890000000597,51.12322000000006],[4.3669770000000199,51.12308500000006],[4.3666800000000308,51.12296200000003],[4.366388000000029,51.122730000000047],[4.3660880000000475,51.122281000000044],[4.3657270000000494,51.121865000000071],[4.3656890000000317,51.121842000000072],[4.3655430000000592,51.121821000000068],[4.365760000000023,51.121623000000056],[4.3659650000000738,51.12100300000003],[4.3660860000000525,51.120482000000038],[4.3661060000000589,51.120167000000038],[4.3660640000000512,51.119903000000079],[4.3640180000000441,51.119676000000027],[4.3638950000000705,51.119642000000056],[4.361609000000044,51.119577000000049],[4.3616470000000618,51.119583000000034],[4.3614750000000413,51.119557000000043],[4.3609600000000341,51.119557000000043],[4.3600000000000705,51.119491000000039],[4.359768000000031,51.119476000000077],[4.3598060000000487,51.119338000000027],[4.3590630000000488,51.11918600000007],[4.3583190000000513,51.119035000000054],[4.3583160000000589,51.119040000000041],[4.3570160000000442,51.118780000000072],[4.3567060000000311,51.118719000000056],[4.3562660000000619,51.118719000000056],[4.3556120000000647,51.118793000000039],[4.3543990000000576,51.119029000000069],[4.353992000000062,51.119130000000041],[4.3535410000000638,51.119305000000054],[4.3533430000000521,51.119701000000077],[4.353268000000071,51.119991000000027],[4.3534080000000586,51.120334000000071],[4.3535360000000765,51.120482000000038],[4.3535730000000399,51.120618000000036],[4.3539590000000317,51.120645000000081],[4.3539380000000278,51.120854000000065],[4.3540530000000217,51.120955000000038],[4.3539670000000683,51.121773000000076],[4.35371200000003,51.122796000000051],[4.3535700000000475,51.122865000000047],[4.3528820000000223,51.122906000000057],[4.3526280000000384,51.122948000000065],[4.3523480000000632,51.123189000000082],[4.3521820000000275,51.123231000000033],[4.3517880000000559,51.123233000000027],[4.3516910000000735,51.123271000000045],[4.3516580000000431,51.123362000000043],[4.3516560000000482,51.123958000000073],[4.3516140000000405,51.124146000000053],[4.3513160000000539,51.124963000000037],[4.3525540000000547,51.125091000000054],[4.3560500000000388,51.125609000000054],[4.3563640000000419,51.125653000000057],[4.3568710000000692,51.125726000000043],[4.3568240000000742,51.126117000000079],[4.3567310000000248,51.126369000000068],[4.3562520000000404,51.127212000000043],[4.3561600000000453,51.127486000000033],[4.3561520000000655,51.127720000000068],[4.3562450000000581,51.128389000000027],[4.356309000000067,51.128577000000064],[4.3565990000000738,51.129116000000067],[4.3557680000000687,51.12897300000003],[4.3553200000000629,51.12967400000008],[4.3550280000000612,51.130071000000044],[4.3547020000000316,51.131132000000036],[4.3544550000000299,51.131840000000068],[4.3542290000000321,51.132197000000076],[4.3539550000000418,51.132403000000068],[4.3539230000000657,51.132548000000043],[4.3538530000000719,51.132673000000068],[4.3536570000000552,51.132806000000073],[4.3531650000000468,51.133232000000078],[4.3529930000000263,51.133297000000027],[4.3528480000000513,51.133273000000031],[4.3526390000000674,51.133091000000036],[4.3523860000000241,51.132922000000065],[4.3522080000000756,51.132905000000051],[4.3518810000000485,51.132980000000032],[4.3516980000000558,51.133044000000041],[4.3515800000000695,51.133148000000062],[4.3513920000000326,51.133182000000033],[4.3513320000000704,51.133094000000028],[4.351628000000062,51.132855000000063],[4.3516660000000229,51.13277000000005],[4.3515960000000291,51.132666000000029],[4.3513750000000755,51.132625000000075],[4.3512680000000614,51.132656000000054],[4.3509880000000294,51.13286800000003],[4.3508540000000266,51.132902000000058],[4.3507360000000403,51.13286800000003],[4.3506610000000592,51.132605000000069],[4.3505960000000528,51.132507000000032],[4.3504680000000349,51.132450000000063],[4.350161000000071,51.13241000000005],[4.3497420000000488,51.132474000000059],[4.3495380000000523,51.132474000000059],[4.3491990000000555,51.13227100000006],[4.3490160000000628,51.132302000000038],[4.3486990000000674,51.132565000000056],[4.3481830000000627,51.132727000000045],[4.3479570000000649,51.132858000000056],[4.3476080000000366,51.132878000000062],[4.3472070000000258,51.132757000000026],[4.3468880000000354,51.132563000000061],[4.3464010000000712,51.132404000000065],[4.3462540000000445,51.132372000000032],[4.3457330000000525,51.132385000000056],[4.3455980000000523,51.132363000000055],[4.342689000000064,51.131395000000055],[4.3422330000000215,51.131310000000042],[4.341681000000051,51.131196000000045],[4.3406080000000316,51.130884000000037],[4.3402230000000372,51.130858000000046],[4.3393920000000321,51.130899000000056],[4.3389540000000579,51.130889000000082],[4.3386660000000461,51.130788000000052],[4.3385880000000725,51.130761000000064],[4.3383370000000241,51.130805000000066],[4.33794400000005,51.130801000000076],[4.3367430000000695,51.13059700000008],[4.335847000000058,51.130362000000048],[4.3357600000000502,51.130440000000078],[4.3356730000000425,51.130534000000068],[4.335593000000074,51.130628000000058],[4.3355030000000738,51.130749000000037],[4.3354320000000257,51.130915000000073],[4.3354210000000535,51.130956000000026],[4.3349780000000351,51.130846000000076],[4.3344070000000556,51.13070300000004],[4.3341240000000312,51.12996000000004],[4.3340590000000248,51.129919000000029],[4.3335570000000416,51.129917000000034],[4.3332650000000399,51.129946000000075],[4.3325470000000337,51.129992000000072],[4.332266000000061,51.129984000000036],[4.3317510000000539,51.129816000000062],[4.3315080000000421,51.129759000000035],[4.3312380000000417,51.129793000000063],[4.3306530000000407,51.130022000000054],[4.3302920000000427,51.130060000000071],[4.3301700000000665,51.130100000000027],[4.3298750000000723,51.130102000000079],[4.3293160000000626,51.130026000000043],[4.3287920000000213,51.129951000000062],[4.3282540000000722,51.129955000000052],[4.32779000000005,51.130063000000064],[4.3270780000000286,51.130153000000064],[4.3268430000000535,51.130215000000078],[4.3259710000000382,51.130553000000077],[4.3259520000000293,51.130580000000066],[4.3260470000000737,51.130771000000038]]},"properties":{"OBJECTID":50,"Name":"Ring 03","Descript":"","Type":"TRKPT","Shape_Length":0.086480746661215538,"Field":6.927686537341299}},{"type":"Feature","id":51,"geometry":{"type":"LineString","coordinates":[[4.4114710000000628,51.165355000000034],[4.4113060000000246,51.165399000000036],[4.4105970000000525,51.165405000000078],[4.4104950000000258,51.165402000000029],[4.4104900000000384,51.165216000000044],[4.4100740000000656,51.165045000000077],[4.4099330000000236,51.16467300000005],[4.4098210000000222,51.164038000000062],[4.4096240000000648,51.163692000000026],[4.4094630000000734,51.163542000000064],[4.4092190000000642,51.16343100000006],[4.4085690000000568,51.163352000000032],[4.4070370000000594,51.163316000000066],[4.4069430000000693,51.16328800000008],[4.4068350000000578,51.163180000000068],[4.4067450000000576,51.163030000000049],[4.40656000000007,51.162890000000061],[4.4062790000000405,51.16272500000008],[4.4059760000000665,51.16264700000005],[4.4056850000000622,51.162626000000046],[4.405392000000063,51.162633000000028],[4.405080000000055,51.162696000000039],[4.4047870000000557,51.162784000000045],[4.4046740000000568,51.162881000000027],[4.4044150000000286,51.163137000000063],[4.4042500000000473,51.163248000000067],[4.403124000000048,51.163220000000081],[4.4025180000000432,51.163230000000055],[4.4020250000000374,51.163286000000028],[4.4018510000000219,51.163269000000071],[4.4015430000000606,51.163565000000062],[4.4014480000000731,51.163792000000058],[4.4011120000000687,51.163874000000078],[4.4011160000000586,51.164023000000043],[4.4011410000000524,51.164186000000029],[4.4004060000000322,51.163987000000077],[4.40039500000006,51.163909000000046],[4.3998780000000579,51.163776000000041],[4.3987460000000738,51.163475000000062],[4.3986860000000547,51.163488000000029],[4.3985820000000331,51.163467000000026],[4.398456000000067,51.163452000000063],[4.3983840000000214,51.163406000000066],[4.3955270000000723,51.163075000000049],[4.3942910000000666,51.162965000000042],[4.3940510000000472,51.162943000000041],[4.3925590000000625,51.16281900000007],[4.3925790000000688,51.162739000000045],[4.3924520000000484,51.16272900000007],[4.3922670000000608,51.162717000000043],[4.3914700000000266,51.162661000000071],[4.3913170000000719,51.162660000000074],[4.3911830000000691,51.162659000000076],[4.3904300000000376,51.162736000000052],[4.3893870000000561,51.162844000000064],[4.3892300000000546,51.162863000000073],[4.3881090000000427,51.162982000000056],[4.3878330000000574,51.163026000000059],[4.3878410000000372,51.163092000000063],[4.386993000000075,51.163152000000082],[4.3854950000000485,51.163245000000074],[4.3854370000000245,51.163294000000064],[4.3853270000000748,51.163306000000034],[4.3847070000000485,51.163373000000036],[4.3845930000000521,51.163387000000057],[4.3845060000000444,51.163359000000071],[4.3844810000000507,51.16328100000004],[4.3843280000000391,51.163318000000061],[4.3837780000000635,51.163449000000071],[4.383604000000048,51.163493000000074],[4.382880000000057,51.163687000000039],[4.382784000000072,51.163720000000069],[4.3828240000000278,51.163798000000043],[4.3825460000000476,51.163882000000058],[4.3822990000000459,51.164056000000073],[4.3821150000000557,51.164175000000057],[4.3816810000000714,51.16445200000004],[4.3815730000000599,51.164495000000045],[4.3813420000000747,51.16453400000006],[4.3811180000000718,51.164374000000066],[4.3810600000000477,51.164295000000038],[4.3810430000000338,51.164206000000036],[4.3810570000000553,51.16412100000008],[4.3812840000000506,51.163815000000056],[4.3812860000000455,51.163561000000072],[4.3812480000000278,51.163461000000041],[4.3811480000000529,51.163352000000032],[4.3809760000000324,51.163238000000035],[4.3807440000000497,51.16319100000004],[4.3805550000000721,51.163178000000073],[4.3785960000000728,51.163223000000073],[4.3780910000000404,51.162728000000072],[4.3778580000000602,51.162577000000056],[4.377693000000022,51.162527000000068],[4.3774140000000443,51.16250000000008],[4.3771670000000427,51.162519000000032],[4.3769830000000525,51.162563000000034],[4.3767880000000332,51.162655000000029],[4.3766160000000696,51.162806000000046],[4.3765540000000556,51.162937000000056],[4.3764620000000605,51.162923000000035],[4.3763910000000692,51.163004000000058],[4.3763330000000451,51.16299900000007],[4.3747060000000602,51.162726000000077],[4.3744290000000206,51.162696000000039],[4.3739700000000425,51.162709000000063],[4.3734660000000645,51.162660000000074],[4.3727640000000747,51.162541000000033],[4.3727970000000482,51.162465000000054],[4.3726070000000732,51.162416000000064],[4.3720930000000635,51.162171000000058],[4.3715660000000298,51.161880000000053],[4.3710720000000265,51.161731000000032],[4.3695180000000278,51.161397000000079],[4.3684010000000626,51.160961000000043],[4.3678980000000251,51.160762000000034],[4.3677160000000299,51.160694000000035],[4.3676680000000374,51.160743000000082],[4.367652000000021,51.16073700000004],[4.3675340000000347,51.160869000000048],[4.3672100000000569,51.161671000000069],[4.3670640000000276,51.162056000000064],[4.367020000000025,51.162171000000058],[4.36697300000003,51.162293000000034],[4.3667150000000561,51.163013000000035],[4.3664750000000367,51.163595000000043],[4.3661700000000678,51.16440300000005],[4.3659000000000674,51.165151000000037],[4.3655430000000592,51.166038000000071],[4.3647730000000706,51.167096000000072],[4.3652400000000284,51.167154000000039],[4.3654770000000553,51.167160000000081],[4.3656010000000265,51.167085000000043],[4.3656230000000278,51.166995000000043],[4.3657200000000671,51.166924000000051],[4.3659120000000371,51.166841000000034],[4.3660050000000297,51.166736000000071],[4.3661350000000425,51.166707000000031],[4.3665260000000217,51.166827000000069],[4.36673200000007,51.166847000000075],[4.3668720000000576,51.166817000000037],[4.3670380000000364,51.166856000000053],[4.3671130000000744,51.166958000000079],[4.3672650000000317,51.16703700000005],[4.3677220000000716,51.167188000000067],[4.3680730000000381,51.167224000000033],[4.3688000000000216,51.167204000000027],[4.3690160000000446,51.167080000000055],[4.3692160000000513,51.166671000000065],[4.3696030000000405,51.166983000000073],[4.3697610000000395,51.16727300000008],[4.3698640000000637,51.167782000000045],[4.3697810000000459,51.168178000000069],[4.3696620000000621,51.168456000000049],[4.3693340000000376,51.168949000000055],[4.3688680000000204,51.169386000000031],[4.3686940000000618,51.16940100000005],[4.3680920000000469,51.169306000000063],[4.3675470000000587,51.169267000000048],[4.3669140000000652,51.169088000000045],[4.3662220000000502,51.16904100000005],[4.3656610000000455,51.168910000000039],[4.3653560000000766,51.168731000000037],[4.3653680000000463,51.168493000000069],[4.365301000000045,51.168211000000042],[4.3648820000000228,51.168104000000028],[4.3645180000000323,51.168101000000036],[4.3640910000000304,51.168034000000034],[4.363565000000051,51.168647000000078],[4.3634240000000659,51.168858000000057],[4.3630730000000426,51.168790000000058],[4.3629610000000412,51.168715000000077],[4.362920000000031,51.168696000000068],[4.3628650000000562,51.168721000000062],[4.362811000000022,51.168744000000061],[4.3627310000000534,51.168766000000062],[4.3626240000000394,51.16880100000003],[4.3625440000000708,51.168827000000078],[4.3623050000000489,51.168539000000067],[4.3623580000000288,51.168447000000072],[4.362130000000036,51.168336000000068],[4.3619550000000231,51.168175000000076],[4.3610820000000672,51.167530000000056],[4.3608000000000402,51.167615000000069],[4.3605160000000751,51.167582000000039],[4.3601210000000492,51.16755900000004],[4.3600000000000705,51.167531000000054],[4.3598790000000349,51.167503000000067],[4.358914000000027,51.167059000000052],[4.358188000000041,51.166688000000079],[4.3573370000000295,51.166246000000058],[4.3556610000000546,51.165372000000048],[4.3548430000000735,51.164969000000042],[4.3544520000000375,51.164772000000028],[4.3539800000000355,51.164521000000036],[4.353680000000054,51.164487000000065]]},"properties":{"OBJECTID":51,"Name":"Ring 02","Descript":"","Type":"TRKPT","Shape_Length":0.082202933919947985,"Field":6.6370783316920292}},{"type":"Feature","id":52,"geometry":{"type":"LineString","coordinates":[[4.46422199400007,51.175464004000048],[4.4656589940000231,51.173922004000076],[4.4652799940000705,51.173771004000059],[4.4651959940000552,51.173729004000052],[4.4651439940000728,51.173688004000041],[4.4651239940000664,51.17356400400007],[4.4650799940000638,51.173423004000028],[4.464996994000046,51.173295004000067],[4.4648489940000218,51.173132004000081],[4.4647699940000507,51.173160004000067],[4.464509994000025,51.172984004000057],[4.4638599940000745,51.172715004000054],[4.462801994000074,51.172289004000049],[4.462801994000074,51.172288004000052],[4.4627539940000247,51.171631004000062],[4.4628939940000691,51.171613004000051],[4.4626699940000663,51.171353004000082],[4.4624239940000621,51.171215004000032],[4.4622849940000719,51.171170004000032],[4.4619489940000676,51.171117004000052],[4.4614249940000263,51.17111800400005],[4.461150994000036,51.171017004000078],[4.4610949940000637,51.170899004000034],[4.4606459940000605,51.170719004000034],[4.4604979940000362,51.170757004000052],[4.4604599940000753,51.170741004000035],[4.4603509940000663,51.170697004000033],[4.4602619940000636,51.170660004000069],[4.4595289940000384,51.170374004000053],[4.4592479940000658,51.170370004000063],[4.4591269940000302,51.170389004000072],[4.4591459940000391,51.17046500400005],[4.4590849940000226,51.170531004000054],[4.4589079940000715,51.17055100400006],[4.4588449940000601,51.170634004000078],[4.4585789940000495,51.170591004000073],[4.4583989940000492,51.17060000400005],[4.4581919940000603,51.170682004000071],[4.4580759940000689,51.170774004000066],[4.4576729940000632,51.171088004000069],[4.4569709940000735,51.171502004000047],[4.4567809940000416,51.171550004000039],[4.4560339940000517,51.172038004000058],[4.4559399940000617,51.172099004000074],[4.4558719940000628,51.172193004000064],[4.4558679940000729,51.172253004000027],[4.4558749940000553,51.172418004000065],[4.4559199940000553,51.172505004000072],[4.4559099940000237,51.172541004000038],[4.4558959940000591,51.17259200400008],[4.4557489940000323,51.172606004000045],[4.4564639940000461,51.173128004000034],[4.4571029940000244,51.173592004000056],[4.45731799400005,51.173751004000053],[4.4573239940000349,51.173834004000071],[4.4573149940000576,51.175353004000044],[4.457428994000054,51.175690004000046],[4.4572479940000562,51.17567000400004],[4.4570669940000585,51.175657004000072],[4.457052994000037,51.175717004000035],[4.4570439940000597,51.175772004000066],[4.4570299940000382,51.175818004000064],[4.454940994000026,51.175594004000061],[4.4549039940000625,51.175589004000074],[4.4546639940000432,51.175556004000043],[4.4543079940000325,51.175465004000046],[4.4542029940000702,51.175420004000046],[4.4539239940000357,51.175270004000026],[4.4535009940000236,51.175004004000073],[4.4533639940000285,51.174918004000062],[4.4532359940000674,51.174840004000032],[4.4531399940000256,51.174889004000079],[4.4529559940000354,51.174856004000048],[4.4527689940000528,51.174789004000047],[4.452647994000074,51.174672004000058],[4.4521859940000468,51.174406004000048],[4.4512959940000201,51.173980004000043],[4.451120994000064,51.173934004000046],[4.4506909940000696,51.173753004000048],[4.4504849940000213,51.173683004000054],[4.4502209940000625,51.173593004000054],[4.4500709940000434,51.173559004000026],[4.4500259940000433,51.173586004000072],[4.4497879940000757,51.173764004000077],[4.4496619940000528,51.173730004000049],[4.4497779940000441,51.173561004000078],[4.4497979940000505,51.173373004000041],[4.4497729940000568,51.173291004000077],[4.4495979940000439,51.173218004000034],[4.4491829940000684,51.173099004000051],[4.4485429940000358,51.172988004000047],[4.4482199940000555,51.172954004000076],[4.4475539940000317,51.17292700400003],[4.4468939940000496,51.172917004000055],[4.446157994000032,51.172906004000026],[4.4459089940000354,51.172855004000041],[4.445841994000034,51.172854004000044],[4.445743994000054,51.17283700400003],[4.4453669940000395,51.172790004000035],[4.4452239940000595,51.172793004000027],[4.4451429940000367,51.172795004000079],[4.4449629940000364,51.172871004000058],[4.4448739940000337,51.172877004000043],[4.4448059940000348,51.172875004000048],[4.4434429940000655,51.172924004000038],[4.4433809940000515,51.173073004000059],[4.4432969940000362,51.173168004000047],[4.4430929940000397,51.173188004000053],[4.4432969940000362,51.173168004000047],[4.4433809940000515,51.173073004000059],[4.4434429940000655,51.172924004000038],[4.4427659940000694,51.172926004000033],[4.4420019940000657,51.172943004000047],[4.4414629940000623,51.173049004000063],[4.4411409940000226,51.173070004000067],[4.4407399940000687,51.173079004000044],[4.4405629940000608,51.173288004000028],[4.4402999940000427,51.173334004000026],[4.4392529940000713,51.173409004000064],[4.4380439940000542,51.173529004000045],[4.4375519940000459,51.173547004000056],[4.4364069940000377,51.173706004000053],[4.4361309940000524,51.173719004000077],[4.4357459940000581,51.173632004000069],[4.4355589940000755,51.173657004000063],[4.4353199940000536,51.173653004000073],[4.4350479940000582,51.173553004000041],[4.4349239940000302,51.17353100400004],[4.4349039940000239,51.173504004000051],[4.4347499940000716,51.17351900400007],[4.4345979940000575,51.17353500400003],[4.4344329940000762,51.173513004000029],[4.4344019940000408,51.173427004000075],[4.4343649940000205,51.173141004000058],[4.4338879940000311,51.172504004000075],[4.4334119940000392,51.171868004000032],[4.4333819940000581,51.171827004000079],[4.4332219940000641,51.171613004000051],[4.432751994000057,51.170998004000069],[4.4326479940000354,51.170963004000043],[4.4326519940000253,51.170908004000069],[4.4326529940000228,51.170842004000065],[4.43242499400003,51.17084000400007],[4.4322469940000246,51.170831004000036],[4.4322549940000613,51.170719004000034],[4.4322989940000639,51.170688004000056],[4.432610994000072,51.170650004000038],[4.4337749940000322,51.169760004000068],[4.4340439940000351,51.169589004000045],[4.4349389940000492,51.169261004000077],[4.4350919940000608,51.169178004000059],[4.4355249940000476,51.169127004000075],[4.4372369940000453,51.169050004000042],[4.4375549940000383,51.168958004000046],[4.4376249940000321,51.168886004000058],[4.4380369940000719,51.166665004000038],[4.4380479940000441,51.166622004000033],[4.4380589940000732,51.166577004000033],[4.4379379940000376,51.166556004000029],[4.4376429940000435,51.166518004000068],[4.4367959940000219,51.166445004000082],[4.4365029940000227,51.166420004000031],[4.436330994000059,51.166360004000069],[4.436050994000027,51.16634500400005],[4.4355539940000313,51.166270004000069],[4.4353959940000323,51.166205004000062],[4.4348599940000213,51.166212004000045],[4.4346979940000324,51.166169004000039],[4.4344839940000611,51.165900004000036],[4.4344569940000724,51.165806004000046],[4.4344019940000408,51.16561000400003],[4.4338179940000373,51.165497004000031],[4.4335389940000596,51.165469004000045],[4.4333119940000643,51.165507004000062],[4.4330989940000336,51.165572004000069],[4.4328749940000307,51.16569600400004],[4.4326029940000353,51.165893004000054],[4.4324349940000616,51.165920004000043],[4.430859994000059,51.165757004000056],[4.4302629940000315,51.165718004000041],[4.4300969940000527,51.165728004000073],[4.4299399940000512,51.165772004000075],[4.4296269940000457,51.165919004000045],[4.4292549940000754,51.166264004000027],[4.429172994000055,51.166516004000073],[4.4291339940000398,51.166639004000046],[4.4290119940000636,51.166818004000049],[4.428843994000033,51.166845004000038],[4.4287599940000746,51.166982004000033],[4.4286909940000214,51.167008004000081],[4.4285979940000288,51.16727200400004],[4.4285339940000199,51.167454004000035],[4.4281939940000257,51.167228004000037],[4.4280299940000418,51.167201004000049],[4.4280019940000557,51.16727600400003],[4.4271839940000746,51.167157004000046],[4.4271029940000517,51.167143004000081],[4.4269739940000363,51.167161004000036],[4.4263959940000746,51.167072004000033],[4.4263499940000202,51.167091004000042],[4.4262519940000402,51.167075004000026],[4.4259679940000751,51.16703100400008],[4.4258719940000333,51.167015004000064],[4.4257729940000559,51.166967004000071],[4.4254299940000692,51.166892004000033],[4.4247829940000543,51.166823004000037],[4.4238089940000691,51.166716004000079],[4.4227539940000611,51.166618004000043],[4.4226029940000444,51.166600004000031],[4.4212979940000423,51.16629600400006],[4.4203289940000445,51.166065004000075],[4.4192709940000441,51.16581900400007],[4.4171649940000748,51.165717004000044],[4.4169719940000505,51.165731004000065],[4.4169369940000252,51.165759004000051],[4.4168449940000301,51.165771004000078],[4.4167649940000615,51.165720004000036],[4.4165269940000371,51.165682004000075],[4.4158779940000272,51.165645004000055],[4.4146109940000429,51.16559000400008],[4.4139689940000721,51.165558004000047],[4.4129909940000402,51.165502004000075],[4.4122579940000719,51.16546700400005]]},"properties":{"OBJECTID":52,"Name":"Ring 02","Descript":"","Type":"TRKPT","Shape_Length":0.084015008144014636,"Field":6.6943356601048372}},{"type":"Feature","id":53,"geometry":{"type":"LineString","coordinates":[[4.4122579940000719,51.16546700400005],[4.4122578050000243,51.165467043000035],[4.4116149940000469,51.165597004000062],[4.4114709940000694,51.165355004000048]]},"properties":{"OBJECTID":53,"Name":"Ring 02","Descript":"","Type":"TRKPT","Shape_Length":0.0009376124668441175,"Field":0.075992090684394775}},{"type":"Feature","id":54,"geometry":{"type":"LineString","coordinates":[[4.4656480000000442,51.180009000000041],[4.4651320000000396,51.179529000000059],[4.4648650000000316,51.179270000000031],[4.464505000000031,51.178963000000067],[4.4642080000000419,51.178739000000064],[4.4637050000000613,51.178401000000065],[4.4632940000000758,51.17817000000008],[4.4614350000000513,51.177225000000078],[4.4614370000000463,51.177223000000026],[4.461526000000049,51.177107000000035],[4.4622140000000741,51.176262000000065],[4.4626790000000369,51.175707000000045],[4.4633130000000278,51.175840000000051],[4.4633870000000684,51.175841000000048],[4.4634980000000724,51.175821000000042],[4.463986000000034,51.175690000000031],[4.4640410000000657,51.175647000000026],[4.4642010000000596,51.175487000000032],[4.4642220000000634,51.175464000000034]]},"properties":{"OBJECTID":54,"Name":"Ring 02","Descript":"","Type":"TRKPT","Shape_Length":0.0087145900202149178,"Field":0.74820228675083122}},{"type":"Feature","id":55,"geometry":{"type":"LineString","coordinates":[[4.4947500000000673,51.190094000000045],[4.4946410000000583,51.190064000000064],[4.4923750000000382,51.190377000000069],[4.4921920000000455,51.190402000000063],[4.4907920000000559,51.190487000000076],[4.4898410000000695,51.19041500000003],[4.4898810000000253,51.190294000000051],[4.4898710000000506,51.19018200000005],[4.4898280000000454,51.19009200000005],[4.489731000000063,51.190007000000037],[4.4895350000000462,51.189867000000049],[4.4894900000000462,51.189719000000082],[4.4895800000000463,51.188637000000028],[4.48960500000004,51.188617000000079],[4.4898760000000379,51.188619000000074],[4.4898910000000569,51.187832000000071],[4.4895800000000463,51.187915000000032],[4.4882350000000315,51.188496000000043],[4.4881880000000365,51.188676000000044],[4.4869880000000535,51.188671000000056],[4.4863960000000702,51.18865100000005],[4.4863290000000688,51.188629000000049],[4.4861300000000597,51.188619000000074],[4.4855910000000563,51.188624000000061],[4.4854960000000688,51.188627000000054],[4.4855520000000411,51.188523000000032],[4.4854400000000396,51.187291000000073],[4.4854290000000674,51.187092000000064],[4.4853200000000584,51.186807000000044],[4.4852760000000558,51.18669200000005],[4.4851460000000429,51.185358000000065],[4.4851350000000707,51.185160000000053],[4.4850980000000504,51.184513000000038],[4.4851460000000429,51.184325000000058],[4.4850630000000251,51.184289000000035],[4.4842370000000642,51.184323000000063],[4.4841600000000312,51.184344000000067],[4.4835940000000392,51.184359000000029],[4.4834140000000389,51.184408000000076],[4.4821430000000646,51.184063000000037],[4.4818580000000452,51.183990000000051],[4.4816150000000334,51.18386600000008],[4.4812140000000227,51.183600000000069],[4.4807360000000358,51.183196000000066],[4.4805040000000531,51.183116000000041],[4.4802800000000502,51.183070000000043],[4.4801440000000525,51.183054000000027],[4.4795210000000338,51.183062000000064],[4.4790290000000255,51.183138000000042],[4.4779580000000578,51.183546000000035],[4.476773000000037,51.18396400000006],[4.4766030000000683,51.184068000000082],[4.4765020000000391,51.184190000000058],[4.4763840000000528,51.184355000000039],[4.4763560000000666,51.184492000000034],[4.4765890000000468,51.185018000000071],[4.4763210000000413,51.185084000000074],[4.4762850000000753,51.18502600000005],[4.476252000000045,51.185035000000028],[4.4761950000000752,51.185049000000049],[4.476079000000027,51.185029000000043],[4.4758850000000621,51.184867000000054],[4.4745320000000675,51.183912000000078],[4.4747510000000261,51.183785000000057],[4.4753290000000447,51.183449000000053],[4.4744750000000408,51.182628000000079],[4.4743990000000622,51.182556000000034],[4.4742590000000746,51.182472000000075],[4.4736820000000534,51.182223000000079],[4.4729520000000207,51.181957000000068],[4.4729590000000599,51.181930000000079],[4.4727710000000229,51.181928000000028],[4.4725230000000238,51.182026000000064],[4.4723150000000373,51.182000000000073],[4.4721240000000648,51.181903000000034],[4.4719170000000759,51.181910000000073],[4.4717990000000327,51.181954000000076],[4.4716420000000312,51.182092000000068],[4.4714220000000751,51.182176000000027],[4.4713250000000357,51.18225300000006],[4.4711700000000292,51.182297000000062],[4.4710620000000745,51.182287000000031],[4.4709550000000604,51.182277000000056],[4.4704620000000546,51.182142000000056],[4.4702520000000732,51.182015000000035],[4.4701990000000364,51.181944000000044],[4.4701880000000642,51.181712000000061],[4.4700480000000766,51.181574000000069],[4.470038000000045,51.18151400000005],[4.4700540000000615,51.181433000000027],[4.4701290000000427,51.181359000000043],[4.4701130000000262,51.181285000000059],[4.4700230000000261,51.181208000000026],[4.4699630000000639,51.181157000000042],[4.4699360000000752,51.181060000000059],[4.4699840000000677,51.180969000000061],[4.4698540000000548,51.180797000000041],[4.4697910000000434,51.180822000000035],[4.4681400000000622,51.181745000000035],[4.4680150000000367,51.18187800000004],[4.4678980000000479,51.181881000000033],[4.4677890000000389,51.18192300000004],[4.4677890000000389,51.18192300000004],[4.4675830000000474,51.181737000000055],[4.4673700000000736,51.181609000000037],[4.4672950000000355,51.181548000000078],[4.4660350000000335,51.180367000000047],[4.4659610000000498,51.18030200000004],[4.4656480000000442,51.180009000000041]]},"properties":{"OBJECTID":55,"Name":"Ring 02","Descript":"","Type":"TRKPT","Shape_Length":0.043061014233557224,"Field":3.6428031727621057}},{"type":"Feature","id":56,"geometry":{"type":"LineString","coordinates":[[4.4957810000000222,51.217313000000047],[4.4956480000000738,51.21697400000005],[4.4955090000000268,51.216450000000066],[4.4954590000000394,51.216265000000078],[4.4954040000000646,51.216151000000082],[4.4950180000000728,51.215356000000043],[4.4951500000000237,51.215333000000044],[4.4952890000000707,51.21530400000006],[4.4952590000000328,51.215237000000059],[4.4952290000000517,51.215164000000073],[4.4952680000000669,51.215159000000028],[4.4955250000000433,51.215109000000041],[4.4957130000000234,51.215028000000075],[4.495928000000049,51.214786000000061],[4.4960830000000556,51.21414500000003],[4.4961230000000683,51.213979000000052],[4.4961830000000305,51.213862000000063],[4.4964570000000208,51.213399000000038],[4.4964920000000461,51.213275000000067],[4.4964630000000625,51.21299700000003],[4.496368000000075,51.212612000000036],[4.4963940000000662,51.212542000000042],[4.4965440000000285,51.212462000000073],[4.4976280000000202,51.212131000000056],[4.4979610000000321,51.211993000000064],[4.4980800000000727,51.211933000000045],[4.4982780000000275,51.21182600000003],[4.4984000000000606,51.211867000000041],[4.4985220000000368,51.211869000000036],[4.4984000000000606,51.211867000000041],[4.4982780000000275,51.21182600000003],[4.498390000000029,51.211757000000034],[4.4991670000000568,51.211307000000033],[4.4991820000000757,51.211296000000061],[4.4991680000000542,51.211264000000028],[4.4992290000000708,51.211185000000057],[4.4997370000000387,51.210883000000081],[4.499774000000059,51.210861000000079],[4.4998600000000692,51.210751000000073],[4.4998020000000452,51.21061300000008],[4.4998600000000692,51.210556000000054],[4.4999310000000605,51.210511000000054],[4.5000150000000758,51.210467000000051],[4.5000640000000658,51.210439000000065],[4.5000290000000405,51.210415000000069],[4.4999600000000441,51.210370000000069],[4.4996790000000715,51.210192000000063],[4.4992350000000556,51.210043000000042],[4.4989490000000387,51.206445000000031],[4.4980920000000424,51.206203000000073],[4.4979840000000308,51.206152000000031],[4.4979560000000447,51.206039000000033],[4.4982340000000249,51.205603000000053],[4.4982270000000426,51.205559000000051],[4.4981520000000614,51.205509000000063],[4.498025000000041,51.205508000000066],[4.49646400000006,51.20584800000006],[4.4961520000000519,51.205883000000028],[4.495941000000073,51.205838000000028],[4.4957300000000373,51.205569000000025],[4.4954170000000317,51.205649000000051],[4.4949250000000234,51.20572100000004],[4.4948230000000535,51.205610000000036],[4.4955040000000395,51.205557000000056],[4.4961230000000683,51.205366000000026],[4.4971660000000497,51.205128000000059],[4.4971680000000447,51.20510900000005],[4.4971470000000409,51.204885000000047],[4.4967610000000491,51.204829000000075],[4.4966850000000704,51.204742000000067],[4.4973400000000652,51.204462000000035],[4.4974650000000338,51.204385000000059],[4.4975870000000668,51.204242000000079],[4.4976160000000505,51.204097000000047],[4.4975800000000277,51.203936000000056],[4.4969790000000671,51.20270400000004],[4.4969840000000545,51.20265100000006],[4.4970380000000318,51.20259800000008],[4.497361000000069,51.202414000000033],[4.4976600000000531,51.202195000000074],[4.4977410000000759,51.20200600000004],[4.4977410000000759,51.201903000000073],[4.4976630000000455,51.201703000000066],[4.4975710000000504,51.201602000000037],[4.4974520000000666,51.201516000000026],[4.4972300000000587,51.201431000000071],[4.496462000000065,51.201381000000026],[4.4962720000000331,51.201293000000078],[4.495599000000027,51.200005000000033],[4.4955410000000597,51.199926000000062],[4.4952420000000757,51.199733000000037],[4.4950690000000577,51.199696000000074],[4.4947720000000686,51.199704000000054],[4.4943530000000464,51.199788000000069],[4.4940270000000737,51.199896000000081],[4.4937860000000569,51.199944000000073],[4.4935540000000742,51.199956000000043],[4.4930810000000747,51.199896000000081],[4.4923670000000584,51.199739000000079],[4.4920380000000364,51.199751000000049],[4.4919920000000388,51.199604000000079],[4.4929590000000417,51.199448000000075],[4.4949770000000626,51.19912800000003],[4.4951620000000503,51.199137000000064],[4.4956890000000271,51.199247000000071],[4.4959870000000706,51.199337000000071],[4.4960640000000467,51.199250000000063],[4.496099000000072,51.199143000000049],[4.4960810000000606,51.198749000000078],[4.4960340000000656,51.198679000000027],[4.4960330000000681,51.198503000000073],[4.496148000000062,51.198120000000074],[4.4962070000000267,51.198060000000055],[4.4963750000000573,51.197604000000069],[4.4963500000000636,51.197539000000063],[4.4965340000000538,51.197013000000027],[4.496496000000036,51.196971000000076],[4.4964420000000587,51.196911000000057],[4.4963780000000497,51.196856000000082],[4.4963100000000509,51.196786000000031],[4.4965950000000703,51.196675000000027],[4.4981260000000702,51.196182000000078],[4.4981740000000627,51.196256000000062],[4.4982220000000552,51.196316000000081],[4.4981740000000627,51.196256000000062],[4.4981260000000702,51.196182000000078],[4.4980180000000587,51.195217000000071],[4.497965000000022,51.194480000000055],[4.4977280000000519,51.191741000000036],[4.4967050000000199,51.191752000000065],[4.496400000000051,51.191116000000079],[4.4963580000000434,51.19109700000007],[4.4962070000000267,51.19110100000006],[4.4951350000000616,51.191261000000054],[4.4949490000000765,51.190906000000041],[4.4947290000000635,51.190148000000079],[4.4947500000000673,51.190094000000045]]},"properties":{"OBJECTID":56,"Name":"Ring 02","Descript":"","Type":"TRKPT","Shape_Length":0.052487437386061951,"Field":4.6967611987071667}},{"type":"Feature","id":57,"geometry":{"type":"LineString","coordinates":[[4.485789000000068,51.244097000000068],[4.4856020000000285,51.243922000000055],[4.485584000000074,51.243864000000031],[4.4857300000000464,51.243193000000076],[4.4858940000000302,51.242455000000064],[4.4861690000000749,51.241199000000051],[4.4864470000000551,51.240059000000031],[4.4867290000000253,51.23885000000007],[4.4871580000000222,51.237654000000077],[4.4875770000000443,51.236821000000077],[4.4877870000000257,51.236557000000062],[4.4879700000000753,51.236418000000072],[4.4879740000000652,51.23636300000004],[4.487982000000045,51.236289000000056],[4.4879910000000223,51.236172000000067],[4.4879990000000589,51.236121000000026],[4.4879960000000665,51.236066000000051],[4.488187000000039,51.235321000000056],[4.4881470000000263,51.235162000000059],[4.4881230000000301,51.235055000000045],[4.4883120000000645,51.235075000000052],[4.4885740000000283,51.23524400000008],[4.4887490000000412,51.235015000000033],[4.4886670000000208,51.234975000000077],[4.48891500000002,51.234722000000033],[4.4884580000000369,51.234472000000039],[4.4871330000000285,51.233747000000051],[4.4861800000000471,51.233547000000044],[4.4861810000000446,51.233547000000044],[4.4859930000000645,51.23348500000003],[4.4859070000000543,51.233427000000063],[4.4858670000000416,51.233372000000031],[4.4858550000000719,51.233322000000044],[4.4858580000000643,51.233209000000045],[4.4859150000000341,51.232924000000025],[4.4859150000000341,51.23287700000003],[4.4859340000000429,51.23282800000004],[4.4860030000000393,51.232699000000082],[4.4860180000000582,51.232610000000079],[4.4858690000000365,51.232598000000053],[4.4857380000000262,51.231836000000044],[4.4856070000000727,51.231075000000033],[4.4853740000000357,51.23023500000005],[4.4852900000000204,51.229934000000071],[4.4852660000000242,51.229687000000069],[4.4858940000000302,51.228858000000059],[4.4868070000000557,51.228864000000044],[4.48724100000004,51.22894000000008],[4.4875650000000746,51.229098000000079],[4.4876380000000609,51.229198000000054],[4.4879320000000575,51.22934500000008],[4.4890160000000492,51.22981800000008],[4.4894380000000638,51.229573000000073],[4.4896810000000755,51.229502000000082],[4.4909280000000535,51.229619000000071],[4.4922250000000759,51.229622000000063],[4.492362000000071,51.229522000000031],[4.4926380000000563,51.229321000000027],[4.4929460000000745,51.227860000000078],[4.4931080000000634,51.22755600000005],[4.4930870000000596,51.227212000000065],[4.4905620000000681,51.226954000000035],[4.4896770000000288,51.226890000000026],[4.4908100000000672,51.224321000000032],[4.4917860000000474,51.221984000000077],[4.4918330000000424,51.221871000000078],[4.4920570000000453,51.221916000000078],[4.4920830000000365,51.221861000000047],[4.4921260000000416,51.221783000000073],[4.4921710000000417,51.221709000000033],[4.4922100000000569,51.221655000000055],[4.4921550000000252,51.221644000000026],[4.4918400000000247,51.221579000000077],[4.4918780000000424,51.221552000000031],[4.4919810000000666,51.221328000000028],[4.492349000000047,51.221149000000082],[4.4928810000000681,51.220534000000043],[4.4929340000000479,51.220520000000079],[4.4934050000000525,51.21999900000003],[4.4937010000000441,51.219673000000057],[4.4950800000000299,51.218028000000061]]},"properties":{"OBJECTID":57,"Name":"Ring 02","Descript":"","Type":"TRKPT","Shape_Length":0.043186764655602145,"Field":4.0604030828155206}},{"type":"Feature","id":58,"geometry":{"type":"LineString","coordinates":[[4.4601340000000391,51.265610000000038],[4.4602110000000721,51.265379000000053],[4.4602880000000482,51.264761000000078],[4.4603310000000533,51.264659000000051],[4.4604250000000434,51.264552000000037],[4.4606230000000551,51.264455000000055],[4.4622610000000691,51.263863000000072],[4.4623820000000478,51.263768000000027],[4.4624680000000581,51.263509000000056],[4.4623820000000478,51.263376000000051],[4.4622020000000475,51.26324100000005],[4.4612750000000574,51.262774000000036],[4.4611810000000673,51.262667000000079],[4.461208000000056,51.262477000000047],[4.4611620000000585,51.261560000000031],[4.4611150000000634,51.261396000000047],[4.4609620000000518,51.261247000000026],[4.4606630000000678,51.26106800000008],[4.4604510000000346,51.260637000000031],[4.461853000000076,51.260326000000077],[4.4619590000000358,51.260300000000029],[4.4628500000000599,51.260103000000072],[4.4630630000000338,51.259990000000073],[4.4633120000000304,51.259839000000056],[4.4633630000000721,51.259840000000054],[4.4634790000000635,51.259883000000059],[4.4635390000000257,51.259836000000064],[4.4637520000000563,51.259777000000042],[4.4641030000000228,51.259719000000075],[4.4642050000000495,51.259695000000079],[4.4642390000000205,51.259668000000033],[4.4642840000000206,51.259640000000047],[4.4644350000000372,51.259735000000035],[4.4651460000000611,51.259833000000071],[4.4651930000000561,51.259700000000066],[4.4651560000000359,51.259574000000043],[4.465163000000075,51.259511000000032],[4.4651250000000573,51.259455000000059],[4.4650130000000559,51.259329000000037],[4.4648890000000279,51.259205000000065],[4.464772000000039,51.259085000000027],[4.46466300000003,51.258958000000064],[4.4645410000000538,51.258820000000071],[4.4644990000000462,51.258777000000066],[4.4644180000000233,51.258687000000066],[4.4642990000000395,51.258564000000035],[4.4641980000000672,51.258440000000064],[4.4641680000000292,51.258411000000081],[4.4641120000000569,51.258315000000039],[4.4639930000000732,51.258187000000078],[4.463877000000025,51.258061000000055],[4.4637750000000551,51.257950000000051],[4.463717000000031,51.257880000000057],[4.4636730000000284,51.25782600000008],[4.4635430000000724,51.257699000000059],[4.4634210000000394,51.257570000000044],[4.4633640000000696,51.257507000000032],[4.4633090000000379,51.257446000000073],[4.4632280000000719,51.257358000000067],[4.4631950000000415,51.257323000000042],[4.4636630000000537,51.257144000000039],[4.4637220000000752,51.257126000000028],[4.464253000000042,51.256931000000066],[4.4642360000000281,51.256759000000045],[4.4643740000000207,51.256271000000027],[4.4643240000000333,51.25609600000007],[4.4641800000000558,51.255979000000082],[4.4635210000000711,51.255802000000074],[4.463764000000026,51.255180000000053],[4.4638680000000477,51.255089000000055],[4.4644170000000258,51.254873000000032],[4.4644660000000727,51.254827000000034],[4.4644310000000473,51.254784000000029],[4.4644060000000536,51.254754000000048],[4.4643230000000358,51.254656000000068],[4.4642880000000673,51.254617000000053],[4.4637910000000716,51.254053000000056],[4.4637520000000563,51.253890000000069],[4.4633170000000746,51.253399000000059],[4.4632420000000366,51.253301000000079],[4.4635900000000674,51.253128000000061],[4.4640240000000517,51.25287000000003],[4.4644780000000424,51.252522000000056],[4.4646860000000288,51.252375000000029],[4.4647070000000326,51.252353000000028],[4.4649500000000444,51.25206600000007],[4.4657840000000419,51.250787000000059],[4.4661550000000716,51.250206000000048],[4.46623900000003,51.25004000000007],[4.4663310000000251,51.249895000000038],[4.4664050000000657,51.249749000000065],[4.4668800000000601,51.248939000000064],[4.4682870000000321,51.246633000000031],[4.4684220000000323,51.24641100000008],[4.4689780000000496,51.245553000000029],[4.4690860000000612,51.245504000000039],[4.4692570000000273,51.245426000000066],[4.4695380000000569,51.245445000000075],[4.4696840000000293,51.245458000000042],[4.469880000000046,51.24549200000007],[4.4711870000000431,51.245719000000065],[4.4716050000000678,51.245767000000058],[4.4723680000000741,51.245796000000041],[4.4736380000000509,51.245900000000063],[4.4750470000000746,51.246095000000082],[4.4753880000000663,51.246148000000062],[4.4760010000000534,51.246300000000076],[4.4763040000000274,51.246125000000063],[4.480000000000075,51.244469000000038],[4.483079000000032,51.243089000000055],[4.48310900000007,51.242999000000054],[4.483284000000026,51.243022000000053],[4.4833690000000388,51.243074000000036],[4.4844580000000747,51.244598000000053],[4.4845290000000659,51.244703000000072],[4.4849790000000667,51.244537000000037],[4.485789000000068,51.244097000000068]]},"properties":{"OBJECTID":58,"Name":"Ring 02","Descript":"","Type":"TRKPT","Shape_Length":0.050340083555204279,"Field":4.3574360493300164}},{"type":"Feature","id":59,"geometry":{"type":"LineString","coordinates":[[4.4270690000000741,51.260869000000071],[4.4270030000000702,51.260858000000042],[4.4269290000000296,51.260749000000033],[4.4268390000000295,51.260781000000065],[4.4267660000000433,51.26088500000003],[4.4266150000000266,51.260798000000079],[4.426477000000034,51.260785000000055],[4.4255960000000414,51.260855000000049],[4.424645000000055,51.260861000000034],[4.4245660000000271,51.260862000000031],[4.4245700000000738,51.260743000000048],[4.4252730000000611,51.260717000000056],[4.4253470000000448,51.260692000000063],[4.4261680000000752,51.260612000000037],[4.4268860000000245,51.260500000000036],[4.4280580000000214,51.260261000000071],[4.4289870000000633,51.259988000000078],[4.429390000000069,51.259842000000049],[4.4302050000000577,51.259512000000029],[4.4308040000000233,51.259210000000053],[4.4312740000000304,51.25893700000006],[4.4319000000000415,51.258519000000035],[4.4326520000000755,51.257939000000079],[4.4328170000000569,51.257983000000081],[4.4329420000000255,51.257967000000065],[4.4331210000000283,51.258015000000057],[4.4341730000000439,51.258520000000033],[4.4351250000000277,51.258981000000063],[4.4346530000000257,51.259376000000032],[4.4349190000000362,51.259499000000062],[4.4350220000000604,51.259520000000066],[4.4360490000000254,51.259534000000031],[4.4383020000000215,51.259563000000071],[4.4383510000000683,51.260454000000038],[4.4383470000000216,51.260572000000082],[4.4383380000000443,51.26064400000007],[4.4383210000000304,51.260676000000046],[4.4386640000000739,51.260906000000034],[4.4387060000000247,51.261047000000076],[4.4386720000000537,51.261279000000059],[4.4387390000000551,51.261373000000049],[4.4394790000000626,51.261633000000074],[4.4396310000000199,51.261708000000056],[4.4398770000000241,51.261851000000036],[4.4401520000000687,51.262104000000079],[4.4409550000000309,51.262397000000078],[4.4422670000000721,51.26292600000005],[4.4426720000000728,51.26305300000007],[4.4438530000000469,51.263336000000038],[4.444056000000046,51.263357000000042],[4.4443640000000642,51.263309000000049],[4.4457200000000512,51.262978000000032],[4.4463410000000749,51.262723000000051],[4.4467270000000667,51.263423000000046],[4.4467920000000731,51.263550000000066],[4.4478100000000609,51.263338000000033],[4.4478840000000446,51.263323000000071],[4.4493830000000685,51.263010000000065],[4.4501630000000318,51.262819000000036],[4.4514530000000718,51.26246400000008],[4.4515850000000228,51.26240800000005],[4.4517220000000748,51.262581000000068],[4.4522530000000415,51.26356700000008],[4.4523520000000758,51.263635000000079],[4.4526550000000498,51.263736000000051],[4.4528490000000716,51.263885000000073],[4.452946000000054,51.264015000000029],[4.4531300000000442,51.264267000000075],[4.4531900000000633,51.264358000000072],[4.4533440000000724,51.26432600000004],[4.4535420000000272,51.264428000000066],[4.4549400000000219,51.264904000000058],[4.4551040000000626,51.264981000000034],[4.455470000000048,51.265982000000065],[4.4556700000000546,51.266093000000069],[4.455833000000041,51.266141000000061],[4.4560650000000237,51.26613100000003],[4.4578680000000759,51.265454000000034],[4.4582020000000284,51.265406000000041],[4.4594380000000342,51.265766000000042],[4.459713000000022,51.265771000000029],[4.4599280000000476,51.265723000000037],[4.4601340000000391,51.265610000000038]]},"properties":{"OBJECTID":59,"Name":"Ring 02","Descript":"","Type":"TRKPT","Shape_Length":0.045119169588671945,"Field":3.5714894658230283}},{"type":"Feature","id":60,"geometry":{"type":"LineString","coordinates":[[4.3958715440000447,51.222605787000077],[4.3962104600000202,51.222357626000075],[4.3968400000000543,51.222188000000074],[4.3968400000000543,51.222188000000074],[4.3969220000000746,51.222335000000044],[4.3971090000000572,51.222624000000053],[4.3970220000000495,51.222797000000071],[4.3969110000000455,51.222838000000081],[4.3969510000000582,51.222902000000033],[4.3971150000000421,51.223165000000051],[4.3980220000000259,51.224566000000038],[4.3981930000000489,51.224889000000076],[4.3989410000000362,51.226086000000066],[4.3991570000000593,51.226433000000043],[4.3994070000000534,51.226476000000048],[4.3996370000000411,51.22681300000005],[4.3998020000000224,51.227011000000061],[4.399910000000034,51.227089000000035],[4.4000920000000292,51.227249000000029],[4.4003710000000638,51.227741000000037],[4.4002120000000673,51.227955000000065],[4.4002970000000232,51.228093000000058],[4.4005580000000464,51.228365000000053],[4.4006560000000263,51.228412000000048],[4.4009210000000394,51.228481000000045],[4.4016620000000444,51.22852800000004],[4.4016300000000683,51.22893700000003],[4.4012500000000614,51.228926000000058],[4.401012000000037,51.228953000000047],[4.4008810000000267,51.228979000000038],[4.4007850000000417,51.229058000000066],[4.4011880000000474,51.229858000000036],[4.401546000000053,51.230964000000029],[4.4017710000000534,51.231112000000053],[4.4018170000000509,51.23107600000003],[4.4019590000000335,51.231040000000064],[4.4025240000000281,51.231006000000036],[4.4025590000000534,51.231000000000051],[4.4026100000000383,51.231098000000031],[4.4027340000000663,51.231376000000068],[4.4029220000000464,51.231376000000068],[4.4031150000000707,51.231375000000071],[4.4039720000000671,51.231372000000079],[4.4041830000000459,51.231373000000076],[4.4050910000000272,51.231376000000068],[4.4059190000000399,51.231378000000063],[4.4061210000000415,51.231379000000061],[4.4066890000000285,51.231315000000052],[4.4070210000000429,51.231314000000054],[4.4073060000000623,51.231314000000054],[4.4076630000000705,51.231291000000056],[4.4082040000000688,51.231165000000033],[4.4084170000000427,51.231111000000055],[4.4089560000000461,51.231108000000063],[4.4089990000000512,51.231108000000063],[4.4090730000000349,51.23110900000006],[4.409163000000035,51.231123000000082],[4.4094060000000468,51.231111000000055],[4.4095710000000281,51.23110900000006],[4.4099370000000704,51.23110900000006],[4.4100370000000453,51.231092000000046],[4.4107170000000337,51.231093000000044],[4.4110640000000672,51.231092000000046],[4.4112040000000547,51.231092000000046],[4.4129240000000323,51.231095000000039],[4.4130190000000766,51.231124000000079],[4.4131380000000604,51.231221000000062],[4.4134630000000357,51.231526000000031],[4.4136240000000271,51.23162300000007],[4.4138520000000199,51.231706000000031],[4.4142500000000382,51.231777000000079],[4.4154420000000414,51.23177400000003],[4.4166380000000345,51.231775000000027],[4.4172270000000253,51.231775000000027],[4.4181740000000218,51.231775000000027],[4.4187850000000708,51.231777000000079],[4.4193100000000527,51.231775000000027],[4.4196810000000255,51.231833000000051],[4.4198930000000587,51.231933000000026],[4.4200500000000602,51.232075000000066],[4.4200960000000578,51.232163000000071],[4.4201270000000363,51.232817000000068],[4.4201250000000414,51.23441500000007],[4.420120000000054,51.234654000000035],[4.4200700000000666,51.234896000000049],[4.4200680000000716,51.234933000000069],[4.4202470000000744,51.234935000000064],[4.4204320000000621,51.234935000000064],[4.4205780000000345,51.234935000000064],[4.420690000000036,51.234961000000055],[4.420688000000041,51.235028000000057],[4.4206910000000335,51.235125000000039],[4.4206860000000461,51.235208000000057]]},"properties":{"OBJECTID":60,"Name":"Ring 01","Descript":"","Type":"TRKPT","Shape_Length":0.036145531358065315,"Field":3.0358236719248395}},{"type":"Feature","id":61,"geometry":{"type":"LineString","coordinates":[[4.4343070000000466,51.195438000000081],[4.4339830000000688,51.195106000000067],[4.433710000000076,51.194811000000072],[4.4328420000000506,51.194047000000069],[4.4323800000000233,51.193909000000076],[4.4314500000000407,51.193488000000059],[4.4306120000000533,51.193015000000059],[4.4300120000000334,51.192733000000032],[4.4297140000000468,51.192592000000047],[4.4296570000000202,51.192564000000061],[4.4293190000000209,51.192351000000031],[4.429234000000065,51.192218000000082],[4.4281960000000709,51.191730000000064],[4.4275120000000356,51.19133800000003],[4.4271870000000604,51.191140000000075],[4.4265430000000379,51.190673000000061],[4.4259810000000357,51.190393000000029],[4.4257780000000366,51.190621000000078],[4.4257100000000378,51.190677000000051],[4.425576000000035,51.190727000000038],[4.4254570000000513,51.190732000000025],[4.4248420000000692,51.190657000000044],[4.4246760000000336,51.190657000000044],[4.4245290000000637,51.190718000000061],[4.4244690000000446,51.190723000000048],[4.4242930000000342,51.190648000000067],[4.4240350000000603,51.190528000000029],[4.4239140000000248,51.190476000000046],[4.4237830000000713,51.190585000000056],[4.4237070000000358,51.190651000000059],[4.4236300000000597,51.190716000000066],[4.4235130000000709,51.190813000000048],[4.4233260000000314,51.190781000000072],[4.4230280000000448,51.190776000000028],[4.4228670000000534,51.190752000000032],[4.4216840000000275,51.190512000000069],[4.4195210000000316,51.190069000000051],[4.4188380000000507,51.189893000000041],[4.4179170000000454,51.18957800000004],[4.4175230000000738,51.189412000000061],[4.4172590000000582,51.189262000000042],[4.4169960000000401,51.189113000000077],[4.4168300000000613,51.188993000000039],[4.4162970000000428,51.18851200000006],[4.4162970000000428,51.188388000000032],[4.4166760000000522,51.187938000000031],[4.4170460000000276,51.187668000000031],[4.4174780000000737,51.187423000000081],[4.4179230000000302,51.187295000000063],[4.4181500000000256,51.18717300000003],[4.4183180000000561,51.186925000000031],[4.4181760000000736,51.186857000000032],[4.4166740000000573,51.186368000000073],[4.4166340000000446,51.18634000000003],[4.4163720000000239,51.186158000000034],[4.4161460000000261,51.186139000000026],[4.4148550000000455,51.185888000000034],[4.4149670000000469,51.185735000000079],[4.4148880000000759,51.185711000000026],[4.4148520000000531,51.185701000000051],[4.413133000000073,51.185182000000054],[4.4122200000000475,51.184908000000064],[4.411638000000039,51.184733000000051],[4.4104120000000648,51.184366000000068],[4.4101160000000732,51.184278000000063]]},"properties":{"OBJECTID":61,"Name":"Ring 01","Descript":"","Type":"TRKPT","Shape_Length":0.03192140629429719,"Field":2.5273427452751251}},{"type":"Feature","id":62,"geometry":{"type":"LineString","coordinates":[[4.4101160000000732,51.184278000000063],[4.4101910000000544,51.184822000000054],[4.4101680000000556,51.184867000000054],[4.4100220000000263,51.184889000000055],[4.4091850000000363,51.184814000000074],[4.4087980000000471,51.184830000000034],[4.4083200000000602,51.184972000000073],[4.4077440000000365,51.185366000000045],[4.4074920000000475,51.185427000000061],[4.4072080000000255,51.185530000000028],[4.4071510000000558,51.185705000000041],[4.4069180000000756,51.186503000000073],[4.4069040000000541,51.186684000000071],[4.4069360000000302,51.186815000000081],[4.4068550000000641,51.186956000000066],[4.4066760000000613,51.187068000000068],[4.4056110000000217,51.187672000000077],[4.4055180000000291,51.187737000000027],[4.405475000000024,51.187767000000065],[4.4050500000000739,51.187750000000051],[4.4048670000000243,51.187688000000037],[4.4046760000000518,51.187502000000052],[4.4044260000000577,51.187413000000049],[4.4043110000000638,51.187569000000053],[4.4041740000000686,51.187875000000076],[4.4041510000000699,51.188280000000077],[4.4041930000000207,51.188460000000077],[4.4043090000000689,51.18868400000008],[4.40448200000003,51.188938000000064],[4.4045620000000554,51.189031000000057],[4.4047070000000303,51.189163000000065],[4.405930000000069,51.190323000000035],[4.4058280000000423,51.190364000000045],[4.4056070000000318,51.19046000000003],[4.405503000000067,51.190503000000035],[4.4047070000000303,51.190848000000074],[4.4043100000000663,51.190956000000028],[4.4035280000000512,51.191225000000031],[4.4029250000000388,51.191436000000067],[4.4021490000000654,51.191749000000073],[4.4012400000000298,51.19216300000005],[4.4004720000000361,51.192498000000057],[4.3988850000000639,51.193024000000037],[4.3974660000000654,51.193403000000046],[4.3968580000000657,51.193637000000081],[4.3964700000000221,51.193782000000056],[4.396233000000052,51.193846000000065],[4.3959460000000377,51.193984000000057],[4.3957350000000588,51.194131000000027],[4.3952940000000353,51.194291000000078],[4.3941260000000284,51.194697000000076],[4.393696000000034,51.194841000000054],[4.3931300000000419,51.194899000000078],[4.39275200000003,51.194994000000065],[4.3924440000000686,51.195123000000081],[4.392024000000049,51.195334000000059],[4.3916620000000535,51.195390000000032],[4.3912890000000289,51.195523000000037],[4.3911510000000362,51.19564500000007],[4.3905150000000503,51.195884000000035],[4.3902250000000436,51.195948000000044],[4.3896860000000402,51.195990000000052],[4.3889720000000239,51.195940000000064],[4.3885960000000637,51.195835000000045],[4.3884680000000458,51.195844000000079],[4.3879720000000475,51.195517000000052],[4.3878720000000726,51.195474000000047],[4.3878360000000498,51.195454000000041],[4.3877590000000737,51.195505000000026],[4.3875550000000203,51.195647000000065],[4.3874930000000631,51.195691000000068],[4.3871030000000246,51.195470000000057],[4.3865990000000465,51.195260000000076],[4.3859640000000581,51.195061000000067],[4.3855470000000309,51.194964000000027],[4.3849810000000389,51.194850000000031],[4.3843830000000708,51.194790000000069],[4.3843220000000542,51.194781000000035],[4.3842050000000654,51.194754000000046],[4.3836610000000746,51.194712000000038],[4.3830000000000382,51.19468500000005],[4.3829550000000381,51.194688000000042],[4.3828460000000291,51.194725000000062],[4.3826440000000275,51.194713000000036],[4.3825090000000273,51.194704000000058],[4.3823320000000763,51.194695000000081],[4.3823620000000574,51.194724000000065],[4.3824150000000373,51.19485300000008],[4.3822490000000585,51.195248000000049],[4.3820890000000645,51.195490000000063],[4.3818220000000565,51.195718000000056],[4.3814030000000344,51.195934000000079],[4.3805280000000266,51.196230000000071],[4.3788110000000415,51.19671500000004],[4.3784800000000246,51.196827000000042],[4.3779990000000453,51.19703700000008],[4.3778090000000702,51.197153000000071],[4.3776280000000725,51.19728200000003],[4.3773650000000544,51.197543000000053],[4.3771790000000692,51.197797000000037],[4.3766930000000457,51.198607000000038],[4.3765590000000429,51.198765000000037],[4.3761560000000372,51.199164000000053],[4.3757180000000631,51.199465000000032],[4.3757760000000303,51.19950300000005],[4.3758450000000266,51.199539000000073],[4.3749760000000606,51.200095000000033],[4.3746820000000639,51.200310000000059],[4.3742290000000708,51.200698000000045],[4.3738570000000436,51.201106000000038],[4.3736440000000698,51.201351000000045],[4.3733650000000353,51.20172000000008],[4.372711000000038,51.20246700000007],[4.3726920000000291,51.202616000000035]]},"properties":{"OBJECTID":62,"Name":"Ring 01","Descript":"","Type":"TRKPT","Shape_Length":0.049989849738642615,"Field":4.1040371274551397}},{"type":"Feature","id":63,"geometry":{"type":"LineString","coordinates":[[4.3726920000000291,51.202616000000035],[4.3727020000000607,51.202637000000038],[4.3730010000000448,51.202791000000047],[4.3736590000000319,51.203087000000039],[4.3739720000000375,51.203228000000081],[4.3739190000000576,51.203276000000074],[4.3738260000000651,51.203363000000081],[4.3736460000000648,51.203490000000045],[4.3732520000000363,51.203874000000042],[4.3732030000000464,51.203950000000077],[4.3691130000000271,51.207803000000069],[4.3690950000000726,51.20784100000003],[4.3687500000000341,51.208157000000028],[4.3686860000000252,51.208207000000073]]},"properties":{"OBJECTID":63,"Name":"Ring 01","Descript":"","Type":"TRKPT","Shape_Length":0.0086943020344783413,"Field":0.77937858903139745}},{"type":"Feature","id":64,"geometry":{"type":"LineString","coordinates":[[4.3686860000000252,51.208207000000073],[4.3693320000000426,51.208426000000031],[4.3694730000000277,51.20844100000005],[4.3696100000000229,51.208427000000029],[4.3697010000000205,51.208444000000043],[4.3699620000000436,51.20857600000005],[4.3701070000000755,51.208709000000056],[4.3701780000000667,51.20872600000007],[4.3701900000000364,51.208811000000026],[4.3701590000000579,51.208836000000076],[4.3701940000000263,51.208887000000061],[4.3699560000000588,51.209142000000043],[4.3679860000000303,51.211232000000052],[4.3664930000000481,51.212743000000046],[4.3659280000000535,51.212992000000042],[4.3651630000000523,51.213760000000036],[4.3639320000000339,51.214691000000073],[4.363125000000025,51.215119000000072],[4.3623690000000579,51.215422000000046],[4.3614930000000527,51.215710000000058],[4.3613980000000652,51.215800000000058],[4.3612960000000385,51.216368000000045],[4.3613000000000284,51.216548000000046],[4.361297000000036,51.216570000000047],[4.3612070000000358,51.216877000000068],[4.3610140000000683,51.218744000000072],[4.3610650000000533,51.218941000000029],[4.3614330000000336,51.21962700000006],[4.3614210000000639,51.219644000000073],[4.3613610000000449,51.219635000000039],[4.3613020000000233,51.219660000000033],[4.3612550000000283,51.219684000000029],[4.3612300000000346,51.219696000000056],[4.3612270000000422,51.219768000000045],[4.3612250000000472,51.219813000000045],[4.3612240000000497,51.219879000000049],[4.3612240000000497,51.22007300000007],[4.3612220000000548,51.220302000000061],[4.3612230000000523,51.220402000000036],[4.3612250000000472,51.220473000000027],[4.361077000000023,51.220471000000032],[4.3610810000000697,51.220567000000074],[4.3610800000000722,51.220710000000054],[4.3609510000000569,51.220710000000054],[4.3609590000000367,51.220793000000072],[4.3609010000000694,51.220883000000072],[4.3609380000000328,51.220993000000078],[4.3608530000000201,51.221362000000056],[4.3608420000000478,51.221697000000063],[4.3605800000000272,51.221828000000073],[4.3602820000000406,51.221921000000066],[4.3598320000000399,51.221951000000047],[4.3595490000000723,51.221943000000067],[4.3593370000000391,51.221993000000055],[4.3592770000000201,51.22202800000008],[4.3592330000000743,51.222070000000031],[4.3592220000000452,51.222140000000081],[4.359403000000043,51.222466000000054],[4.359403000000043,51.222541000000035],[4.3593340000000467,51.222708000000068],[4.3591770000000452,51.222840000000076],[4.3590760000000728,51.222924000000035],[4.3589510000000473,51.223220000000026],[4.3588540000000648,51.223330000000033],[4.3587380000000735,51.223386000000062],[4.3586160000000405,51.223412000000053],[4.3580930000000535,51.223439000000042],[4.3579200000000355,51.223507000000041],[4.3578860000000645,51.223556000000031],[4.3579090000000633,51.223613000000057],[4.357983000000047,51.22366100000005],[4.3580970000000434,51.223669000000029],[4.3584500000000617,51.223568000000057],[4.3587750000000369,51.22351100000003],[4.3589450000000625,51.223528000000044],[4.3591090000000463,51.223574000000042],[4.3592200000000503,51.223641000000043],[4.359401000000048,51.223940000000027],[4.3595700000000761,51.224024000000043],[4.3597630000000436,51.224065000000053],[4.3599270000000274,51.224136000000044],[4.3603160000000685,51.224559000000056],[4.3604380000000447,51.22461700000008],[4.3606400000000463,51.224641000000076],[4.3606400000000463,51.224694000000056],[4.3606600000000526,51.224811000000045],[4.3607480000000578,51.225055000000054],[4.3607530000000452,51.225640000000055],[4.3608310000000756,51.225799000000052],[4.3608490000000302,51.225899000000027],[4.3609090000000492,51.226005000000043],[4.3609480000000644,51.227325000000064],[4.3609620000000291,51.227426000000037],[4.3629770000000576,51.227405000000033],[4.3630060000000412,51.227604000000042],[4.362995000000069,51.227793000000077],[4.3630380000000741,51.228729000000044],[4.3634210000000735,51.228722000000062],[4.3633250000000317,51.228870000000029],[4.3633300000000759,51.229031000000077],[4.3634530000000495,51.229273000000035],[4.3634800000000382,51.229407000000037],[4.3634960000000547,51.229491000000053],[4.3635270000000332,51.229514000000052],[4.3635770000000207,51.229552000000069],[4.3637050000000386,51.229565000000036],[4.363770000000045,51.229653000000042],[4.3639980000000378,51.229758000000061],[4.3639870000000656,51.23031700000007],[4.3640410000000429,51.230728000000056],[4.3640400000000454,51.231091000000049],[4.3641550000000393,51.231391000000031],[4.3671380000000681,51.231334000000061],[4.3711700000000633,51.231273000000044],[4.3712390000000596,51.232863000000066],[4.3712710000000357,51.23307600000004],[4.3714220000000523,51.233223000000066],[4.3716430000000628,51.233263000000079],[4.3718100000000391,51.233294000000058],[4.3722740000000613,51.233325000000036],[4.372602000000029,51.233385000000055],[4.372993000000065,51.233498000000054],[4.3735570000000621,51.233708000000036],[4.3738790000000449,51.233674000000065],[4.3742430000000354,51.233667000000025],[4.3745510000000536,51.233692000000076],[4.3747440000000211,51.233831000000066],[4.3745900000000688,51.234063000000049],[4.3745640000000208,51.234161000000029],[4.3746050000000309,51.234445000000051],[4.3745820000000322,51.234368000000075],[4.3746050000000309,51.234445000000051],[4.3745430000000738,51.234401000000048],[4.3746050000000309,51.234445000000051],[4.3748810000000731,51.234708000000069],[4.3754170000000272,51.235117000000059],[4.3759530000000382,51.235525000000052],[4.3766240000000494,51.235511000000031],[4.3766750000000343,51.235505000000046],[4.3767420000000357,51.235484000000042],[4.3767980000000648,51.23551400000008],[4.3768510000000447,51.235532000000035],[4.3771580000000654,51.235535000000027],[4.3811510000000453,51.235496000000069],[4.3812310000000707,51.235610000000065],[4.381255000000067,51.235768000000064],[4.3821480000000292,51.235719000000074],[4.3828820000000519,51.235671000000082],[4.3837190000000419,51.235685000000046],[4.383967000000041,51.235646000000031],[4.3844750000000658,51.23564900000008],[4.3847530000000461,51.235790000000065],[4.3849880000000212,51.235816000000057],[4.3849020000000678,51.236047000000042],[4.3850590000000693,51.236003000000039],[4.3851250000000732,51.236035000000072],[4.385291000000052,51.236023000000046],[4.3855070000000751,51.236153000000058],[4.3860310000000595,51.236384000000044],[4.386457000000064,51.23635900000005],[4.3867990000000532,51.236362000000042],[4.3871520000000714,51.236374000000069],[4.387593000000038,51.236329000000069],[4.3879960000000438,51.236209000000031],[4.3884350000000723,51.235996000000057],[4.3892100000000482,51.235949000000062],[4.3922940000000494,51.235401000000081],[4.393459000000064,51.235141000000056],[4.3946500000000697,51.23487700000004],[4.3949160000000234,51.234784000000047],[4.3950760000000741,51.234666000000061],[4.3948790000000599,51.234602000000052],[4.3947630000000686,51.234598000000062],[4.3947580000000244,51.234617000000071],[4.3945230000000493,51.234674000000041],[4.394533000000024,51.234573000000069],[4.3945650000000569,51.234262000000058],[4.3945690000000468,51.234246000000041],[4.3946650000000318,51.233507000000031],[4.3946640000000343,51.233507000000031],[4.3946290000000658,51.233434000000045],[4.3945780000000241,51.233406000000059],[4.392338000000052,51.233422000000076],[4.3922660000000633,51.233423000000073],[4.3911920000000464,51.233443000000079],[4.3911320000000273,51.233438000000035],[4.3910320000000524,51.233417000000031],[4.3913860000000682,51.233038000000079],[4.3916800000000649,51.232552000000055],[4.39181700000006,51.232238000000052],[4.3918890000000488,51.231965000000059],[4.3918930000000387,51.23154500000004],[4.3918910000000437,51.231480000000033],[4.3918880000000513,51.231412000000034],[4.3918500000000336,51.230431000000067],[4.3918470000000411,51.230368000000055],[4.3918450000000462,51.230291000000079],[4.3918100000000209,51.22921000000008],[4.3917840000000297,51.228558000000078],[4.3917510000000561,51.227782000000047],[4.3917390000000296,51.227410000000077],[4.3917030000000636,51.227300000000071],[4.3916510000000244,51.227208000000076],[4.3914710000000241,51.226941000000068],[4.3900730000000294,51.224802000000068],[4.3901700000000687,51.224777000000074],[4.3909280000000308,51.22458400000005],[4.3911770000000274,51.224523000000033],[4.3910990000000538,51.224544000000037],[4.3913190000000668,51.224488000000065],[4.3911770000000274,51.224524000000031],[4.3912200000000325,51.224579000000062],[4.39122100000003,51.224581000000057],[4.391345000000058,51.224553000000071],[4.3913820000000214,51.224550000000079],[4.3914520000000721,51.224568000000033],[4.391501000000062,51.224606000000051],[4.3919870000000287,51.224377000000061],[4.391501000000062,51.224606000000051],[4.3919870000000287,51.224377000000061],[4.3919080000000577,51.224660000000029],[4.3926650000000222,51.224488000000065],[4.3926330000000462,51.224432000000036],[4.3958620000000224,51.222607000000039]]},"properties":{"OBJECTID":64,"Name":"Ring 01","Descript":"","Type":"TRKPT","Shape_Length":0.095241924777850012,"Field":8.1777177680151905}},{"type":"Feature","id":65,"geometry":{"type":"LineString","coordinates":[[4.4206860000000461,51.235208000000057],[4.4236650000000282,51.23519200000004],[4.4237220000000548,51.235191000000043],[4.4238710000000765,51.235191000000043],[4.4240700000000288,51.235191000000043],[4.4279360000000452,51.235186000000056],[4.4283400000000483,51.235186000000056],[4.428916000000072,51.235101000000043],[4.4291920000000573,51.235029000000054],[4.4297390000000405,51.234837000000027],[4.4300350000000321,51.234687000000065],[4.4304490000000669,51.234414000000072],[4.4315950000000726,51.233566000000053],[4.4328070000000253,51.232669000000044],[4.433522000000039,51.232139000000075],[4.4344170000000531,51.231482000000028],[4.4348280000000386,51.231241000000068],[4.4351170000000479,51.23107200000004],[4.4351340000000619,51.231062000000065],[4.4361830000000282,51.230451000000073],[4.437178000000074,51.22987100000006],[4.4380370000000653,51.229360000000042],[4.4392380000000458,51.228644000000031],[4.4392960000000699,51.228611000000058],[4.4401090000000636,51.228141000000051],[4.4401670000000308,51.228131000000076],[4.4402270000000499,51.228158000000064],[4.4403140000000576,51.228103000000033],[4.4405000000000427,51.227982000000054],[4.4406070000000568,51.22791200000006],[4.4406940000000645,51.227937000000054],[4.4407640000000583,51.227938000000051],[4.4407770000000255,51.227811000000031],[4.4408680000000231,51.227682000000073],[4.4430400000000532,51.225986000000034],[4.4436500000000478,51.225621000000046],[4.444575000000043,51.225121000000058],[4.4455950000000257,51.22457200000008],[4.4456670000000713,51.224528000000078],[4.4463230000000635,51.224069000000043],[4.4469060000000695,51.223602000000028],[4.4487830000000486,51.222124000000065],[4.4490670000000705,51.221898000000067],[4.4493980000000306,51.221509000000026],[4.4495090000000346,51.221322000000043],[4.4496110000000613,51.22105700000003],[4.449636000000055,51.220553000000052],[4.4496220000000335,51.220485000000053],[4.449463000000037,51.220114000000081],[4.4493480000000432,51.219926000000044],[4.448122000000069,51.218356000000028],[4.4481270000000563,51.218273000000067],[4.4481990000000451,51.218213000000048],[4.4481020000000626,51.218158000000074],[4.447838000000047,51.218036000000041],[4.4476150000000416,51.217909000000077],[4.4474960000000578,51.217759000000058],[4.4474980000000528,51.21761900000007]]},"properties":{"OBJECTID":65,"Name":"Ring 01","Descript":"","Type":"TRKPT","Shape_Length":0.037916277786380258,"Field":3.1643449964503207}},{"type":"Feature","id":66,"geometry":{"type":"LineString","coordinates":[[4.4474980000000528,51.21761900000007],[4.4476740000000632,51.217126000000064],[4.4476490000000695,51.217035000000067],[4.4475060000000326,51.216837000000055],[4.4474040000000628,51.21661800000004],[4.4473610000000576,51.216420000000028],[4.4473540000000753,51.216121000000044],[4.4473520000000235,51.216069000000061],[4.44731900000005,51.21572400000008],[4.4472480000000587,51.214915000000076],[4.4471970000000738,51.214815000000044],[4.447112000000061,51.214762000000064],[4.446734000000049,51.214628000000062],[4.4466640000000552,51.214517000000058],[4.4466340000000741,51.214416000000028],[4.4463790000000358,51.213658000000066],[4.4463950000000523,51.21360500000003],[4.446420000000046,51.213580000000036],[4.4469330000000582,51.213316000000077],[4.447962000000075,51.212865000000079],[4.4480290000000764,51.212836000000038],[4.4482890000000452,51.212906000000032],[4.4483480000000668,51.212947000000042],[4.4484160000000657,51.213073000000065],[4.4485870000000318,51.213187000000062],[4.4485700000000747,51.213316000000077],[4.4484110000000214,51.213359000000025],[4.4482310000000211,51.213331000000039],[4.4478790000000572,51.212946000000045],[4.4475900000000479,51.212616000000025],[4.447522000000049,51.212544000000037],[4.4474650000000224,51.21247500000004],[4.4469240000000241,51.211242000000027],[4.4460390000000416,51.210248000000036],[4.4456400000000258,51.209758000000079],[4.445329000000072,51.20946900000007],[4.4451700000000756,51.209191000000033],[4.4448510000000283,51.208899000000031],[4.4447940000000585,51.208813000000077],[4.4447690000000648,51.20868500000006],[4.4448160000000598,51.208501000000069],[4.4448580000000675,51.20844100000005],[4.4449070000000575,51.208309000000042],[4.4449350000000436,51.208226000000082],[4.4450190000000589,51.207468000000063],[4.4450300000000311,51.20700000000005],[4.4449100000000499,51.206890000000044],[4.444831000000022,51.20662800000008],[4.4446470000000318,51.206318000000067],[4.4446750000000748,51.206182000000069],[4.4444370000000504,51.205948000000035],[4.4440180000000282,51.205644000000063],[4.4436100000000351,51.205544000000032],[4.4421280000000252,51.205182000000036],[4.441594000000066,51.205005000000028],[4.4412130000000616,51.204739000000075],[4.4404250000000616,51.20394200000004],[4.4399580000000469,51.203416000000061],[4.4398930000000405,51.203307000000052],[4.4398530000000278,51.203140000000076],[4.4400000000000546,51.203140000000076],[4.4400000000000546,51.203085000000044],[4.4399990000000571,51.203024000000028],[4.4399990000000571,51.202965000000063],[4.4401550000000611,51.202964000000065],[4.4400960000000396,51.202812000000051],[4.4397310000000516,51.202503000000036],[4.4396240000000375,51.202419000000077],[4.4386740000000486,51.201670000000036],[4.4385290000000737,51.201581000000033],[4.4383240000000228,51.201604000000032],[4.4381820000000403,51.201566000000071],[4.4375220000000581,51.200832000000048],[4.4372870000000262,51.200400000000059],[4.4370120000000384,51.199588000000062],[4.4370480000000612,51.199529000000041],[4.4372010000000728,51.199432000000058],[4.4368050000000494,51.198849000000052],[4.436217000000056,51.197871000000077],[4.4355630000000588,51.197071000000051],[4.4351753230000668,51.196521790000077],[4.4351550000000657,51.196493000000032],[4.4344100000000708,51.195647000000065],[4.4343070000000466,51.195438000000081]]},"properties":{"OBJECTID":66,"Name":"Ring 01","Descript":"","Type":"TRKPT","Shape_Length":0.032493000790934173,"Field":3.084513128409895}}]}